◇ injected env (0) from .env // tip: ⌘ suppress logs { quiet: true }
[Fraud Scheduler] Started, auto-scan daily
[Production] Serving frontend from: /opt/whatsapp-crm-staging/frontend/dist (dist exists: true)
[DB] Database connected, tables exist
[Seed] Database not ready, running db push...
Environment variables loaded from .env
Prisma schema loaded from prisma/schema.prisma
Datasource "db": PostgreSQL database "crm_staging", schema "public" at "localhost:5432"

The database is already in sync with the Prisma schema.

Running generate... (Use --skip-generate to skip the generators)
[2K[1A[2K[GRunning generate... - Prisma Client
[2K[1A[2K[G✔ Generated Prisma Client (v6.8.2) to ./node_modules/@prisma/client in 458ms

[Server] Sessions dir: /opt/whatsapp-crm-staging/backend/sessions
[WA Sync] contact sync scheduler started (interval 5min)
[Production] Server running on port 3003
[Server] Build version: evolution-api-v1 | Mode: Evolution REST API
[2026-09-20T00:40:16.400Z] [production] [INFO] [Server] listening on port 3003, env=production
[33m[2026-09-20T00:40:16.410] [INFO] - [Running gramJS version 2.26.21][0m
[Evolution Connector] API=http://127.0.0.1:8081 instance=wa_whatsapp1_mtc3zz7c
[Startup] Webhook reset disabled (ENABLE_WEBHOOK_RESET != true), skip WA instance webhook reset
[33m[2026-09-20T00:40:16.432] [INFO] - [Connecting to 149.154.175.53:80/TCPFull...][0m
[Reminder Scheduler] Starting...
[Reminder Scheduler] Started, checking every 30s
[Backfill] start in 30s, every 60s (lookback 180s)
[Automation Scheduler] Starting...
[Automation Scheduler] Started, checking every 30 minutes
[wa-avatar] Loaded WA instances from DB: wa_whatsapp1_mtc3zz7c, wa_whatsapp2_mtyiwrio, wa_whatsapp1_mtld53is
[Evolution Connector] state=open
[33m[2026-09-20T00:40:16.656] [INFO] - [Connection to 149.154.175.53:80/TCPFull complete!][0m
[33m[2026-09-20T00:40:16.657] [INFO] - [Using LAYER 198 for initial connect][0m
[TG-UB] Auto-connected as: Jeremy8559
[TG-UB] Registering update handler...
[TG-UB] Update handlers registered. Client connected: true
[TG-UB] GetState success, pts=3067 qts=0
[TG-UB] Starting message polling (every 120s)...
[TG-UB] Auto-connected: Jeremy8559
[TG-UB] Initialized 60 known msg IDs, pollStartTime=1789864787
[Socket] User 1 connected (socket: GyUerHOGySvNM_AAAAAB)
[Backfill] Loaded instances from DB: wa_whatsapp1_mtc3zz7c, wa_whatsapp1_mtld53is, wa_whatsapp2_mtyiwrio
[Backfill] Session map: {"wa_whatsapp1_mtc3zz7c":"user_9","wa_whatsapp1_mtld53is":"user_15","wa_whatsapp2_mtyiwrio":"user_17"}
[Backfill] Owner JIDs: {"wa_whatsapp1_mtc3zz7c":"8613016242602@s.whatsapp.net","wa_whatsapp1_mtld53is":"8613016242602@s.whatsapp.net","wa_whatsapp2_mtyiwrio":"8613016242602@s.whatsapp.net"}
[Socket] User 1 connected (socket: rK6CrwODl-irTLgyAAAD)
[WA Sync] wa_whatsapp1_mtc3zz7c synced 8 contacts
[Socket] User 1 connected (socket: PNzrKewi_wEFhpE6AAAF)
[Evolution Webhook] connection state: connecting
[Socket] User 1 disconnected (socket: PNzrKewi_wEFhpE6AAAF, reason: transport close)
[Socket] User 1 disconnected (socket: rK6CrwODl-irTLgyAAAD, reason: transport close)
[TG-UB] Raw update #6: VirtualClass
[Automation Scheduler] Running check at 2026-09-20T00:41:16.441Z
[TG-UB] Raw update #9: VirtualClass
[TG-UB] Raw update #13: VirtualClass
[TG-UB] Raw update #14: VirtualClass
[TG-UB] Raw update #27: VirtualClass
[Evolution Webhook] connection state: connecting
[TG-UB] Raw update #32: VirtualClass
[TG-UB] Raw update #33: VirtualClass
[TG-UB] Raw update #34: VirtualClass
[TG-UB] Raw update #35: VirtualClass
[TG-UB] Raw update #38: VirtualClass
[TG-UB] Raw update #39: VirtualClass
[Fraud] scan done: clusters=0, penalized=0
[TG-UB] Raw update #45: VirtualClass
[TG-UB] Poll found OUTGOING message to 6451398844 text: 下午一般有时间
[TG-UB] Incoming message: 6451398844 下午一般有时间
[TG-UB] Poll found OUTGOING message to 6451398844 text: 晚上要睡觉不熬夜
[TG-UB] Incoming message: 6451398844 晚上要睡觉不熬夜
[33m[2026-09-20T00:46:20.178] [INFO] - [Starting direct file download in chunks of 65536 at 0, stride 65536][0m
[33m[2026-09-20T00:46:20.390] [INFO] - [Starting direct file download in chunks of 65536 at 0, stride 65536][0m
[33m[2026-09-20T00:46:20.601] [INFO] - [Connecting to 91.108.56.183:443/TCPFull...][0m
[33m[2026-09-20T00:46:22.118] [INFO] - [Connection to 91.108.56.183:443/TCPFull complete!][0m
[33m[2026-09-20T00:46:22.118] [INFO] - [Exporting authorization for data center 91.108.56.183 with layer 198][0m
[TG-UB] Raw update #51: VirtualClass
[TG-UB] Raw update #55: VirtualClass
[35m[2026-09-20T00:46:52.858] [WARN] - [Disconnecting...][0m
[33m[2026-09-20T00:46:52.858] [INFO] - [Disconnecting from 91.108.56.183:443/TCPFull...][0m
[33m[2026-09-20T00:46:52.859] [INFO] - [connection closed][0m
[TG-UB] Raw update #58: VirtualClass
[Evolution Webhook] connection state: connecting
[TG-UB] Raw update #75: VirtualClass
[TG-UB] Raw update #77: VirtualClass
[TG-UB] Raw update #82: VirtualClass
[TG-UB] Raw update #85: VirtualClass
[TG-UB] Raw update #86: VirtualClass
[Evolution Webhook] connection state: connecting
[TG-UB] Raw update #93: VirtualClass
[Evolution Webhook] connection state: connecting
[TG-UB] NewMessage from -1003821755044 text: Pm pls and thx
[TG-UB] Incoming message: -1003821755044 Pm pls and thx
[TG-UB] Incoming message: -1003821755044 Pm pls and thx
[TG-UB] Skip duplicate onMessage: -1003821755044_20240_in
[33m[2026-09-20T00:54:44.709] [INFO] - [Starting direct file download in chunks of 65536 at 0, stride 65536][0m
[33m[2026-09-20T00:54:44.710] [INFO] - [Connecting to 149.154.175.56:443/TCPFull...][0m
[33m[2026-09-20T00:54:44.907] [INFO] - [Connection to 149.154.175.56:443/TCPFull complete!][0m
[AI Client] picked model deepseek-flash probe failed: , probing fallbacks...
[TG-UB Translate] en->zh: "Pm pls and thx" => "请私信，谢谢"
[TG-UB] Emitting translation events, io.connected: 1
[35m[2026-09-20T00:55:14.909] [WARN] - [Disconnecting...][0m
[33m[2026-09-20T00:55:14.909] [INFO] - [Disconnecting from 149.154.175.56:443/TCPFull...][0m
[33m[2026-09-20T00:55:14.909] [INFO] - [connection closed][0m
[TG-UB] Poll found message from -1003821755044 text: Pm pls and thx
[TG-UB] Incoming message: -1003821755044 Pm pls and thx
[TG-UB] Skip duplicate onMessage: -1003821755044_20240_in
[Evolution Webhook] connection state: connecting
[Evolution Webhook] connection state: connecting
[Evolution Webhook] connection state: refused
[Socket] User 1 connected (socket: 24VQVMZqk8gA2scoAAAH)
[Socket] User 1 connected (socket: Ba1wB96GM7jZsi5qAAAJ)
[WA Sync] wa_whatsapp1_mtc3zz7c synced 8 contacts
[Socket] User 1 disconnected (socket: 24VQVMZqk8gA2scoAAAH, reason: transport close)
[Socket] User 1 disconnected (socket: Ba1wB96GM7jZsi5qAAAJ, reason: transport close)
[Socket] User 1 connected (socket: PanctkivrbShyPqWAAAL)
[Socket] User 1 connected (socket: 7TwXPrWAEJJH5isZAAAN)
[Socket] User 1 disconnected (socket: PanctkivrbShyPqWAAAL, reason: transport close)
[Socket] User 1 disconnected (socket: 7TwXPrWAEJJH5isZAAAN, reason: transport close)
[Socket] User 1 connected (socket: UE3p0FqKUk757lYjAAAP)
[Socket] User 1 connected (socket: U2uXZp_9k5rfqmzhAAAR)
[WA Sync] wa_whatsapp1_mtc3zz7c synced 8 contacts
[Socket] User 1 disconnected (socket: UE3p0FqKUk757lYjAAAP, reason: transport close)
[Socket] User 1 disconnected (socket: U2uXZp_9k5rfqmzhAAAR, reason: transport close)
[Socket] User 1 connected (socket: 09CACfTXCDhaiBjWAAAT)
[Socket] User 1 connected (socket: byiv_zVKqmZE5vC6AAAV)
[Socket] User 1 disconnected (socket: byiv_zVKqmZE5vC6AAAV, reason: transport close)
[Socket] User 1 disconnected (socket: 09CACfTXCDhaiBjWAAAT, reason: transport close)
[Socket] User 1 connected (socket: zPVfd7VY6vGSgp5UAAAX)
[WA Sync] wa_whatsapp1_mtc3zz7c synced 8 contacts
[Socket] User 1 connected (socket: 5ahirJypacW0Sc4hAAAZ)
[Socket] User 1 disconnected (socket: 5ahirJypacW0Sc4hAAAZ, reason: transport close)
[Socket] User 1 disconnected (socket: zPVfd7VY6vGSgp5UAAAX, reason: transport close)
[Socket] User 1 connected (socket: Nvuoa6WPepwJ6yJeAAAb)
[Socket] User 1 connected (socket: -hZUXBGm1NppQ_5FAAAd)
[Socket] User 1 disconnected (socket: -hZUXBGm1NppQ_5FAAAd, reason: transport close)
[Socket] User 1 disconnected (socket: Nvuoa6WPepwJ6yJeAAAb, reason: transport close)
[WA Sync] wa_whatsapp1_mtc3zz7c synced 8 contacts
[Socket] User 1 connected (socket: FmVDKPsQStCPKCRsAAAf)
[Socket] User 1 connected (socket: SKhOZM71dFAWa9LhAAAh)
[Socket] User 1 disconnected (socket: FmVDKPsQStCPKCRsAAAf, reason: transport close)
[Socket] User 1 disconnected (socket: SKhOZM71dFAWa9LhAAAh, reason: transport close)
[Socket] User 1 connected (socket: 0iAHMyarj-_QpEPeAAAj)
[Socket] User 1 connected (socket: xxTqBeG42IhDL5BhAAAl)
[WA Sync] wa_whatsapp1_mtc3zz7c synced 8 contacts
[Socket] User 1 disconnected (socket: 0iAHMyarj-_QpEPeAAAj, reason: transport close)
[Socket] User 1 disconnected (socket: xxTqBeG42IhDL5BhAAAl, reason: transport close)
[Automation Scheduler] Running check at 2026-09-20T01:10:16.441Z
[TG-UB] NewMessage from -1003821755044 text: 求pm
[TG-UB] Incoming message: -1003821755044 求pm
[TG-UB] Incoming message: -1003821755044 求pm
[TG-UB] Skip duplicate onMessage: -1003821755044_20241_in
[33m[2026-09-20T01:13:50.419] [INFO] - [Starting direct file download in chunks of 65536 at 0, stride 65536][0m
[33m[2026-09-20T01:13:50.419] [INFO] - [Connecting to 149.154.175.56:443/TCPFull...][0m
[33m[2026-09-20T01:13:50.607] [INFO] - [Connection to 149.154.175.56:443/TCPFull complete!][0m
[TG-UB] Poll found message from -1003821755044 text: 求pm
[TG-UB] Incoming message: -1003821755044 求pm
[TG-UB] Skip duplicate onMessage: -1003821755044_20241_in
[35m[2026-09-20T01:14:20.608] [WARN] - [Disconnecting...][0m
[33m[2026-09-20T01:14:20.608] [INFO] - [Disconnecting from 149.154.175.56:443/TCPFull...][0m
[33m[2026-09-20T01:14:20.609] [INFO] - [connection closed][0m
[TG] Backfilled 0 new messages (total history: 1) for 8880130885@telegram
[TG] Backfilled 0 new messages (total history: 1) for 1425007136@telegram
[TG] Backfilled 0 new messages (total history: 11) for 7325442846@telegram
[BatchRetranslate] Processed 6 messages, translated 0 for 7325442846@telegram
[TG] Backfilled 0 new messages (total history: 5) for 1168746716@telegram
RPCError: 400: CHANNEL_INVALID (caused by channels.GetChannels)
    at RPCMessageToError (/opt/whatsapp-crm-staging/backend/node_modules/telegram/errors/index.js:28:12)
    at MTProtoSender._handleRPCResult (/opt/whatsapp-crm-staging/backend/node_modules/telegram/network/MTProtoSender.js:561:58)
    at MTProtoSender._processMessage (/opt/whatsapp-crm-staging/backend/node_modules/telegram/network/MTProtoSender.js:492:15)
    at process.processTicksAndRejections (node:internal/process/task_queues:103:5)
    at async MTProtoSender._recvLoop (/opt/whatsapp-crm-staging/backend/node_modules/telegram/network/MTProtoSender.js:439:17) {
  code: 400,
  errorMessage: 'CHANNEL_INVALID'
}
[TG] History fallback error (async): Could not find the input entity for {"channelId":"1714667923","className":"PeerChannel"}.
         Please read https://docs.telethon.dev/en/stable/concepts/entities.html to find out more details.
[AI Client] DeepSeek V4 Pro reasoning-only empty content (finish=length), retry with max_tokens=4096
[AI Client] DeepSeek V4 Pro reasoning-only empty content (finish=length), retry with max_tokens=4096
[BatchRetranslate] Processed 20 messages, translated 2 for -1001714667923@telegram
[33m[2026-09-20T01:25:25.487] [INFO] - [Starting direct file download in chunks of 131072 at 0, stride 131072][0m
[33m[2026-09-20T01:25:25.487] [INFO] - [Connecting to 91.108.56.183:443/TCPFull...][0m
[33m[2026-09-20T01:25:25.554] [INFO] - [Connection to 91.108.56.183:443/TCPFull complete!][0m
[BatchRetranslate] Processed 4 messages, translated 0 for -1003821755044@telegram
[33m[2026-09-20T01:25:26.466] [INFO] - [Starting direct file download in chunks of 262144 at 0, stride 262144][0m
[33m[2026-09-20T01:25:26.466] [INFO] - [Connecting to 149.154.175.56:443/TCPFull...][0m
[33m[2026-09-20T01:25:26.691] [INFO] - [Connection to 149.154.175.56:443/TCPFull complete!][0m
[33m[2026-09-20T01:25:26.926] [INFO] - [File lives in another DC][0m
[TG] Backfilled 0 new messages (total history: 47) for 3821755044@telegram
[BatchRetranslate] Processed 19 messages, translated 0 for 3821755044@telegram
[TG] History fallback error (async): Could not find the input entity for {"userId":"1714667923","className":"PeerUser"}.
         Please read https://docs.telethon.dev/en/stable/concepts/entities.html to find out more details.
[AI Client] DeepSeek V4 Pro reasoning-only empty content (finish=length), retry with max_tokens=4096
[BatchRetranslate] Processed 20 messages, translated 1 for 1714667923@telegram
[35m[2026-09-20T01:25:56.699] [WARN] - [Disconnecting...][0m
[33m[2026-09-20T01:25:56.699] [INFO] - [Disconnecting from 149.154.175.56:443/TCPFull...][0m
[33m[2026-09-20T01:25:56.699] [INFO] - [connection closed][0m
[33m[2026-09-20T01:27:57.125] [INFO] - [Starting direct file download in chunks of 262144 at 0, stride 262144][0m
[33m[2026-09-20T01:27:57.126] [INFO] - [Connecting to 149.154.175.56:443/TCPFull...][0m
[33m[2026-09-20T01:27:57.335] [INFO] - [Connection to 149.154.175.56:443/TCPFull complete!][0m
[33m[2026-09-20T01:27:57.556] [INFO] - [File lives in another DC][0m
[35m[2026-09-20T01:28:27.336] [WARN] - [Disconnecting...][0m
[33m[2026-09-20T01:28:27.336] [INFO] - [Disconnecting from 149.154.175.56:443/TCPFull...][0m
[33m[2026-09-20T01:28:27.336] [INFO] - [connection closed][0m
RPCError: 400: CHANNEL_INVALID (caused by channels.GetChannels)
    at RPCMessageToError (/opt/whatsapp-crm-staging/backend/node_modules/telegram/errors/index.js:28:12)
    at MTProtoSender._handleRPCResult (/opt/whatsapp-crm-staging/backend/node_modules/telegram/network/MTProtoSender.js:561:58)
    at MTProtoSender._processMessage (/opt/whatsapp-crm-staging/backend/node_modules/telegram/network/MTProtoSender.js:492:15)
    at process.processTicksAndRejections (node:internal/process/task_queues:103:5)
    at async MTProtoSender._recvLoop (/opt/whatsapp-crm-staging/backend/node_modules/telegram/network/MTProtoSender.js:439:17) {
  code: 400,
  errorMessage: 'CHANNEL_INVALID'
}
[TG] History fallback error (async): Could not find the input entity for {"channelId":"2964913883","className":"PeerChannel"}.
         Please read https://docs.telethon.dev/en/stable/concepts/entities.html to find out more details.
[TG] Backfilled 0 new messages (total history: 5) for 1168746716@telegram
[TG] Backfilled 0 new messages (total history: 11) for 7325442846@telegram
[BatchRetranslate] Processed 6 messages, translated 0 for 7325442846@telegram
[Socket] User 1 disconnected (socket: GyUerHOGySvNM_AAAAAB, reason: transport close)
[Socket] User 1 connected (socket: JOrTfBNsx1H4wvBqAAAo)
[Socket] User 1 connected (socket: JIlwa0SsXTT_vW2OAAAp)
[WA Sync] wa_whatsapp1_mtc3zz7c synced 8 contacts
[33m[2026-09-20T01:30:42.469] [INFO] - [Starting direct file download in chunks of 262144 at 0, stride 262144][0m
[33m[2026-09-20T01:30:42.469] [INFO] - [Connecting to 149.154.175.56:443/TCPFull...][0m
[33m[2026-09-20T01:30:42.667] [INFO] - [Connection to 149.154.175.56:443/TCPFull complete!][0m
[33m[2026-09-20T01:30:42.874] [INFO] - [File lives in another DC][0m
[TG] Backfilled 0 new messages (total history: 11) for 7325442846@telegram
[BatchRetranslate] Processed 6 messages, translated 0 for 7325442846@telegram
[WA Send] resolve default account failed: 
Invalid `prisma.whatsAppAccount.findFirst()` invocation:

{
  where: {
    userId: 1,
    platform: "whatsapp",
    instanceName: {
      not: null
    }
  },
  orderBy: {
    updatedAt: "desc",
    ~~~~~~~~~
?   id?: SortOrder,
?   userId?: SortOrder,
?   platform?: SortOrder,
?   phone?: SortOrder | SortOrderInput,
?   name?: SortOrder | SortOrderInput,
?   pushName?: SortOrder | SortOrderInput,
?   status?: SortOrder,
?   sessionDir?: SortOrder | SortOrderInput,
?   avatarUrl?: SortOrder | SortOrderInput,
?   telegramBotToken?: SortOrder | SortOrderInput,
?   telegramBotUsername?: SortOrder | SortOrderInput,
?   telegramBotInfo?: SortOrder | SortOrderInput,
?   telegramProxyProtocol?: SortOrder | SortOrderInput,
?   telegramProxyHost?: SortOrder | SortOrderInput,
?   telegramProxyPort?: SortOrder | SortOrderInput,
?   telegramProxyUser?: SortOrder | SortOrderInput,
?   telegramProxyPass?: SortOrder | SortOrderInput,
?   createdAt?: SortOrder,
?   lastActiveAt?: SortOrder | SortOrderInput,
?   instanceName?: SortOrder | SortOrderInput,
?   contacts?: ContactOrderByRelationAggregateInput,
?   conversations?: ConversationOrderByRelationAggregateInput,
?   messages?: MessageOrderByRelationAggregateInput,
?   user?: UserOrderByWithRelationInput
  },
  select: {
    id: true,
    instanceName: true
  }
}

Unknown argument `updatedAt`. Did you mean `createdAt`? Available options are marked with ?.
[TG-UB] NewMessage from 7325442846 text: Good morning
[TG-UB] Incoming message: 7325442846 Good morning
[TG-UB] UpdateShortMessage from 7325442846 text: Good morning
[TG-UB] Incoming message: 7325442846 Good morning
[TG-UB] Skip duplicate onMessage: 7325442846_1132_in
[33m[2026-09-20T01:31:09.235] [INFO] - [Starting direct file download in chunks of 65536 at 0, stride 65536][0m
[TG-UB Translate] en->zh: "Good morning" => "早上好"
[TG-UB] Emitting translation events, io.connected: 2
[35m[2026-09-20T01:31:12.667] [WARN] - [Disconnecting...][0m
[33m[2026-09-20T01:31:12.667] [INFO] - [Disconnecting from 149.154.175.56:443/TCPFull...][0m
[33m[2026-09-20T01:31:12.668] [INFO] - [connection closed][0m
[TG-UB] Poll found message from 7325442846 text: Good morning
[TG-UB] Incoming message: 7325442846 Good morning
[TG-UB] Skip duplicate onMessage: 7325442846_1132_in
[TG-UB] Poll found OUTGOING message to 7325442846 text: Hello
[TG-UB] Incoming message: 7325442846 Hello
[33m[2026-09-20T01:32:20.586] [INFO] - [Starting direct file download in chunks of 65536 at 0, stride 65536][0m
[TG-UB Translate] en->zh: "Hello" => "你好"
[TG-UB] Emitting translation events, io.connected: 2
[TG] Backfilled 0 new messages (total history: 47) for -1003821755044@telegram
[35m[2026-09-20T01:34:16.237] [WARN] - [Disconnecting...][0m
[33m[2026-09-20T01:34:16.237] [INFO] - [Disconnecting from 91.108.56.183:443/TCPFull...][0m
[33m[2026-09-20T01:34:16.238] [INFO] - [connection closed][0m
[TG-UB] NewMessage from 6451398844 text: 早上好
[TG-UB] Incoming message: 6451398844 早上好
[TG-UB] UpdateShortMessage from 6451398844 text: 早上好
[TG-UB] Incoming message: 6451398844 早上好
[TG-UB] Skip duplicate onMessage: 6451398844_1133_in
[33m[2026-09-20T01:34:40.191] [INFO] - [Starting direct file download in chunks of 65536 at 0, stride 65536][0m
[33m[2026-09-20T01:34:40.192] [INFO] - [Connecting to 91.108.56.183:443/TCPFull...][0m
[33m[2026-09-20T01:34:40.259] [INFO] - [Connection to 91.108.56.183:443/TCPFull complete!][0m
[TG-UB] NewMessage from 6451398844 text: 你没睡觉吗？
[TG-UB] Incoming message: 6451398844 你没睡觉吗？
[TG-UB] UpdateShortMessage from 6451398844 text: 你没睡觉吗？
[TG-UB] Incoming message: 6451398844 你没睡觉吗？
[TG-UB] Skip duplicate onMessage: 6451398844_1134_in
[33m[2026-09-20T01:34:45.758] [INFO] - [Starting direct file download in chunks of 65536 at 0, stride 65536][0m
[35m[2026-09-20T01:35:15.759] [WARN] - [Disconnecting...][0m
[33m[2026-09-20T01:35:15.759] [INFO] - [Disconnecting from 91.108.56.183:443/TCPFull...][0m
[33m[2026-09-20T01:35:15.760] [INFO] - [connection closed][0m
[TG-UB] NewMessage from -1003821755044 text: Pm pls
[TG-UB] Incoming message: -1003821755044 Pm pls
[TG-UB] Incoming message: -1003821755044 Pm pls
[TG-UB] Skip duplicate onMessage: -1003821755044_20242_in
[33m[2026-09-20T01:35:51.358] [INFO] - [Starting direct file download in chunks of 65536 at 0, stride 65536][0m
[33m[2026-09-20T01:35:51.358] [INFO] - [Connecting to 149.154.175.56:443/TCPFull...][0m
[33m[2026-09-20T01:35:51.562] [INFO] - [Connection to 149.154.175.56:443/TCPFull complete!][0m
[TG-UB Translate] en->zh: "Pm pls" => "请私信"
[TG-UB] Emitting translation events, io.connected: 2
[TG-UB] NewMessage from 6451398844 text: 你有睡觉吗
[TG-UB] Incoming message: 6451398844 你有睡觉吗
[TG-UB] UpdateShortMessage from 6451398844 text: 你有睡觉吗
[TG-UB] Incoming message: 6451398844 你有睡觉吗
[TG-UB] Skip duplicate onMessage: 6451398844_1137_in
[33m[2026-09-20T01:35:56.092] [INFO] - [Starting direct file download in chunks of 65536 at 0, stride 65536][0m
[33m[2026-09-20T01:35:56.092] [INFO] - [Connecting to 91.108.56.183:443/TCPFull...][0m
[33m[2026-09-20T01:35:56.158] [INFO] - [Connection to 91.108.56.183:443/TCPFull complete!][0m
[TG-UB] Poll found message from 6451398844 text: 你有睡觉吗
[TG-UB] Incoming message: 6451398844 你有睡觉吗
[TG-UB] Skip duplicate onMessage: 6451398844_1137_in
[TG-UB] Poll found OUTGOING message to 6451398844 text: 已经起来了
[TG-UB] Incoming message: 6451398844 已经起来了
[TG-UB] Poll found OUTGOING message to 6451398844 text: 我睡醒了
[TG-UB] Incoming message: 6451398844 我睡醒了
[TG-UB] Poll found message from 6451398844 text: 你没睡觉吗？
[TG-UB] Incoming message: 6451398844 你没睡觉吗？
[TG-UB] Skip duplicate onMessage: 6451398844_1134_in
[TG-UB] Poll found message from 6451398844 text: 早上好
[TG-UB] Incoming message: 6451398844 早上好
[TG-UB] Skip duplicate onMessage: 6451398844_1133_in
[33m[2026-09-20T01:36:20.409] [INFO] - [Starting direct file download in chunks of 65536 at 0, stride 65536][0m
[33m[2026-09-20T01:36:20.617] [INFO] - [Starting direct file download in chunks of 65536 at 0, stride 65536][0m
[35m[2026-09-20T01:36:21.563] [WARN] - [Disconnecting...][0m
[33m[2026-09-20T01:36:21.563] [INFO] - [Disconnecting from 149.154.175.56:443/TCPFull...][0m
[33m[2026-09-20T01:36:21.563] [INFO] - [connection closed][0m
[TG-UB] Poll found message from -1003821755044 text: Pm pls
[TG-UB] Incoming message: -1003821755044 Pm pls
[TG-UB] Skip duplicate onMessage: -1003821755044_20242_in
[33m[2026-09-20T01:36:34.903] [INFO] - [Starting direct file download in chunks of 131072 at 0, stride 131072][0m
[BatchRetranslate] Processed 4 messages, translated 0 for -1003821755044@telegram
[33m[2026-09-20T01:36:35.784] [INFO] - [Starting direct file download in chunks of 262144 at 0, stride 262144][0m
[33m[2026-09-20T01:36:35.784] [INFO] - [Connecting to 149.154.175.56:443/TCPFull...][0m
[33m[2026-09-20T01:36:35.982] [INFO] - [Connection to 149.154.175.56:443/TCPFull complete!][0m
[33m[2026-09-20T01:36:36.187] [INFO] - [File lives in another DC][0m
[33m[2026-09-20T01:36:40.035] [INFO] - [Starting direct file download in chunks of 131072 at 0, stride 131072][0m
[33m[2026-09-20T01:36:40.242] [INFO] - [File lives in another DC][0m
[33m[2026-09-20T01:36:40.355] [INFO] - [Starting direct file download in chunks of 131072 at 0, stride 131072][0m
[33m[2026-09-20T01:36:40.643] [INFO] - [File lives in another DC][0m
[TG] Backfilled 0 new messages (total history: 55) for 6451398844@telegram
[BatchRetranslate] Processed 20 messages, translated 0 for 6451398844@telegram
[WA Send] resolve default account failed: 
Invalid `prisma.whatsAppAccount.findFirst()` invocation:

{
  where: {
    userId: 1,
    platform: "whatsapp",
    instanceName: {
      not: null
    }
  },
  orderBy: {
    updatedAt: "desc",
    ~~~~~~~~~
?   id?: SortOrder,
?   userId?: SortOrder,
?   platform?: SortOrder,
?   phone?: SortOrder | SortOrderInput,
?   name?: SortOrder | SortOrderInput,
?   pushName?: SortOrder | SortOrderInput,
?   status?: SortOrder,
?   sessionDir?: SortOrder | SortOrderInput,
?   avatarUrl?: SortOrder | SortOrderInput,
?   telegramBotToken?: SortOrder | SortOrderInput,
?   telegramBotUsername?: SortOrder | SortOrderInput,
?   telegramBotInfo?: SortOrder | SortOrderInput,
?   telegramProxyProtocol?: SortOrder | SortOrderInput,
?   telegramProxyHost?: SortOrder | SortOrderInput,
?   telegramProxyPort?: SortOrder | SortOrderInput,
?   telegramProxyUser?: SortOrder | SortOrderInput,
?   telegramProxyPass?: SortOrder | SortOrderInput,
?   createdAt?: SortOrder,
?   lastActiveAt?: SortOrder | SortOrderInput,
?   instanceName?: SortOrder | SortOrderInput,
?   contacts?: ContactOrderByRelationAggregateInput,
?   conversations?: ConversationOrderByRelationAggregateInput,
?   messages?: MessageOrderByRelationAggregateInput,
?   user?: UserOrderByWithRelationInput
  },
  select: {
    id: true,
    instanceName: true
  }
}

Unknown argument `updatedAt`. Did you mean `createdAt`? Available options are marked with ?.
[WA Send] resolve default account failed: 
Invalid `prisma.whatsAppAccount.findFirst()` invocation:

{
  where: {
    userId: 1,
    platform: "whatsapp",
    instanceName: {
      not: null
    }
  },
  orderBy: {
    updatedAt: "desc",
    ~~~~~~~~~
?   id?: SortOrder,
?   userId?: SortOrder,
?   platform?: SortOrder,
?   phone?: SortOrder | SortOrderInput,
?   name?: SortOrder | SortOrderInput,
?   pushName?: SortOrder | SortOrderInput,
?   status?: SortOrder,
?   sessionDir?: SortOrder | SortOrderInput,
?   avatarUrl?: SortOrder | SortOrderInput,
?   telegramBotToken?: SortOrder | SortOrderInput,
?   telegramBotUsername?: SortOrder | SortOrderInput,
?   telegramBotInfo?: SortOrder | SortOrderInput,
?   telegramProxyProtocol?: SortOrder | SortOrderInput,
?   telegramProxyHost?: SortOrder | SortOrderInput,
?   telegramProxyPort?: SortOrder | SortOrderInput,
?   telegramProxyUser?: SortOrder | SortOrderInput,
?   telegramProxyPass?: SortOrder | SortOrderInput,
?   createdAt?: SortOrder,
?   lastActiveAt?: SortOrder | SortOrderInput,
?   instanceName?: SortOrder | SortOrderInput,
?   contacts?: ContactOrderByRelationAggregateInput,
?   conversations?: ConversationOrderByRelationAggregateInput,
?   messages?: MessageOrderByRelationAggregateInput,
?   user?: UserOrderByWithRelationInput
  },
  select: {
    id: true,
    instanceName: true
  }
}

Unknown argument `updatedAt`. Did you mean `createdAt`? Available options are marked with ?.
[35m[2026-09-20T01:37:10.359] [WARN] - [Disconnecting...][0m
[33m[2026-09-20T01:37:10.359] [INFO] - [Disconnecting from 149.154.175.56:443/TCPFull...][0m
[33m[2026-09-20T01:37:10.360] [INFO] - [connection closed][0m
[33m[2026-09-20T01:37:16.698] [INFO] - [Starting direct file download in chunks of 262144 at 0, stride 262144][0m
[33m[2026-09-20T01:37:16.698] [INFO] - [Connecting to 149.154.175.56:443/TCPFull...][0m
[33m[2026-09-20T01:37:16.892] [INFO] - [Connection to 149.154.175.56:443/TCPFull complete!][0m
[33m[2026-09-20T01:37:17.095] [INFO] - [File lives in another DC][0m
[WA Send] resolve default account failed: 
Invalid `prisma.whatsAppAccount.findFirst()` invocation:

{
  where: {
    userId: 1,
    platform: "whatsapp",
    instanceName: {
      not: null
    }
  },
  orderBy: {
    updatedAt: "desc",
    ~~~~~~~~~
?   id?: SortOrder,
?   userId?: SortOrder,
?   platform?: SortOrder,
?   phone?: SortOrder | SortOrderInput,
?   name?: SortOrder | SortOrderInput,
?   pushName?: SortOrder | SortOrderInput,
?   status?: SortOrder,
?   sessionDir?: SortOrder | SortOrderInput,
?   avatarUrl?: SortOrder | SortOrderInput,
?   telegramBotToken?: SortOrder | SortOrderInput,
?   telegramBotUsername?: SortOrder | SortOrderInput,
?   telegramBotInfo?: SortOrder | SortOrderInput,
?   telegramProxyProtocol?: SortOrder | SortOrderInput,
?   telegramProxyHost?: SortOrder | SortOrderInput,
?   telegramProxyPort?: SortOrder | SortOrderInput,
?   telegramProxyUser?: SortOrder | SortOrderInput,
?   telegramProxyPass?: SortOrder | SortOrderInput,
?   createdAt?: SortOrder,
?   lastActiveAt?: SortOrder | SortOrderInput,
?   instanceName?: SortOrder | SortOrderInput,
?   contacts?: ContactOrderByRelationAggregateInput,
?   conversations?: ConversationOrderByRelationAggregateInput,
?   messages?: MessageOrderByRelationAggregateInput,
?   user?: UserOrderByWithRelationInput
  },
  select: {
    id: true,
    instanceName: true
  }
}

Unknown argument `updatedAt`. Did you mean `createdAt`? Available options are marked with ?.
[WA Send] resolve default account failed: 
Invalid `prisma.whatsAppAccount.findFirst()` invocation:

{
  where: {
    userId: 1,
    platform: "whatsapp",
    instanceName: {
      not: null
    }
  },
  orderBy: {
    updatedAt: "desc",
    ~~~~~~~~~
?   id?: SortOrder,
?   userId?: SortOrder,
?   platform?: SortOrder,
?   phone?: SortOrder | SortOrderInput,
?   name?: SortOrder | SortOrderInput,
?   pushName?: SortOrder | SortOrderInput,
?   status?: SortOrder,
?   sessionDir?: SortOrder | SortOrderInput,
?   avatarUrl?: SortOrder | SortOrderInput,
?   telegramBotToken?: SortOrder | SortOrderInput,
?   telegramBotUsername?: SortOrder | SortOrderInput,
?   telegramBotInfo?: SortOrder | SortOrderInput,
?   telegramProxyProtocol?: SortOrder | SortOrderInput,
?   telegramProxyHost?: SortOrder | SortOrderInput,
?   telegramProxyPort?: SortOrder | SortOrderInput,
?   telegramProxyUser?: SortOrder | SortOrderInput,
?   telegramProxyPass?: SortOrder | SortOrderInput,
?   createdAt?: SortOrder,
?   lastActiveAt?: SortOrder | SortOrderInput,
?   instanceName?: SortOrder | SortOrderInput,
?   contacts?: ContactOrderByRelationAggregateInput,
?   conversations?: ConversationOrderByRelationAggregateInput,
?   messages?: MessageOrderByRelationAggregateInput,
?   user?: UserOrderByWithRelationInput
  },
  select: {
    id: true,
    instanceName: true
  }
}

Unknown argument `updatedAt`. Did you mean `createdAt`? Available options are marked with ?.
[WA Send] resolve default account failed: 
Invalid `prisma.whatsAppAccount.findFirst()` invocation:

{
  where: {
    userId: 1,
    platform: "whatsapp",
    instanceName: {
      not: null
    }
  },
  orderBy: {
    updatedAt: "desc",
    ~~~~~~~~~
?   id?: SortOrder,
?   userId?: SortOrder,
?   platform?: SortOrder,
?   phone?: SortOrder | SortOrderInput,
?   name?: SortOrder | SortOrderInput,
?   pushName?: SortOrder | SortOrderInput,
?   status?: SortOrder,
?   sessionDir?: SortOrder | SortOrderInput,
?   avatarUrl?: SortOrder | SortOrderInput,
?   telegramBotToken?: SortOrder | SortOrderInput,
?   telegramBotUsername?: SortOrder | SortOrderInput,
?   telegramBotInfo?: SortOrder | SortOrderInput,
?   telegramProxyProtocol?: SortOrder | SortOrderInput,
?   telegramProxyHost?: SortOrder | SortOrderInput,
?   telegramProxyPort?: SortOrder | SortOrderInput,
?   telegramProxyUser?: SortOrder | SortOrderInput,
?   telegramProxyPass?: SortOrder | SortOrderInput,
?   createdAt?: SortOrder,
?   lastActiveAt?: SortOrder | SortOrderInput,
?   instanceName?: SortOrder | SortOrderInput,
?   contacts?: ContactOrderByRelationAggregateInput,
?   conversations?: ConversationOrderByRelationAggregateInput,
?   messages?: MessageOrderByRelationAggregateInput,
?   user?: UserOrderByWithRelationInput
  },
  select: {
    id: true,
    instanceName: true
  }
}

Unknown argument `updatedAt`. Did you mean `createdAt`? Available options are marked with ?.
[35m[2026-09-20T01:37:46.892] [WARN] - [Disconnecting...][0m
[33m[2026-09-20T01:37:46.892] [INFO] - [Disconnecting from 149.154.175.56:443/TCPFull...][0m
[33m[2026-09-20T01:37:46.893] [INFO] - [connection closed][0m
[33m[2026-09-20T01:38:00.166] [INFO] - [Starting direct file download in chunks of 262144 at 0, stride 262144][0m
[33m[2026-09-20T01:38:00.167] [INFO] - [Connecting to 149.154.175.56:443/TCPFull...][0m
[33m[2026-09-20T01:38:00.369] [INFO] - [Connection to 149.154.175.56:443/TCPFull complete!][0m
[33m[2026-09-20T01:38:00.579] [INFO] - [File lives in another DC][0m
[TG-UB] Poll found OUTGOING message to 6451398844 text: 你下午有时间可以过来
[TG-UB] Incoming message: 6451398844 你下午有时间可以过来
[TG-UB] Poll found OUTGOING message to 6451398844 text: 早上7点就起来了
[TG-UB] Incoming message: 6451398844 早上7点就起来了
[TG-UB] Poll found OUTGOING message to 6451398844 text: 有睡觉
[TG-UB] Incoming message: 6451398844 有睡觉
[TG-UB] Poll found OUTGOING message to 6451398844 text: have slept
[TG-UB] Incoming message: 6451398844 have slept
[TG-UB] Poll found OUTGOING message to 6451398844 text: I did sleep.
[TG-UB] Incoming message: 6451398844 I did sleep.
[33m[2026-09-20T01:38:20.380] [INFO] - [Starting direct file download in chunks of 65536 at 0, stride 65536][0m
[33m[2026-09-20T01:38:20.587] [INFO] - [Starting direct file download in chunks of 65536 at 0, stride 65536][0m
[33m[2026-09-20T01:38:20.589] [INFO] - [Starting direct file download in chunks of 65536 at 0, stride 65536][0m
[33m[2026-09-20T01:38:20.590] [INFO] - [Starting direct file download in chunks of 65536 at 0, stride 65536][0m
[33m[2026-09-20T01:38:20.592] [INFO] - [Starting direct file download in chunks of 65536 at 0, stride 65536][0m
[35m[2026-09-20T01:38:30.374] [WARN] - [Disconnecting...][0m
[33m[2026-09-20T01:38:30.375] [INFO] - [Disconnecting from 149.154.175.56:443/TCPFull...][0m
[33m[2026-09-20T01:38:30.385] [INFO] - [connection closed][0m
[TG-UB] NewMessage from 6451398844 text: U ENG is excellen  I really admire it
[TG-UB] Incoming message: 6451398844 U ENG is excellen  I really admire it
[TG-UB] UpdateShortMessage from 6451398844 text: U ENG is excellen  I really admire it
[TG-UB] Incoming message: 6451398844 U ENG is excellen  I really admire it
[TG-UB] Skip duplicate onMessage: 6451398844_1143_in
[33m[2026-09-20T01:38:34.586] [INFO] - [Starting direct file download in chunks of 65536 at 0, stride 65536][0m
[TG-UB] NewMessage from 6451398844 text: WOW
[TG-UB] Incoming message: 6451398844 WOW
[TG-UB] UpdateShortMessage from 6451398844 text: WOW
[TG-UB] Incoming message: 6451398844 WOW
[TG-UB] Skip duplicate onMessage: 6451398844_1144_in
[33m[2026-09-20T01:38:38.424] [INFO] - [Starting direct file download in chunks of 65536 at 0, stride 65536][0m
[TG] Backfilled 0 new messages (total history: 48) for -1003821755044@telegram
[TG-UB] NewMessage from 6451398844 text: 你约哪个酒店呢
[TG-UB] Incoming message: 6451398844 你约哪个酒店呢
[TG-UB] UpdateShortMessage from 6451398844 text: 你约哪个酒店呢
[TG-UB] Incoming message: 6451398844 你约哪个酒店呢
[TG-UB] Skip duplicate onMessage: 6451398844_1145_in
[33m[2026-09-20T01:38:58.477] [INFO] - [Starting direct file download in chunks of 65536 at 0, stride 65536][0m
[33m[2026-09-20T01:39:09.478] [INFO] - [Starting direct file download in chunks of 131072 at 0, stride 131072][0m
[33m[2026-09-20T01:39:09.478] [INFO] - [Connecting to 149.154.175.56:443/TCPFull...][0m
[33m[2026-09-20T01:39:09.680] [INFO] - [Connection to 149.154.175.56:443/TCPFull complete!][0m
[33m[2026-09-20T01:39:09.914] [INFO] - [File lives in another DC][0m
[33m[2026-09-20T01:39:10.129] [INFO] - [Starting direct file download in chunks of 131072 at 0, stride 131072][0m
[33m[2026-09-20T01:39:10.386] [INFO] - [File lives in another DC][0m
[TG] Backfilled 0 new messages (total history: 63) for 6451398844@telegram
[AI Client] DeepSeek V4 Pro reasoning-only empty content (finish=length), retry with max_tokens=4096
[AI Client] DeepSeek V4 Pro reasoning-only empty content (finish=length), retry with max_tokens=4096
[WA Send] resolve default account failed: 
Invalid `prisma.whatsAppAccount.findFirst()` invocation:

{
  where: {
    userId: 1,
    platform: "whatsapp",
    instanceName: {
      not: null
    }
  },
  orderBy: {
    updatedAt: "desc",
    ~~~~~~~~~
?   id?: SortOrder,
?   userId?: SortOrder,
?   platform?: SortOrder,
?   phone?: SortOrder | SortOrderInput,
?   name?: SortOrder | SortOrderInput,
?   pushName?: SortOrder | SortOrderInput,
?   status?: SortOrder,
?   sessionDir?: SortOrder | SortOrderInput,
?   avatarUrl?: SortOrder | SortOrderInput,
?   telegramBotToken?: SortOrder | SortOrderInput,
?   telegramBotUsername?: SortOrder | SortOrderInput,
?   telegramBotInfo?: SortOrder | SortOrderInput,
?   telegramProxyProtocol?: SortOrder | SortOrderInput,
?   telegramProxyHost?: SortOrder | SortOrderInput,
?   telegramProxyPort?: SortOrder | SortOrderInput,
?   telegramProxyUser?: SortOrder | SortOrderInput,
?   telegramProxyPass?: SortOrder | SortOrderInput,
?   createdAt?: SortOrder,
?   lastActiveAt?: SortOrder | SortOrderInput,
?   instanceName?: SortOrder | SortOrderInput,
?   contacts?: ContactOrderByRelationAggregateInput,
?   conversations?: ConversationOrderByRelationAggregateInput,
?   messages?: MessageOrderByRelationAggregateInput,
?   user?: UserOrderByWithRelationInput
  },
  select: {
    id: true,
    instanceName: true
  }
}

Unknown argument `updatedAt`. Did you mean `createdAt`? Available options are marked with ?.
[BatchRetranslate] Processed 20 messages, translated 2 for 6451398844@telegram
[WA Send] resolve default account failed: 
Invalid `prisma.whatsAppAccount.findFirst()` invocation:

{
  where: {
    userId: 1,
    platform: "whatsapp",
    instanceName: {
      not: null
    }
  },
  orderBy: {
    updatedAt: "desc",
    ~~~~~~~~~
?   id?: SortOrder,
?   userId?: SortOrder,
?   platform?: SortOrder,
?   phone?: SortOrder | SortOrderInput,
?   name?: SortOrder | SortOrderInput,
?   pushName?: SortOrder | SortOrderInput,
?   status?: SortOrder,
?   sessionDir?: SortOrder | SortOrderInput,
?   avatarUrl?: SortOrder | SortOrderInput,
?   telegramBotToken?: SortOrder | SortOrderInput,
?   telegramBotUsername?: SortOrder | SortOrderInput,
?   telegramBotInfo?: SortOrder | SortOrderInput,
?   telegramProxyProtocol?: SortOrder | SortOrderInput,
?   telegramProxyHost?: SortOrder | SortOrderInput,
?   telegramProxyPort?: SortOrder | SortOrderInput,
?   telegramProxyUser?: SortOrder | SortOrderInput,
?   telegramProxyPass?: SortOrder | SortOrderInput,
?   createdAt?: SortOrder,
?   lastActiveAt?: SortOrder | SortOrderInput,
?   instanceName?: SortOrder | SortOrderInput,
?   contacts?: ContactOrderByRelationAggregateInput,
?   conversations?: ConversationOrderByRelationAggregateInput,
?   messages?: MessageOrderByRelationAggregateInput,
?   user?: UserOrderByWithRelationInput
  },
  select: {
    id: true,
    instanceName: true
  }
}

Unknown argument `updatedAt`. Did you mean `createdAt`? Available options are marked with ?.
[35m[2026-09-20T01:39:40.130] [WARN] - [Disconnecting...][0m
[33m[2026-09-20T01:39:40.130] [INFO] - [Disconnecting from 149.154.175.56:443/TCPFull...][0m
[33m[2026-09-20T01:39:40.130] [INFO] - [connection closed][0m
[35m[2026-09-20T01:39:40.610] [WARN] - [Disconnecting...][0m
[33m[2026-09-20T01:39:40.610] [INFO] - [Disconnecting from 91.108.56.183:443/TCPFull...][0m
[33m[2026-09-20T01:39:40.610] [INFO] - [connection closed][0m
[WA Send] resolve default account failed: 
Invalid `prisma.whatsAppAccount.findFirst()` invocation:

{
  where: {
    userId: 1,
    platform: "whatsapp",
    instanceName: {
      not: null
    }
  },
  orderBy: {
    updatedAt: "desc",
    ~~~~~~~~~
?   id?: SortOrder,
?   userId?: SortOrder,
?   platform?: SortOrder,
?   phone?: SortOrder | SortOrderInput,
?   name?: SortOrder | SortOrderInput,
?   pushName?: SortOrder | SortOrderInput,
?   status?: SortOrder,
?   sessionDir?: SortOrder | SortOrderInput,
?   avatarUrl?: SortOrder | SortOrderInput,
?   telegramBotToken?: SortOrder | SortOrderInput,
?   telegramBotUsername?: SortOrder | SortOrderInput,
?   telegramBotInfo?: SortOrder | SortOrderInput,
?   telegramProxyProtocol?: SortOrder | SortOrderInput,
?   telegramProxyHost?: SortOrder | SortOrderInput,
?   telegramProxyPort?: SortOrder | SortOrderInput,
?   telegramProxyUser?: SortOrder | SortOrderInput,
?   telegramProxyPass?: SortOrder | SortOrderInput,
?   createdAt?: SortOrder,
?   lastActiveAt?: SortOrder | SortOrderInput,
?   instanceName?: SortOrder | SortOrderInput,
?   contacts?: ContactOrderByRelationAggregateInput,
?   conversations?: ConversationOrderByRelationAggregateInput,
?   messages?: MessageOrderByRelationAggregateInput,
?   user?: UserOrderByWithRelationInput
  },
  select: {
    id: true,
    instanceName: true
  }
}

Unknown argument `updatedAt`. Did you mean `createdAt`? Available options are marked with ?.
[TG-UB] NewMessage from 6451398844 text: 很大御景湾？
[TG-UB] Incoming message: 6451398844 很大御景湾？
[TG-UB] UpdateShortMessage from 6451398844 text: 很大御景湾？
[TG-UB] Incoming message: 6451398844 很大御景湾？
[TG-UB] Skip duplicate onMessage: 6451398844_1149_in
[33m[2026-09-20T01:39:46.139] [INFO] - [Starting direct file download in chunks of 65536 at 0, stride 65536][0m
[33m[2026-09-20T01:39:46.139] [INFO] - [Connecting to 91.108.56.183:443/TCPFull...][0m
[33m[2026-09-20T01:39:46.207] [INFO] - [Connection to 91.108.56.183:443/TCPFull complete!][0m
[TG-UB] NewMessage from 6451398844 text: 第一次干嘛不去酒店呢
[TG-UB] Incoming message: 6451398844 第一次干嘛不去酒店呢
[TG-UB] UpdateShortMessage from 6451398844 text: 第一次干嘛不去酒店呢
[TG-UB] Incoming message: 6451398844 第一次干嘛不去酒店呢
[TG-UB] Skip duplicate onMessage: 6451398844_1150_in
[33m[2026-09-20T01:39:50.655] [INFO] - [Starting direct file download in chunks of 65536 at 0, stride 65536][0m
[WA Send] resolve default account failed: 
Invalid `prisma.whatsAppAccount.findFirst()` invocation:

{
  where: {
    userId: 1,
    platform: "whatsapp",
    instanceName: {
      not: null
    }
  },
  orderBy: {
    updatedAt: "desc",
    ~~~~~~~~~
?   id?: SortOrder,
?   userId?: SortOrder,
?   platform?: SortOrder,
?   phone?: SortOrder | SortOrderInput,
?   name?: SortOrder | SortOrderInput,
?   pushName?: SortOrder | SortOrderInput,
?   status?: SortOrder,
?   sessionDir?: SortOrder | SortOrderInput,
?   avatarUrl?: SortOrder | SortOrderInput,
?   telegramBotToken?: SortOrder | SortOrderInput,
?   telegramBotUsername?: SortOrder | SortOrderInput,
?   telegramBotInfo?: SortOrder | SortOrderInput,
?   telegramProxyProtocol?: SortOrder | SortOrderInput,
?   telegramProxyHost?: SortOrder | SortOrderInput,
?   telegramProxyPort?: SortOrder | SortOrderInput,
?   telegramProxyUser?: SortOrder | SortOrderInput,
?   telegramProxyPass?: SortOrder | SortOrderInput,
?   createdAt?: SortOrder,
?   lastActiveAt?: SortOrder | SortOrderInput,
?   instanceName?: SortOrder | SortOrderInput,
?   contacts?: ContactOrderByRelationAggregateInput,
?   conversations?: ConversationOrderByRelationAggregateInput,
?   messages?: MessageOrderByRelationAggregateInput,
?   user?: UserOrderByWithRelationInput
  },
  select: {
    id: true,
    instanceName: true
  }
}

Unknown argument `updatedAt`. Did you mean `createdAt`? Available options are marked with ?.
[Automation Scheduler] Running check at 2026-09-20T01:40:16.442Z
[TG-UB] Poll found OUTGOING message to 6451398844 text: 有地方干嘛要去酒店
[TG-UB] Incoming message: 6451398844 有地方干嘛要去酒店
[TG-UB] Poll found message from 6451398844 text: 第一次干嘛不去酒店呢
[TG-UB] Incoming message: 6451398844 第一次干嘛不去酒店呢
[TG-UB] Skip duplicate onMessage: 6451398844_1150_in
[TG-UB] Poll found message from 6451398844 text: 很大御景湾？
[TG-UB] Incoming message: 6451398844 很大御景湾？
[TG-UB] Skip duplicate onMessage: 6451398844_1149_in
[TG-UB] Poll found OUTGOING message to 6451398844 text: 自住房
[TG-UB] Incoming message: 6451398844 自住房
[TG-UB] Poll found OUTGOING message to 6451398844 text: 不用去酒店
[TG-UB] Incoming message: 6451398844 不用去酒店
[TG-UB] Poll found OUTGOING message to 6451398844 text: 可以来老城很大御景湾
[TG-UB] Incoming message: 6451398844 可以来老城很大御景湾
[TG-UB] Poll found message from 6451398844 text: 你约哪个酒店呢
[TG-UB] Incoming message: 6451398844 你约哪个酒店呢
[TG-UB] Skip duplicate onMessage: 6451398844_1145_in
[TG-UB] Poll found message from 6451398844 text: WOW
[TG-UB] Incoming message: 6451398844 WOW
[TG-UB] Skip duplicate onMessage: 6451398844_1144_in
[TG-UB] Poll found message from 6451398844 text: U ENG is excellen  I really admire it
[TG-UB] Incoming message: 6451398844 U ENG is excellen  I really admire it
[TG-UB] Skip duplicate onMessage: 6451398844_1143_in
[33m[2026-09-20T01:40:20.392] [INFO] - [Starting direct file download in chunks of 65536 at 0, stride 65536][0m
[33m[2026-09-20T01:40:20.600] [INFO] - [Starting direct file download in chunks of 65536 at 0, stride 65536][0m
[33m[2026-09-20T01:40:20.601] [INFO] - [Starting direct file download in chunks of 65536 at 0, stride 65536][0m
[33m[2026-09-20T01:40:20.602] [INFO] - [Starting direct file download in chunks of 65536 at 0, stride 65536][0m
[35m[2026-09-20T01:40:50.602] [WARN] - [Disconnecting...][0m
[33m[2026-09-20T01:40:50.603] [INFO] - [Disconnecting from 91.108.56.183:443/TCPFull...][0m
[33m[2026-09-20T01:40:50.603] [INFO] - [connection closed][0m
[TG] Backfilled 0 new messages (total history: 13) for 7325442846@telegram
[BatchRetranslate] Processed 6 messages, translated 0 for 7325442846@telegram
[WA Sync] wa_whatsapp1_mtc3zz7c synced 8 contacts
[TG] Backfilled 0 new messages (total history: 13) for 7325442846@telegram
[BatchRetranslate] Processed 6 messages, translated 0 for 7325442846@telegram
[33m[2026-09-20T01:41:31.558] [INFO] - [Starting direct file download in chunks of 131072 at 0, stride 131072][0m
[33m[2026-09-20T01:41:31.558] [INFO] - [Connecting to 149.154.175.56:443/TCPFull...][0m
[33m[2026-09-20T01:41:31.762] [INFO] - [Connection to 149.154.175.56:443/TCPFull complete!][0m
[33m[2026-09-20T01:41:31.992] [INFO] - [File lives in another DC][0m
[33m[2026-09-20T01:41:31.992] [INFO] - [Connecting to 91.108.56.183:443/TCPFull...][0m
[33m[2026-09-20T01:41:32.058] [INFO] - [Connection to 91.108.56.183:443/TCPFull complete!][0m
[33m[2026-09-20T01:41:32.300] [INFO] - [Starting direct file download in chunks of 131072 at 0, stride 131072][0m
[BatchRetranslate] Processed 20 messages, translated 0 for 6451398844@telegram
[33m[2026-09-20T01:41:32.510] [INFO] - [File lives in another DC][0m
[33m[2026-09-20T01:41:33.083] [INFO] - [Starting direct file download in chunks of 131072 at 0, stride 131072][0m
[TG] Backfilled 0 new messages (total history: 69) for 6451398844@telegram
[TG] Backfilled 0 new messages (total history: 13) for 7325442846@telegram
[BatchRetranslate] Processed 6 messages, translated 0 for 7325442846@telegram
[Socket] User 1 disconnected (socket: JIlwa0SsXTT_vW2OAAAp, reason: transport close)
[Socket] User 1 disconnected (socket: JOrTfBNsx1H4wvBqAAAo, reason: transport close)
[Socket] User 1 connected (socket: JymI4W_SKP1RYyNYAAAr)
[TG] Backfilled 0 new messages (total history: 13) for 7325442846@telegram
[BatchRetranslate] Processed 6 messages, translated 0 for 7325442846@telegram
[WA Send] resolve default account failed: 
Invalid `prisma.whatsAppAccount.findFirst()` invocation:

{
  where: {
    userId: 1,
    platform: "whatsapp",
    instanceName: {
      not: null
    }
  },
  orderBy: {
    updatedAt: "desc",
    ~~~~~~~~~
?   id?: SortOrder,
?   userId?: SortOrder,
?   platform?: SortOrder,
?   phone?: SortOrder | SortOrderInput,
?   name?: SortOrder | SortOrderInput,
?   pushName?: SortOrder | SortOrderInput,
?   status?: SortOrder,
?   sessionDir?: SortOrder | SortOrderInput,
?   avatarUrl?: SortOrder | SortOrderInput,
?   telegramBotToken?: SortOrder | SortOrderInput,
?   telegramBotUsername?: SortOrder | SortOrderInput,
?   telegramBotInfo?: SortOrder | SortOrderInput,
?   telegramProxyProtocol?: SortOrder | SortOrderInput,
?   telegramProxyHost?: SortOrder | SortOrderInput,
?   telegramProxyPort?: SortOrder | SortOrderInput,
?   telegramProxyUser?: SortOrder | SortOrderInput,
?   telegramProxyPass?: SortOrder | SortOrderInput,
?   createdAt?: SortOrder,
?   lastActiveAt?: SortOrder | SortOrderInput,
?   instanceName?: SortOrder | SortOrderInput,
?   contacts?: ContactOrderByRelationAggregateInput,
?   conversations?: ConversationOrderByRelationAggregateInput,
?   messages?: MessageOrderByRelationAggregateInput,
?   user?: UserOrderByWithRelationInput
  },
  select: {
    id: true,
    instanceName: true
  }
}

Unknown argument `updatedAt`. Did you mean `createdAt`? Available options are marked with ?.
[35m[2026-09-20T01:42:02.300] [WARN] - [Disconnecting...][0m
[33m[2026-09-20T01:42:02.300] [INFO] - [Disconnecting from 149.154.175.56:443/TCPFull...][0m
[33m[2026-09-20T01:42:02.301] [INFO] - [connection closed][0m
[35m[2026-09-20T01:42:03.084] [WARN] - [Disconnecting...][0m
[33m[2026-09-20T01:42:03.084] [INFO] - [Disconnecting from 91.108.56.183:443/TCPFull...][0m
[33m[2026-09-20T01:42:03.084] [INFO] - [connection closed][0m
[TG-UB] NewMessage from 7325442846 text: It's working now.
[TG-UB] Incoming message: 7325442846 It's working now.
[TG-UB] UpdateShortMessage from 7325442846 text: It's working now.
[TG-UB] Incoming message: 7325442846 It's working now.
[TG-UB] Skip duplicate onMessage: 7325442846_1153_in
[33m[2026-09-20T01:42:13.560] [INFO] - [Starting direct file download in chunks of 65536 at 0, stride 65536][0m
[33m[2026-09-20T01:42:13.560] [INFO] - [Connecting to 91.108.56.183:443/TCPFull...][0m
[33m[2026-09-20T01:42:13.626] [INFO] - [Connection to 91.108.56.183:443/TCPFull complete!][0m
[TG-UB Translate] en->zh: "It's working now." => "现在可以正常工作了。"
[TG-UB] Emitting translation events, io.connected: 1
[TG-UB] Poll found message from 7325442846 text: It's working now.
[TG-UB] Incoming message: 7325442846 It's working now.
[TG-UB] Skip duplicate onMessage: 7325442846_1153_in
[TG-UB] Poll found OUTGOING message to 7325442846 text: What are you doing?
[TG-UB] Incoming message: 7325442846 What are you doing?
[33m[2026-09-20T01:42:20.376] [INFO] - [Starting direct file download in chunks of 65536 at 0, stride 65536][0m
[TG-UB Translate] en->zh: "What are you doing?" => "你在做什么？"
[TG-UB] Emitting translation events, io.connected: 1
[TG] Backfilled 0 new messages (total history: 15) for 7325442846@telegram
[BatchRetranslate] Processed 6 messages, translated 0 for 7325442846@telegram
[35m[2026-09-20T01:42:50.377] [WARN] - [Disconnecting...][0m
[33m[2026-09-20T01:42:50.377] [INFO] - [Disconnecting from 91.108.56.183:443/TCPFull...][0m
[33m[2026-09-20T01:42:50.377] [INFO] - [connection closed][0m
[TG-UB] NewMessage from 6451398844 text: 你是一个人住吗
[TG-UB] Incoming message: 6451398844 你是一个人住吗
[TG-UB] UpdateShortMessage from 6451398844 text: 你是一个人住吗
[TG-UB] Incoming message: 6451398844 你是一个人住吗
[TG-UB] Skip duplicate onMessage: 6451398844_1154_in
[33m[2026-09-20T01:43:42.097] [INFO] - [Starting direct file download in chunks of 65536 at 0, stride 65536][0m
[33m[2026-09-20T01:43:42.097] [INFO] - [Connecting to 91.108.56.183:443/TCPFull...][0m
[33m[2026-09-20T01:43:42.164] [INFO] - [Connection to 91.108.56.183:443/TCPFull complete!][0m
[33m[2026-09-20T01:43:45.340] [INFO] - [Starting direct file download in chunks of 131072 at 0, stride 131072][0m
[33m[2026-09-20T01:43:45.340] [INFO] - [Connecting to 149.154.175.56:443/TCPFull...][0m
[33m[2026-09-20T01:43:45.564] [INFO] - [Connection to 149.154.175.56:443/TCPFull complete!][0m
[33m[2026-09-20T01:43:46.023] [INFO] - [File lives in another DC][0m
[33m[2026-09-20T01:43:46.280] [INFO] - [Starting direct file download in chunks of 131072 at 0, stride 131072][0m
[BatchRetranslate] Processed 20 messages, translated 0 for 6451398844@telegram
[33m[2026-09-20T01:43:46.528] [INFO] - [File lives in another DC][0m
[33m[2026-09-20T01:43:46.949] [INFO] - [Starting direct file download in chunks of 131072 at 0, stride 131072][0m
[TG] Backfilled 0 new messages (total history: 70) for 6451398844@telegram
[WA Send] resolve default account failed: 
Invalid `prisma.whatsAppAccount.findFirst()` invocation:

{
  where: {
    userId: 1,
    platform: "whatsapp",
    instanceName: {
      not: null
    }
  },
  orderBy: {
    updatedAt: "desc",
    ~~~~~~~~~
?   id?: SortOrder,
?   userId?: SortOrder,
?   platform?: SortOrder,
?   phone?: SortOrder | SortOrderInput,
?   name?: SortOrder | SortOrderInput,
?   pushName?: SortOrder | SortOrderInput,
?   status?: SortOrder,
?   sessionDir?: SortOrder | SortOrderInput,
?   avatarUrl?: SortOrder | SortOrderInput,
?   telegramBotToken?: SortOrder | SortOrderInput,
?   telegramBotUsername?: SortOrder | SortOrderInput,
?   telegramBotInfo?: SortOrder | SortOrderInput,
?   telegramProxyProtocol?: SortOrder | SortOrderInput,
?   telegramProxyHost?: SortOrder | SortOrderInput,
?   telegramProxyPort?: SortOrder | SortOrderInput,
?   telegramProxyUser?: SortOrder | SortOrderInput,
?   telegramProxyPass?: SortOrder | SortOrderInput,
?   createdAt?: SortOrder,
?   lastActiveAt?: SortOrder | SortOrderInput,
?   instanceName?: SortOrder | SortOrderInput,
?   contacts?: ContactOrderByRelationAggregateInput,
?   conversations?: ConversationOrderByRelationAggregateInput,
?   messages?: MessageOrderByRelationAggregateInput,
?   user?: UserOrderByWithRelationInput
  },
  select: {
    id: true,
    instanceName: true
  }
}

Unknown argument `updatedAt`. Did you mean `createdAt`? Available options are marked with ?.
[TG-UB] NewMessage from 6451398844 text: 床干净吧
[TG-UB] Incoming message: 6451398844 床干净吧
[TG-UB] UpdateShortMessage from 6451398844 text: 床干净吧
[TG-UB] Incoming message: 6451398844 床干净吧
[TG-UB] Skip duplicate onMessage: 6451398844_1156_in
[33m[2026-09-20T01:43:55.850] [INFO] - [Starting direct file download in chunks of 65536 at 0, stride 65536][0m
[TG-UB] NewMessage from 6451398844 text: 一个人住那没问题
[TG-UB] Incoming message: 6451398844 一个人住那没问题
[TG-UB] UpdateShortMessage from 6451398844 text: 一个人住那没问题
[TG-UB] Incoming message: 6451398844 一个人住那没问题
[TG-UB] Skip duplicate onMessage: 6451398844_1157_in
[33m[2026-09-20T01:44:03.663] [INFO] - [Starting direct file download in chunks of 65536 at 0, stride 65536][0m
[35m[2026-09-20T01:44:16.279] [WARN] - [Disconnecting...][0m
[33m[2026-09-20T01:44:16.279] [INFO] - [Disconnecting from 149.154.175.56:443/TCPFull...][0m
[33m[2026-09-20T01:44:16.280] [INFO] - [connection closed][0m
[TG-UB] Poll found message from 6451398844 text: 一个人住那没问题
[TG-UB] Incoming message: 6451398844 一个人住那没问题
[TG-UB] Skip duplicate onMessage: 6451398844_1157_in
[TG-UB] Poll found message from 6451398844 text: 床干净吧
[TG-UB] Incoming message: 6451398844 床干净吧
[TG-UB] Skip duplicate onMessage: 6451398844_1156_in
[TG-UB] Poll found OUTGOING message to 6451398844 text: 是的
[TG-UB] Incoming message: 6451398844 是的
[TG-UB] Poll found message from 6451398844 text: 你是一个人住吗
[TG-UB] Incoming message: 6451398844 你是一个人住吗
[TG-UB] Skip duplicate onMessage: 6451398844_1154_in
[33m[2026-09-20T01:44:20.367] [INFO] - [Starting direct file download in chunks of 65536 at 0, stride 65536][0m
[35m[2026-09-20T01:44:50.367] [WARN] - [Disconnecting...][0m
[33m[2026-09-20T01:44:50.367] [INFO] - [Disconnecting from 91.108.56.183:443/TCPFull...][0m
[33m[2026-09-20T01:44:50.368] [INFO] - [connection closed][0m
[33m[2026-09-20T01:44:51.776] [INFO] - [Starting direct file download in chunks of 131072 at 0, stride 131072][0m
[33m[2026-09-20T01:44:51.776] [INFO] - [Connecting to 149.154.175.56:443/TCPFull...][0m
[33m[2026-09-20T01:44:51.978] [INFO] - [Connection to 149.154.175.56:443/TCPFull complete!][0m
[33m[2026-09-20T01:44:52.194] [INFO] - [File lives in another DC][0m
[33m[2026-09-20T01:44:52.194] [INFO] - [Connecting to 91.108.56.183:443/TCPFull...][0m
[33m[2026-09-20T01:44:52.261] [INFO] - [Connection to 91.108.56.183:443/TCPFull complete!][0m
[33m[2026-09-20T01:44:52.507] [INFO] - [Starting direct file download in chunks of 131072 at 0, stride 131072][0m
[33m[2026-09-20T01:44:52.717] [INFO] - [File lives in another DC][0m
[BatchRetranslate] Processed 20 messages, translated 0 for 6451398844@telegram
[33m[2026-09-20T01:44:53.288] [INFO] - [Starting direct file download in chunks of 131072 at 0, stride 131072][0m
[TG] Backfilled 0 new messages (total history: 73) for 6451398844@telegram
[WA Send] resolve default account failed: 
Invalid `prisma.whatsAppAccount.findFirst()` invocation:

{
  where: {
    userId: 1,
    platform: "whatsapp",
    instanceName: {
      not: null
    }
  },
  orderBy: {
    updatedAt: "desc",
    ~~~~~~~~~
?   id?: SortOrder,
?   userId?: SortOrder,
?   platform?: SortOrder,
?   phone?: SortOrder | SortOrderInput,
?   name?: SortOrder | SortOrderInput,
?   pushName?: SortOrder | SortOrderInput,
?   status?: SortOrder,
?   sessionDir?: SortOrder | SortOrderInput,
?   avatarUrl?: SortOrder | SortOrderInput,
?   telegramBotToken?: SortOrder | SortOrderInput,
?   telegramBotUsername?: SortOrder | SortOrderInput,
?   telegramBotInfo?: SortOrder | SortOrderInput,
?   telegramProxyProtocol?: SortOrder | SortOrderInput,
?   telegramProxyHost?: SortOrder | SortOrderInput,
?   telegramProxyPort?: SortOrder | SortOrderInput,
?   telegramProxyUser?: SortOrder | SortOrderInput,
?   telegramProxyPass?: SortOrder | SortOrderInput,
?   createdAt?: SortOrder,
?   lastActiveAt?: SortOrder | SortOrderInput,
?   instanceName?: SortOrder | SortOrderInput,
?   contacts?: ContactOrderByRelationAggregateInput,
?   conversations?: ConversationOrderByRelationAggregateInput,
?   messages?: MessageOrderByRelationAggregateInput,
?   user?: UserOrderByWithRelationInput
  },
  select: {
    id: true,
    instanceName: true
  }
}

Unknown argument `updatedAt`. Did you mean `createdAt`? Available options are marked with ?.
[35m[2026-09-20T01:45:22.509] [WARN] - [Disconnecting...][0m
[33m[2026-09-20T01:45:22.509] [INFO] - [Disconnecting from 149.154.175.56:443/TCPFull...][0m
[33m[2026-09-20T01:45:22.509] [INFO] - [connection closed][0m
[35m[2026-09-20T01:45:23.289] [WARN] - [Disconnecting...][0m
[33m[2026-09-20T01:45:23.289] [INFO] - [Disconnecting from 91.108.56.183:443/TCPFull...][0m
[33m[2026-09-20T01:45:23.289] [INFO] - [connection closed][0m
[AI Analyze req] {"jid":"971522222222@s.whatsapp.net","directMsgs":0,"t":"2026-09-20T01:46:19.051Z"}
[TG-UB] Poll found OUTGOING message to 6451398844 text: 床当然干净呀，自己住的
[TG-UB] Incoming message: 6451398844 床当然干净呀，自己住的
[33m[2026-09-20T01:46:20.192] [INFO] - [Starting direct file download in chunks of 65536 at 0, stride 65536][0m
[33m[2026-09-20T01:46:20.192] [INFO] - [Connecting to 91.108.56.183:443/TCPFull...][0m
[33m[2026-09-20T01:46:20.259] [INFO] - [Connection to 91.108.56.183:443/TCPFull complete!][0m
[Customers] by-jid blocked, jid: 919427348953@s.whatsapp.net reason: test delete
[AI Analyze req] {"jid":"919427348953@s.whatsapp.net","directMsgs":0,"t":"2026-09-20T01:46:25.171Z"}
[Customers] by-jid blocked, jid: 817038423105@s.whatsapp.net reason: test via nginx
[Customers] by-jid blocked, jid: 919427348953@s.whatsapp.net reason: test delete
[35m[2026-09-20T01:46:50.260] [WARN] - [Disconnecting...][0m
[33m[2026-09-20T01:46:50.260] [INFO] - [Disconnecting from 91.108.56.183:443/TCPFull...][0m
[33m[2026-09-20T01:46:50.260] [INFO] - [connection closed][0m
[AI parse] safeParseJson failed after robust extraction, raw head: {
  "productAnalysis": {
    "needed": true,
    "productExplanation": "客户提到的产品是拉伸缠绕膜（Stretch wrap film），也叫缠绕膜/打包膜，主要用于托盘货物固定、箱装打包和机器/手工缠绕。常见分型为手用缠绕膜和机用缠绕膜，规格通常按宽度、厚度（微米）、纸管内径和每卷长度区分。客户说的box stretch、machine stretch、packing stretch、machinery parts stretch基本是应用场景，不是完全不同的产品；他最后问的“3 cm”可能指纸管芯内径或膜卷宽度。",

[AI analyze] format abnormal, retry once. rawHead= {
  "productAnalysis": {
    "needed": true,
    "productExplanation": "客户提到的产品是拉伸缠绕膜（Stretch wrap film），也叫缠绕膜/打包膜，主要用于托盘货物固定、箱装打包和机器/手工缠绕。常见分型为手用缠绕膜和机用缠绕膜，规格通常按宽度、厚度（微米）、纸管内径和每卷长度区分。客户说的box stretch、machine stretch、packing stretch、machinery parts stretch基本是应用场景，不是完全不同的产品；他最后问的“3 cm”可能指纸管芯内径或膜卷宽度。",

[AI Client] skip provider p1786601714577 (skipProviderId), trying fallback...
[33m[2026-09-20T01:48:04.579] [INFO] - [Starting direct file download in chunks of 131072 at 0, stride 131072][0m
[33m[2026-09-20T01:48:04.580] [INFO] - [Connecting to 149.154.175.56:443/TCPFull...][0m
[33m[2026-09-20T01:48:04.773] [INFO] - [Connection to 149.154.175.56:443/TCPFull complete!][0m
[33m[2026-09-20T01:48:04.977] [INFO] - [File lives in another DC][0m
[33m[2026-09-20T01:48:04.977] [INFO] - [Connecting to 91.108.56.183:443/TCPFull...][0m
[33m[2026-09-20T01:48:05.044] [INFO] - [Connection to 91.108.56.183:443/TCPFull complete!][0m
[33m[2026-09-20T01:48:05.334] [INFO] - [Starting direct file download in chunks of 131072 at 0, stride 131072][0m
[33m[2026-09-20T01:48:05.536] [INFO] - [File lives in another DC][0m
[BatchRetranslate] Processed 20 messages, translated 0 for 6451398844@telegram
[33m[2026-09-20T01:48:06.309] [INFO] - [Starting direct file download in chunks of 131072 at 0, stride 131072][0m
[TG] Backfilled 0 new messages (total history: 74) for 6451398844@telegram
[Socket] User 1 disconnected (socket: JymI4W_SKP1RYyNYAAAr, reason: transport close)
[Socket] User 1 connected (socket: 3lhHvn1qxksDg3tMAAAu)
[Socket] User 1 connected (socket: syY9T0QImUjW3DjFAAAv)
[WA Sync] wa_whatsapp1_mtc3zz7c synced 8 contacts
[33m[2026-09-20T01:48:16.267] [INFO] - [Starting direct file download in chunks of 131072 at 0, stride 131072][0m
[33m[2026-09-20T01:48:16.469] [INFO] - [File lives in another DC][0m
[33m[2026-09-20T01:48:16.630] [INFO] - [Starting direct file download in chunks of 131072 at 0, stride 131072][0m
[33m[2026-09-20T01:48:16.864] [INFO] - [File lives in another DC][0m
[AI parse] safeParseJson failed after robust extraction, raw head: {
  "productAnalysis": {
    "needed": false,
    "productExplanation": "",
    "matchLevel": "HIGH",
    "matchedProducts": [
      "Stretch wrap film"
    ],
    "keyParamsToConfirm": [
      "膜厚（15/20/25微米等）",
      "3cm是否为纸管芯内径",
      "客户邮箱或WhatsApp用于发高清照片和正式报价",
      "各规格1000pcs是否为最终试单数量"
   
[AI analyze] format abnormal after retry. rawHead= {
  "productAnalysis": {
    "needed": false,
    "productExplanation": "",
    "matchLevel": "HIGH",
    "matchedProducts": [
      "Stretch wrap film"
    ],
    "keyParamsToConfirm": [
      "膜厚（15/20/25微米等）",
      "3cm是否为纸管芯内径",
      "客户邮箱或WhatsApp用于发高清照片和正式报价",
      "各规格1000pcs是否为最终试单数量"
    ]
  },
  "isFirstInquiry": false,
  "analysis": "客户前面已经问到价格，我们也发了价目表，但他现在没有确认厚度，反而继续要材料照片、手用和机用照片，还特别提到3cm管芯照片。这说明他不是单纯比价，而是想先看实物确认品质和是不是他熟悉的包装规格，心里还在犹豫。我们这边已经报过一次价，现在别只丢图片过去，要借着发照片把厚度和收货渠道这两个缺口补上，把单子往前推。核心策略：先应下照片需求→顺手确认3cm管芯和厚度→要邮箱或WhatsApp发送高清图并锁定CIF报价。",
  "replies": [
    {
      "name": "热情确认版",
      "desc": "先爽快答应发照片，顺手要邮箱或WhatsApp，并再次引导确认厚度，适合继续破冰推进。",
      "foreign": "Thanks for your message! No problem — I'll prepare clear material photos for you, including hand stretch film, machin
[33m[2026-09-20T01:48:17.184] [INFO] - [Starting direct file download in chunks of 131072 at 0, stride 131072][0m
[BatchRetranslate] Processed 20 messages, translated 0 for 6451398844@telegram
[TG] Backfilled 0 new messages (total history: 74) for 6451398844@telegram
[35m[2026-09-20T01:48:46.630] [WARN] - [Disconnecting...][0m
[33m[2026-09-20T01:48:46.630] [INFO] - [Disconnecting from 149.154.175.56:443/TCPFull...][0m
[33m[2026-09-20T01:48:46.631] [INFO] - [connection closed][0m
[35m[2026-09-20T01:48:47.185] [WARN] - [Disconnecting...][0m
[33m[2026-09-20T01:48:47.185] [INFO] - [Disconnecting from 91.108.56.183:443/TCPFull...][0m
[33m[2026-09-20T01:48:47.186] [INFO] - [connection closed][0m
[TG-UB] NewMessage from 6451398844 text: 可以看看吗
[TG-UB] Incoming message: 6451398844 可以看看吗
[TG-UB] UpdateShortMessage from 6451398844 text: 可以看看吗
[TG-UB] Incoming message: 6451398844 可以看看吗
[TG-UB] Skip duplicate onMessage: 6451398844_1159_in
[33m[2026-09-20T01:49:03.174] [INFO] - [Starting direct file download in chunks of 65536 at 0, stride 65536][0m
[33m[2026-09-20T01:49:03.175] [INFO] - [Connecting to 91.108.56.183:443/TCPFull...][0m
[33m[2026-09-20T01:49:03.242] [INFO] - [Connection to 91.108.56.183:443/TCPFull complete!][0m
[35m[2026-09-20T01:49:33.243] [WARN] - [Disconnecting...][0m
[33m[2026-09-20T01:49:33.243] [INFO] - [Disconnecting from 91.108.56.183:443/TCPFull...][0m
[33m[2026-09-20T01:49:33.244] [INFO] - [connection closed][0m
[33m[2026-09-20T01:49:47.881] [INFO] - [Starting direct file download in chunks of 131072 at 0, stride 131072][0m
[33m[2026-09-20T01:49:47.881] [INFO] - [Connecting to 149.154.175.56:443/TCPFull...][0m
[33m[2026-09-20T01:49:48.069] [INFO] - [Connection to 149.154.175.56:443/TCPFull complete!][0m
[33m[2026-09-20T01:49:48.264] [INFO] - [File lives in another DC][0m
[33m[2026-09-20T01:49:48.264] [INFO] - [Connecting to 91.108.56.183:443/TCPFull...][0m
[33m[2026-09-20T01:49:48.331] [INFO] - [Connection to 91.108.56.183:443/TCPFull complete!][0m
[33m[2026-09-20T01:49:48.558] [INFO] - [Starting direct file download in chunks of 131072 at 0, stride 131072][0m
[33m[2026-09-20T01:49:48.752] [INFO] - [File lives in another DC][0m
[BatchRetranslate] Processed 20 messages, translated 0 for 6451398844@telegram
[33m[2026-09-20T01:49:49.122] [INFO] - [Starting direct file download in chunks of 131072 at 0, stride 131072][0m
[TG] Backfilled 0 new messages (total history: 75) for 6451398844@telegram
[WA Send] resolve default account failed: 
Invalid `prisma.whatsAppAccount.findFirst()` invocation:

{
  where: {
    userId: 1,
    platform: "whatsapp",
    instanceName: {
      not: null
    }
  },
  orderBy: {
    updatedAt: "desc",
    ~~~~~~~~~
?   id?: SortOrder,
?   userId?: SortOrder,
?   platform?: SortOrder,
?   phone?: SortOrder | SortOrderInput,
?   name?: SortOrder | SortOrderInput,
?   pushName?: SortOrder | SortOrderInput,
?   status?: SortOrder,
?   sessionDir?: SortOrder | SortOrderInput,
?   avatarUrl?: SortOrder | SortOrderInput,
?   telegramBotToken?: SortOrder | SortOrderInput,
?   telegramBotUsername?: SortOrder | SortOrderInput,
?   telegramBotInfo?: SortOrder | SortOrderInput,
?   telegramProxyProtocol?: SortOrder | SortOrderInput,
?   telegramProxyHost?: SortOrder | SortOrderInput,
?   telegramProxyPort?: SortOrder | SortOrderInput,
?   telegramProxyUser?: SortOrder | SortOrderInput,
?   telegramProxyPass?: SortOrder | SortOrderInput,
?   createdAt?: SortOrder,
?   lastActiveAt?: SortOrder | SortOrderInput,
?   instanceName?: SortOrder | SortOrderInput,
?   contacts?: ContactOrderByRelationAggregateInput,
?   conversations?: ConversationOrderByRelationAggregateInput,
?   messages?: MessageOrderByRelationAggregateInput,
?   user?: UserOrderByWithRelationInput
  },
  select: {
    id: true,
    instanceName: true
  }
}

Unknown argument `updatedAt`. Did you mean `createdAt`? Available options are marked with ?.
[TG-UB] NewMessage from 6451398844 text: 床
[TG-UB] Incoming message: 6451398844 床
[TG-UB] UpdateShortMessage from 6451398844 text: 床
[TG-UB] Incoming message: 6451398844 床
[TG-UB] Skip duplicate onMessage: 6451398844_1161_in
[33m[2026-09-20T01:50:00.842] [INFO] - [Starting direct file download in chunks of 65536 at 0, stride 65536][0m
[TG-UB] NewMessage from 6451398844 text: 之前约了一个床就1米宽  床上都是脏衣服
[TG-UB] Incoming message: 6451398844 之前约了一个床就1米宽  床上都是脏衣服
[TG-UB] UpdateShortMessage from 6451398844 text: 之前约了一个床就1米宽  床上都是脏衣服
[TG-UB] Incoming message: 6451398844 之前约了一个床就1米宽  床上都是脏衣服
[TG-UB] Skip duplicate onMessage: 6451398844_1162_in
[33m[2026-09-20T01:50:13.099] [INFO] - [Starting direct file download in chunks of 65536 at 0, stride 65536][0m
[35m[2026-09-20T01:50:18.558] [WARN] - [Disconnecting...][0m
[33m[2026-09-20T01:50:18.558] [INFO] - [Disconnecting from 149.154.175.56:443/TCPFull...][0m
[33m[2026-09-20T01:50:18.559] [INFO] - [connection closed][0m
[TG-UB] Poll found message from 6451398844 text: 之前约了一个床就1米宽  床上都是脏衣服
[TG-UB] Incoming message: 6451398844 之前约了一个床就1米宽  床上都是脏衣服
[TG-UB] Skip duplicate onMessage: 6451398844_1162_in
[TG-UB] Poll found message from 6451398844 text: 床
[TG-UB] Incoming message: 6451398844 床
[TG-UB] Skip duplicate onMessage: 6451398844_1161_in
[TG-UB] Poll found OUTGOING message to 6451398844 text: 看房间吗
[TG-UB] Incoming message: 6451398844 看房间吗
[TG-UB] Poll found message from 6451398844 text: 可以看看吗
[TG-UB] Incoming message: 6451398844 可以看看吗
[TG-UB] Skip duplicate onMessage: 6451398844_1159_in
[33m[2026-09-20T01:50:20.218] [INFO] - [Starting direct file download in chunks of 65536 at 0, stride 65536][0m
[TG-UB] NewMessage from 6451398844 text: 我都直接让他开酒店
[TG-UB] Incoming message: 6451398844 我都直接让他开酒店
[TG-UB] UpdateShortMessage from 6451398844 text: 我都直接让他开酒店
[TG-UB] Incoming message: 6451398844 我都直接让他开酒店
[TG-UB] Skip duplicate onMessage: 6451398844_1163_in
[33m[2026-09-20T01:50:22.716] [INFO] - [Starting direct file download in chunks of 65536 at 0, stride 65536][0m
[TG-UB] NewMessage from 6451398844 text: 还让我付一半酒店的钱
[TG-UB] Incoming message: 6451398844 还让我付一半酒店的钱
[TG-UB] UpdateShortMessage from 6451398844 text: 还让我付一半酒店的钱
[TG-UB] Incoming message: 6451398844 还让我付一半酒店的钱
[TG-UB] Skip duplicate onMessage: 6451398844_1164_in
[33m[2026-09-20T01:50:28.730] [INFO] - [Starting direct file download in chunks of 65536 at 0, stride 65536][0m
[TG-UB] NewMessage from 6451398844 text: 那种就浪费时间了
[TG-UB] Incoming message: 6451398844 那种就浪费时间了
[TG-UB] UpdateShortMessage from 6451398844 text: 那种就浪费时间了
[TG-UB] Incoming message: 6451398844 那种就浪费时间了
[TG-UB] Skip duplicate onMessage: 6451398844_1165_in
[33m[2026-09-20T01:50:35.088] [INFO] - [Starting direct file download in chunks of 65536 at 0, stride 65536][0m
[WA Send] resolve default account failed: 
Invalid `prisma.whatsAppAccount.findFirst()` invocation:

{
  where: {
    userId: 1,
    platform: "whatsapp",
    instanceName: {
      not: null
    }
  },
  orderBy: {
    updatedAt: "desc",
    ~~~~~~~~~
?   id?: SortOrder,
?   userId?: SortOrder,
?   platform?: SortOrder,
?   phone?: SortOrder | SortOrderInput,
?   name?: SortOrder | SortOrderInput,
?   pushName?: SortOrder | SortOrderInput,
?   status?: SortOrder,
?   sessionDir?: SortOrder | SortOrderInput,
?   avatarUrl?: SortOrder | SortOrderInput,
?   telegramBotToken?: SortOrder | SortOrderInput,
?   telegramBotUsername?: SortOrder | SortOrderInput,
?   telegramBotInfo?: SortOrder | SortOrderInput,
?   telegramProxyProtocol?: SortOrder | SortOrderInput,
?   telegramProxyHost?: SortOrder | SortOrderInput,
?   telegramProxyPort?: SortOrder | SortOrderInput,
?   telegramProxyUser?: SortOrder | SortOrderInput,
?   telegramProxyPass?: SortOrder | SortOrderInput,
?   createdAt?: SortOrder,
?   lastActiveAt?: SortOrder | SortOrderInput,
?   instanceName?: SortOrder | SortOrderInput,
?   contacts?: ContactOrderByRelationAggregateInput,
?   conversations?: ConversationOrderByRelationAggregateInput,
?   messages?: MessageOrderByRelationAggregateInput,
?   user?: UserOrderByWithRelationInput
  },
  select: {
    id: true,
    instanceName: true
  }
}

Unknown argument `updatedAt`. Did you mean `createdAt`? Available options are marked with ?.
[35m[2026-09-20T01:51:05.088] [WARN] - [Disconnecting...][0m
[33m[2026-09-20T01:51:05.088] [INFO] - [Disconnecting from 91.108.56.183:443/TCPFull...][0m
[33m[2026-09-20T01:51:05.089] [INFO] - [connection closed][0m
[TG-UB] Poll found OUTGOING message to 6451398844 text: 床中午回去拍给你看
[TG-UB] Incoming message: 6451398844 床中午回去拍给你看
[TG-UB] Poll found message from 6451398844 text: 那种就浪费时间了
[TG-UB] Incoming message: 6451398844 那种就浪费时间了
[TG-UB] Skip duplicate onMessage: 6451398844_1165_in
[TG-UB] Poll found message from 6451398844 text: 还让我付一半酒店的钱
[TG-UB] Incoming message: 6451398844 还让我付一半酒店的钱
[TG-UB] Skip duplicate onMessage: 6451398844_1164_in
[TG-UB] Poll found message from 6451398844 text: 我都直接让他开酒店
[TG-UB] Incoming message: 6451398844 我都直接让他开酒店
[TG-UB] Skip duplicate onMessage: 6451398844_1163_in
[33m[2026-09-20T01:52:20.211] [INFO] - [Starting direct file download in chunks of 65536 at 0, stride 65536][0m
[33m[2026-09-20T01:52:20.211] [INFO] - [Connecting to 91.108.56.183:443/TCPFull...][0m
[33m[2026-09-20T01:52:20.278] [INFO] - [Connection to 91.108.56.183:443/TCPFull complete!][0m
[35m[2026-09-20T01:52:50.279] [WARN] - [Disconnecting...][0m
[33m[2026-09-20T01:52:50.279] [INFO] - [Disconnecting from 91.108.56.183:443/TCPFull...][0m
[33m[2026-09-20T01:52:50.279] [INFO] - [connection closed][0m
[TG-UB] NewMessage from 6451398844 text: Okk
[TG-UB] Incoming message: 6451398844 Okk
[TG-UB] UpdateShortMessage from 6451398844 text: Okk
[TG-UB] Incoming message: 6451398844 Okk
[TG-UB] Skip duplicate onMessage: 6451398844_1167_in
[33m[2026-09-20T01:53:43.140] [INFO] - [Starting direct file download in chunks of 65536 at 0, stride 65536][0m
[33m[2026-09-20T01:53:43.140] [INFO] - [Connecting to 91.108.56.183:443/TCPFull...][0m
[33m[2026-09-20T01:53:43.207] [INFO] - [Connection to 91.108.56.183:443/TCPFull complete!][0m
[35m[2026-09-20T01:54:13.209] [WARN] - [Disconnecting...][0m
[33m[2026-09-20T01:54:13.210] [INFO] - [Disconnecting from 91.108.56.183:443/TCPFull...][0m
[33m[2026-09-20T01:54:13.210] [INFO] - [connection closed][0m
[TG-UB] Poll found message from 6451398844 text: Okk
[TG-UB] Incoming message: 6451398844 Okk
[TG-UB] Skip duplicate onMessage: 6451398844_1167_in
[33m[2026-09-20T01:54:20.220] [INFO] - [Starting direct file download in chunks of 131072 at 0, stride 131072][0m
[33m[2026-09-20T01:54:20.220] [INFO] - [Connecting to 149.154.175.56:443/TCPFull...][0m
[33m[2026-09-20T01:54:20.424] [INFO] - [Connection to 149.154.175.56:443/TCPFull complete!][0m
[33m[2026-09-20T01:54:20.638] [INFO] - [File lives in another DC][0m
[33m[2026-09-20T01:54:20.638] [INFO] - [Connecting to 91.108.56.183:443/TCPFull...][0m
[33m[2026-09-20T01:54:20.704] [INFO] - [Connection to 91.108.56.183:443/TCPFull complete!][0m
[33m[2026-09-20T01:54:20.965] [INFO] - [Starting direct file download in chunks of 131072 at 0, stride 131072][0m
[33m[2026-09-20T01:54:21.175] [INFO] - [File lives in another DC][0m
[33m[2026-09-20T01:54:21.242] [INFO] - [Starting direct file download in chunks of 131072 at 0, stride 131072][0m
[33m[2026-09-20T01:54:21.518] [INFO] - [Starting direct file download in chunks of 131072 at 0, stride 131072][0m
[33m[2026-09-20T01:54:21.631] [INFO] - [File lives in another DC][0m
[TG] Backfilled 0 new messages (total history: 83) for 6451398844@telegram
[33m[2026-09-20T01:54:21.752] [INFO] - [Starting direct file download in chunks of 131072 at 0, stride 131072][0m
[33m[2026-09-20T01:54:22.087] [INFO] - [File lives in another DC][0m
[33m[2026-09-20T01:54:22.318] [INFO] - [Starting direct file download in chunks of 131072 at 0, stride 131072][0m
[TG] Backfilled 0 new messages (total history: 83) for 6451398844@telegram
[AI Client] DeepSeek V4 Pro reasoning-only empty content (finish=length), retry with max_tokens=4096
[AI Client] DeepSeek V4 Pro reasoning-only empty content (finish=length), retry with max_tokens=4096
[BatchRetranslate] Processed 20 messages, translated 1 for 6451398844@telegram
[BatchRetranslate] Processed 20 messages, translated 1 for 6451398844@telegram
[35m[2026-09-20T01:54:51.752] [WARN] - [Disconnecting...][0m
[33m[2026-09-20T01:54:51.753] [INFO] - [Disconnecting from 149.154.175.56:443/TCPFull...][0m
[33m[2026-09-20T01:54:51.753] [INFO] - [connection closed][0m
[35m[2026-09-20T01:54:52.319] [WARN] - [Disconnecting...][0m
[33m[2026-09-20T01:54:52.319] [INFO] - [Disconnecting from 91.108.56.183:443/TCPFull...][0m
[33m[2026-09-20T01:54:52.319] [INFO] - [connection closed][0m
[TG-UB] NewMessage from -1003821755044 text: plz PM
[TG-UB] Incoming message: -1003821755044 plz PM
[TG-UB] Incoming message: -1003821755044 plz PM
[TG-UB] Skip duplicate onMessage: -1003821755044_20243_in
[33m[2026-09-20T01:58:21.750] [INFO] - [Starting direct file download in chunks of 65536 at 0, stride 65536][0m
[33m[2026-09-20T01:58:21.750] [INFO] - [Connecting to 149.154.175.56:443/TCPFull...][0m
[33m[2026-09-20T01:58:21.944] [INFO] - [Connection to 149.154.175.56:443/TCPFull complete!][0m
[TG] Backfilled 0 new messages (total history: 15) for 7325442846@telegram
[BatchRetranslate] Processed 6 messages, translated 0 for 7325442846@telegram
[TG-UB] Poll found message from -1003821755044 text: plz PM
[TG-UB] Incoming message: -1003821755044 plz PM
[TG-UB] Skip duplicate onMessage: -1003821755044_20243_in
[TG-UB Translate] en->zh: "plz PM" => "请私信"
[TG-UB] Emitting translation events, io.connected: 2
[Socket] User 1 disconnected (socket: syY9T0QImUjW3DjFAAAv, reason: transport close)
[Socket] User 1 disconnected (socket: 3lhHvn1qxksDg3tMAAAu, reason: transport close)
[Socket] User 1 connected (socket: l6T7GsOpA3nUaPQRAAAy)
[Socket] User 1 connected (socket: U9yZaz610hIFKqGTAAAz)
[WA Sync] wa_whatsapp1_mtc3zz7c synced 8 contacts
[TG] Backfilled 0 new messages (total history: 15) for 7325442846@telegram
[BatchRetranslate] Processed 6 messages, translated 0 for 7325442846@telegram
[35m[2026-09-20T01:58:51.945] [WARN] - [Disconnecting...][0m
[33m[2026-09-20T01:58:51.945] [INFO] - [Disconnecting from 149.154.175.56:443/TCPFull...][0m
[33m[2026-09-20T01:58:51.946] [INFO] - [connection closed][0m
[TG-UB] NewMessage from -1003821755044 text: pm plz
[TG-UB] Incoming message: -1003821755044 pm plz
[TG-UB] Incoming message: -1003821755044 pm plz
[TG-UB] Skip duplicate onMessage: -1003821755044_20244_in
[33m[2026-09-20T01:58:59.389] [INFO] - [Starting direct file download in chunks of 65536 at 0, stride 65536][0m
[33m[2026-09-20T01:58:59.389] [INFO] - [Connecting to 149.154.175.56:443/TCPFull...][0m
[33m[2026-09-20T01:58:59.613] [INFO] - [Connection to 149.154.175.56:443/TCPFull complete!][0m
[TG-UB Translate] en->zh: "pm plz" => "请私信。"
[TG-UB] Emitting translation events, io.connected: 2
[35m[2026-09-20T01:59:29.617] [WARN] - [Disconnecting...][0m
[33m[2026-09-20T01:59:29.617] [INFO] - [Disconnecting from 149.154.175.56:443/TCPFull...][0m
[33m[2026-09-20T01:59:29.617] [INFO] - [connection closed][0m
[TG-UB] Poll found message from -1003821755044 text: pm plz
[TG-UB] Incoming message: -1003821755044 pm plz
[TG-UB] Skip duplicate onMessage: -1003821755044_20244_in
[33m[2026-09-20T02:05:57.954] [INFO] - [Starting direct file download in chunks of 131072 at 0, stride 131072][0m
[33m[2026-09-20T02:05:57.955] [INFO] - [Connecting to 91.108.56.183:443/TCPFull...][0m
[33m[2026-09-20T02:05:58.021] [INFO] - [Connection to 91.108.56.183:443/TCPFull complete!][0m
[33m[2026-09-20T02:05:58.616] [INFO] - [Starting direct file download in chunks of 262144 at 0, stride 262144][0m
[33m[2026-09-20T02:05:58.617] [INFO] - [Connecting to 149.154.175.56:443/TCPFull...][0m
[33m[2026-09-20T02:05:58.842] [INFO] - [Connection to 149.154.175.56:443/TCPFull complete!][0m
[BatchRetranslate] Processed 4 messages, translated 0 for -1003821755044@telegram
[33m[2026-09-20T02:05:59.079] [INFO] - [File lives in another DC][0m
[35m[2026-09-20T02:06:28.841] [WARN] - [Disconnecting...][0m
[33m[2026-09-20T02:06:28.841] [INFO] - [Disconnecting from 149.154.175.56:443/TCPFull...][0m
[33m[2026-09-20T02:06:28.842] [INFO] - [connection closed][0m
[33m[2026-09-20T02:06:49.451] [INFO] - [Starting direct file download in chunks of 262144 at 0, stride 262144][0m
[33m[2026-09-20T02:06:49.452] [INFO] - [Connecting to 149.154.175.56:443/TCPFull...][0m
[33m[2026-09-20T02:06:49.661] [INFO] - [Connection to 149.154.175.56:443/TCPFull complete!][0m
[33m[2026-09-20T02:06:49.881] [INFO] - [File lives in another DC][0m
[35m[2026-09-20T02:07:19.661] [WARN] - [Disconnecting...][0m
[33m[2026-09-20T02:07:19.661] [INFO] - [Disconnecting from 149.154.175.56:443/TCPFull...][0m
[33m[2026-09-20T02:07:19.662] [INFO] - [connection closed][0m
[33m[2026-09-20T02:07:46.336] [INFO] - [Starting direct file download in chunks of 262144 at 0, stride 262144][0m
[33m[2026-09-20T02:07:46.337] [INFO] - [Connecting to 149.154.175.56:443/TCPFull...][0m
[33m[2026-09-20T02:07:46.531] [INFO] - [Connection to 149.154.175.56:443/TCPFull complete!][0m
[33m[2026-09-20T02:07:46.733] [INFO] - [File lives in another DC][0m
[35m[2026-09-20T02:08:16.531] [WARN] - [Disconnecting...][0m
[33m[2026-09-20T02:08:16.531] [INFO] - [Disconnecting from 149.154.175.56:443/TCPFull...][0m
[33m[2026-09-20T02:08:16.531] [INFO] - [connection closed][0m
[TG-UB] Poll found OUTGOING message to 6451398844 text: 你们可以给现金吗
[TG-UB] Incoming message: 6451398844 你们可以给现金吗
[33m[2026-09-20T02:08:20.245] [INFO] - [Starting direct file download in chunks of 65536 at 0, stride 65536][0m
[TG] Backfilled 0 new messages (total history: 50) for -1003821755044@telegram
[35m[2026-09-20T02:09:20.158] [WARN] - [Disconnecting...][0m
[33m[2026-09-20T02:09:20.159] [INFO] - [Disconnecting from 91.108.56.183:443/TCPFull...][0m
[33m[2026-09-20T02:09:20.159] [INFO] - [connection closed][0m
[TG-UB] NewMessage from 6451398844 text: 你钱又不是给我的  你是支付给平台
[TG-UB] Incoming message: 6451398844 你钱又不是给我的  你是支付给平台
[TG-UB] UpdateShortMessage from 6451398844 text: 你钱又不是给我的  你是支付给平台
[TG-UB] Incoming message: 6451398844 你钱又不是给我的  你是支付给平台
[TG-UB] Skip duplicate onMessage: 6451398844_1169_in
[33m[2026-09-20T02:09:23.536] [INFO] - [Starting direct file download in chunks of 65536 at 0, stride 65536][0m
[33m[2026-09-20T02:09:23.536] [INFO] - [Connecting to 91.108.56.183:443/TCPFull...][0m
[33m[2026-09-20T02:09:23.603] [INFO] - [Connection to 91.108.56.183:443/TCPFull complete!][0m
[35m[2026-09-20T02:09:53.606] [WARN] - [Disconnecting...][0m
[33m[2026-09-20T02:09:53.606] [INFO] - [Disconnecting from 91.108.56.183:443/TCPFull...][0m
[33m[2026-09-20T02:09:53.606] [INFO] - [connection closed][0m
[Automation Scheduler] Running check at 2026-09-20T02:10:16.442Z
[TG-UB] Poll found OUTGOING message to 6451398844 text: 是你到了以后再付是吧
[TG-UB] Incoming message: 6451398844 是你到了以后再付是吧
[TG-UB] Poll found message from 6451398844 text: 你钱又不是给我的  你是支付给平台
[TG-UB] Incoming message: 6451398844 你钱又不是给我的  你是支付给平台
[TG-UB] Skip duplicate onMessage: 6451398844_1169_in
[33m[2026-09-20T02:10:20.206] [INFO] - [Starting direct file download in chunks of 65536 at 0, stride 65536][0m
[33m[2026-09-20T02:10:20.206] [INFO] - [Connecting to 91.108.56.183:443/TCPFull...][0m
[33m[2026-09-20T02:10:20.272] [INFO] - [Connection to 91.108.56.183:443/TCPFull complete!][0m
[35m[2026-09-20T02:10:50.273] [WARN] - [Disconnecting...][0m
[33m[2026-09-20T02:10:50.273] [INFO] - [Disconnecting from 91.108.56.183:443/TCPFull...][0m
[33m[2026-09-20T02:10:50.273] [INFO] - [connection closed][0m
[TG-UB] NewMessage from 6451398844 text: 对的呢
[TG-UB] Incoming message: 6451398844 对的呢
[TG-UB] UpdateShortMessage from 6451398844 text: 对的呢
[TG-UB] Incoming message: 6451398844 对的呢
[TG-UB] Skip duplicate onMessage: 6451398844_1171_in
[33m[2026-09-20T02:15:53.325] [INFO] - [Starting direct file download in chunks of 65536 at 0, stride 65536][0m
[33m[2026-09-20T02:15:53.325] [INFO] - [Connecting to 91.108.56.183:443/TCPFull...][0m
[33m[2026-09-20T02:15:53.393] [INFO] - [Connection to 91.108.56.183:443/TCPFull complete!][0m
[TG-UB] NewMessage from 6451398844 text: 满意的话  你要支付给平台
[TG-UB] Incoming message: 6451398844 满意的话  你要支付给平台
[TG-UB] UpdateShortMessage from 6451398844 text: 满意的话  你要支付给平台
[TG-UB] Incoming message: 6451398844 满意的话  你要支付给平台
[TG-UB] Skip duplicate onMessage: 6451398844_1172_in
[33m[2026-09-20T02:16:01.739] [INFO] - [Starting direct file download in chunks of 65536 at 0, stride 65536][0m
[TG-UB] NewMessage from 6451398844 text: 不是付给我
[TG-UB] Incoming message: 6451398844 不是付给我
[TG-UB] UpdateShortMessage from 6451398844 text: 不是付给我
[TG-UB] Incoming message: 6451398844 不是付给我
[TG-UB] Skip duplicate onMessage: 6451398844_1173_in
[33m[2026-09-20T02:16:06.362] [INFO] - [Starting direct file download in chunks of 65536 at 0, stride 65536][0m
[TG-UB] Poll found message from 6451398844 text: 不是付给我
[TG-UB] Incoming message: 6451398844 不是付给我
[TG-UB] Skip duplicate onMessage: 6451398844_1173_in
[TG-UB] Poll found message from 6451398844 text: 满意的话  你要支付给平台
[TG-UB] Incoming message: 6451398844 满意的话  你要支付给平台
[TG-UB] Skip duplicate onMessage: 6451398844_1172_in
[TG-UB] Poll found message from 6451398844 text: 对的呢
[TG-UB] Incoming message: 6451398844 对的呢
[TG-UB] Skip duplicate onMessage: 6451398844_1171_in
[35m[2026-09-20T02:16:36.363] [WARN] - [Disconnecting...][0m
[33m[2026-09-20T02:16:36.363] [INFO] - [Disconnecting from 91.108.56.183:443/TCPFull...][0m
[33m[2026-09-20T02:16:36.363] [INFO] - [connection closed][0m
[Automation Scheduler] Running check at 2026-09-20T02:40:16.442Z
[TG-UB] NewMessage from -1003821755044 text: Pm thx
[TG-UB] Incoming message: -1003821755044 Pm thx
[TG-UB] Incoming message: -1003821755044 Pm thx
[TG-UB] Skip duplicate onMessage: -1003821755044_20245_in
[33m[2026-09-20T02:43:30.025] [INFO] - [Starting direct file download in chunks of 65536 at 0, stride 65536][0m
[33m[2026-09-20T02:43:30.025] [INFO] - [Connecting to 149.154.175.56:443/TCPFull...][0m
[33m[2026-09-20T02:43:30.222] [INFO] - [Connection to 149.154.175.56:443/TCPFull complete!][0m
[TG-UB Translate] en->zh: "Pm thx" => "私信，谢谢"
[TG-UB] Emitting translation events, io.connected: 2
[35m[2026-09-20T02:44:00.223] [WARN] - [Disconnecting...][0m
[33m[2026-09-20T02:44:00.223] [INFO] - [Disconnecting from 149.154.175.56:443/TCPFull...][0m
[33m[2026-09-20T02:44:00.223] [INFO] - [connection closed][0m
[TG-UB] Poll found message from -1003821755044 text: Pm thx
[TG-UB] Incoming message: -1003821755044 Pm thx
[TG-UB] Skip duplicate onMessage: -1003821755044_20245_in
[TG-UB] NewMessage from -1003821755044 text: 求pm
[TG-UB] Incoming message: -1003821755044 求pm
[TG-UB] Incoming message: -1003821755044 求pm
[TG-UB] Skip duplicate onMessage: -1003821755044_20246_in
[33m[2026-09-20T02:46:00.148] [INFO] - [Starting direct file download in chunks of 65536 at 0, stride 65536][0m
[33m[2026-09-20T02:46:00.148] [INFO] - [Connecting to 149.154.175.56:443/TCPFull...][0m
[33m[2026-09-20T02:46:00.342] [INFO] - [Connection to 149.154.175.56:443/TCPFull complete!][0m
[TG-UB] Poll found message from -1003821755044 text: 求pm
[TG-UB] Incoming message: -1003821755044 求pm
[TG-UB] Skip duplicate onMessage: -1003821755044_20246_in
[35m[2026-09-20T02:46:30.343] [WARN] - [Disconnecting...][0m
[33m[2026-09-20T02:46:30.343] [INFO] - [Disconnecting from 149.154.175.56:443/TCPFull...][0m
[33m[2026-09-20T02:46:30.343] [INFO] - [connection closed][0m
[TG-UB] NewMessage from 6451398844 text: 下午1点这样子  行不
[TG-UB] Incoming message: 6451398844 下午1点这样子  行不
[TG-UB] UpdateShortMessage from 6451398844 text: 下午1点这样子  行不
[TG-UB] Incoming message: 6451398844 下午1点这样子  行不
[TG-UB] Skip duplicate onMessage: 6451398844_1174_in
[33m[2026-09-20T02:47:36.909] [INFO] - [Starting direct file download in chunks of 65536 at 0, stride 65536][0m
[33m[2026-09-20T02:47:36.909] [INFO] - [Connecting to 91.108.56.183:443/TCPFull...][0m
[33m[2026-09-20T02:47:36.976] [INFO] - [Connection to 91.108.56.183:443/TCPFull complete!][0m
[35m[2026-09-20T02:48:06.979] [WARN] - [Disconnecting...][0m
[33m[2026-09-20T02:48:06.979] [INFO] - [Disconnecting from 91.108.56.183:443/TCPFull...][0m
[33m[2026-09-20T02:48:06.979] [INFO] - [connection closed][0m
[TG-UB] Poll found message from 6451398844 text: 下午1点这样子  行不
[TG-UB] Incoming message: 6451398844 下午1点这样子  行不
[TG-UB] Skip duplicate onMessage: 6451398844_1174_in
[TG-UB] NewMessage from -1003821755044 text: Pm pls
[TG-UB] Incoming message: -1003821755044 Pm pls
[TG-UB] Incoming message: -1003821755044 Pm pls
[TG-UB] Skip duplicate onMessage: -1003821755044_20247_in
[33m[2026-09-20T03:02:15.409] [INFO] - [Starting direct file download in chunks of 65536 at 0, stride 65536][0m
[33m[2026-09-20T03:02:15.409] [INFO] - [Connecting to 149.154.175.56:443/TCPFull...][0m
[33m[2026-09-20T03:02:15.603] [INFO] - [Connection to 149.154.175.56:443/TCPFull complete!][0m
[TG-UB Translate] en->zh: "Pm pls" => "请私信"
[TG-UB] Emitting translation events, io.connected: 2
[TG-UB] Poll found message from -1003821755044 text: Pm pls
[TG-UB] Incoming message: -1003821755044 Pm pls
[TG-UB] Skip duplicate onMessage: -1003821755044_20247_in
[35m[2026-09-20T03:02:45.604] [WARN] - [Disconnecting...][0m
[33m[2026-09-20T03:02:45.604] [INFO] - [Disconnecting from 149.154.175.56:443/TCPFull...][0m
[33m[2026-09-20T03:02:45.604] [INFO] - [connection closed][0m
[Automation Scheduler] Running check at 2026-09-20T03:10:16.443Z
[33m[2026-09-20T03:13:59.796] [INFO] - [Starting direct file download in chunks of 131072 at 0, stride 131072][0m
[33m[2026-09-20T03:13:59.796] [INFO] - [Connecting to 149.154.175.56:443/TCPFull...][0m
[33m[2026-09-20T03:13:59.989] [INFO] - [Connection to 149.154.175.56:443/TCPFull complete!][0m
[33m[2026-09-20T03:14:00.232] [INFO] - [File lives in another DC][0m
[33m[2026-09-20T03:14:00.233] [INFO] - [Connecting to 91.108.56.183:443/TCPFull...][0m
[33m[2026-09-20T03:14:00.300] [INFO] - [Connection to 91.108.56.183:443/TCPFull complete!][0m
[33m[2026-09-20T03:14:00.537] [INFO] - [Starting direct file download in chunks of 131072 at 0, stride 131072][0m
[BatchRetranslate] Processed 20 messages, translated 0 for 6451398844@telegram
[33m[2026-09-20T03:14:00.738] [INFO] - [File lives in another DC][0m
[33m[2026-09-20T03:14:01.171] [INFO] - [Starting direct file download in chunks of 131072 at 0, stride 131072][0m
[33m[2026-09-20T03:14:01.302] [INFO] - [Starting direct file download in chunks of 131072 at 0, stride 131072][0m
[33m[2026-09-20T03:14:01.530] [INFO] - [File lives in another DC][0m
[33m[2026-09-20T03:14:03.069] [INFO] - [Starting direct file download in chunks of 131072 at 0, stride 131072][0m
[33m[2026-09-20T03:14:03.182] [INFO] - [Starting direct file download in chunks of 131072 at 0, stride 131072][0m
[33m[2026-09-20T03:14:03.385] [INFO] - [File lives in another DC][0m
[TG] Backfilled 0 new messages (total history: 90) for 6451398844@telegram
[35m[2026-09-20T03:14:33.183] [WARN] - [Disconnecting...][0m
[33m[2026-09-20T03:14:33.183] [INFO] - [Disconnecting from 149.154.175.56:443/TCPFull...][0m
[33m[2026-09-20T03:14:33.183] [INFO] - [connection closed][0m
[35m[2026-09-20T03:14:33.386] [WARN] - [Disconnecting...][0m
[33m[2026-09-20T03:14:33.386] [INFO] - [Disconnecting from 91.108.56.183:443/TCPFull...][0m
[33m[2026-09-20T03:14:33.386] [INFO] - [connection closed][0m
[33m[2026-09-20T03:17:13.977] [INFO] - [Starting direct file download in chunks of 131072 at 0, stride 131072][0m
[33m[2026-09-20T03:17:13.977] [INFO] - [Connecting to 91.108.56.183:443/TCPFull...][0m
[33m[2026-09-20T03:17:14.044] [INFO] - [Connection to 91.108.56.183:443/TCPFull complete!][0m
[33m[2026-09-20T03:17:14.634] [INFO] - [Starting direct file download in chunks of 262144 at 0, stride 262144][0m
[33m[2026-09-20T03:17:14.635] [INFO] - [Connecting to 149.154.175.56:443/TCPFull...][0m
[33m[2026-09-20T03:17:14.828] [INFO] - [Connection to 149.154.175.56:443/TCPFull complete!][0m
[BatchRetranslate] Processed 5 messages, translated 0 for -1003821755044@telegram
[33m[2026-09-20T03:17:15.037] [INFO] - [File lives in another DC][0m
[35m[2026-09-20T03:17:44.829] [WARN] - [Disconnecting...][0m
[33m[2026-09-20T03:17:44.829] [INFO] - [Disconnecting from 149.154.175.56:443/TCPFull...][0m
[33m[2026-09-20T03:17:44.829] [INFO] - [connection closed][0m
[33m[2026-09-20T03:17:56.771] [INFO] - [Starting direct file download in chunks of 262144 at 0, stride 262144][0m
[33m[2026-09-20T03:17:56.771] [INFO] - [Connecting to 149.154.175.56:443/TCPFull...][0m
[33m[2026-09-20T03:17:56.996] [INFO] - [Connection to 149.154.175.56:443/TCPFull complete!][0m
[33m[2026-09-20T03:17:57.230] [INFO] - [File lives in another DC][0m
[35m[2026-09-20T03:18:26.996] [WARN] - [Disconnecting...][0m
[33m[2026-09-20T03:18:26.996] [INFO] - [Disconnecting from 149.154.175.56:443/TCPFull...][0m
[33m[2026-09-20T03:18:26.997] [INFO] - [connection closed][0m
[33m[2026-09-20T03:18:42.293] [INFO] - [Starting direct file download in chunks of 262144 at 0, stride 262144][0m
[33m[2026-09-20T03:18:42.293] [INFO] - [Connecting to 149.154.175.56:443/TCPFull...][0m
[33m[2026-09-20T03:18:42.487] [INFO] - [Connection to 149.154.175.56:443/TCPFull complete!][0m
[33m[2026-09-20T03:18:42.688] [INFO] - [File lives in another DC][0m
[35m[2026-09-20T03:19:12.488] [WARN] - [Disconnecting...][0m
[33m[2026-09-20T03:19:12.488] [INFO] - [Disconnecting from 149.154.175.56:443/TCPFull...][0m
[33m[2026-09-20T03:19:12.488] [INFO] - [connection closed][0m
[TG] Backfilled 0 new messages (total history: 53) for -1003821755044@telegram
[35m[2026-09-20T03:20:00.811] [WARN] - [Disconnecting...][0m
[33m[2026-09-20T03:20:00.811] [INFO] - [Disconnecting from 91.108.56.183:443/TCPFull...][0m
[33m[2026-09-20T03:20:00.812] [INFO] - [connection closed][0m
[Automation Scheduler] Running check at 2026-09-20T03:40:16.443Z
[TG-UB] NewMessage from -1003821755044 text: Pm thanks 🙏
[TG-UB] Incoming message: -1003821755044 Pm thanks 🙏
[TG-UB] Incoming message: -1003821755044 Pm thanks 🙏
[TG-UB] Skip duplicate onMessage: -1003821755044_20248_in
[33m[2026-09-20T03:43:26.032] [INFO] - [Starting direct file download in chunks of 65536 at 0, stride 65536][0m
[33m[2026-09-20T03:43:26.033] [INFO] - [Connecting to 149.154.175.56:443/TCPFull...][0m
[33m[2026-09-20T03:43:26.257] [INFO] - [Connection to 149.154.175.56:443/TCPFull complete!][0m
[AI Client] DeepSeek V4 Pro reasoning-only empty content (finish=length), retry with max_tokens=4096
[TG-UB Translate] en->zh: "Pm thanks 🙏" => "私信，谢谢 🙏"
[TG-UB] Emitting translation events, io.connected: 2
[35m[2026-09-20T03:43:56.259] [WARN] - [Disconnecting...][0m
[33m[2026-09-20T03:43:56.259] [INFO] - [Disconnecting from 149.154.175.56:443/TCPFull...][0m
[33m[2026-09-20T03:43:56.260] [INFO] - [connection closed][0m
[TG-UB] Poll found message from -1003821755044 text: Pm thanks 🙏
[TG-UB] Incoming message: -1003821755044 Pm thanks 🙏
[TG-UB] Skip duplicate onMessage: -1003821755044_20248_in
[33m[2026-09-20T03:49:23.354] [INFO] - [Starting direct file download in chunks of 131072 at 0, stride 131072][0m
[33m[2026-09-20T03:49:23.354] [INFO] - [Connecting to 91.108.56.183:443/TCPFull...][0m
[33m[2026-09-20T03:49:23.420] [INFO] - [Connection to 91.108.56.183:443/TCPFull complete!][0m
[33m[2026-09-20T03:49:24.083] [INFO] - [Starting direct file download in chunks of 262144 at 0, stride 262144][0m
[33m[2026-09-20T03:49:24.083] [INFO] - [Connecting to 149.154.175.56:443/TCPFull...][0m
[33m[2026-09-20T03:49:24.271] [INFO] - [Connection to 149.154.175.56:443/TCPFull complete!][0m
[BatchRetranslate] Processed 5 messages, translated 0 for -1003821755044@telegram
[33m[2026-09-20T03:49:24.466] [INFO] - [File lives in another DC][0m
[35m[2026-09-20T03:49:54.271] [WARN] - [Disconnecting...][0m
[33m[2026-09-20T03:49:54.272] [INFO] - [Disconnecting from 149.154.175.56:443/TCPFull...][0m
[33m[2026-09-20T03:49:54.272] [INFO] - [connection closed][0m
[33m[2026-09-20T03:50:18.977] [INFO] - [Starting direct file download in chunks of 262144 at 0, stride 262144][0m
[33m[2026-09-20T03:50:18.978] [INFO] - [Connecting to 149.154.175.56:443/TCPFull...][0m
[33m[2026-09-20T03:50:19.175] [INFO] - [Connection to 149.154.175.56:443/TCPFull complete!][0m
[33m[2026-09-20T03:50:19.381] [INFO] - [File lives in another DC][0m
[35m[2026-09-20T03:50:49.175] [WARN] - [Disconnecting...][0m
[33m[2026-09-20T03:50:49.175] [INFO] - [Disconnecting from 149.154.175.56:443/TCPFull...][0m
[33m[2026-09-20T03:50:49.176] [INFO] - [connection closed][0m
[33m[2026-09-20T03:51:19.226] [INFO] - [Starting direct file download in chunks of 262144 at 0, stride 262144][0m
[33m[2026-09-20T03:51:19.227] [INFO] - [Connecting to 149.154.175.56:443/TCPFull...][0m
[33m[2026-09-20T03:51:19.421] [INFO] - [Connection to 149.154.175.56:443/TCPFull complete!][0m
[33m[2026-09-20T03:51:19.630] [INFO] - [File lives in another DC][0m
[35m[2026-09-20T03:51:49.421] [WARN] - [Disconnecting...][0m
[33m[2026-09-20T03:51:49.421] [INFO] - [Disconnecting from 149.154.175.56:443/TCPFull...][0m
[33m[2026-09-20T03:51:49.422] [INFO] - [connection closed][0m
[TG] Backfilled 0 new messages (total history: 54) for -1003821755044@telegram
[35m[2026-09-20T03:52:53.230] [WARN] - [Disconnecting...][0m
[33m[2026-09-20T03:52:53.230] [INFO] - [Disconnecting from 91.108.56.183:443/TCPFull...][0m
[33m[2026-09-20T03:52:53.230] [INFO] - [connection closed][0m
[TG] Backfilled 0 new messages (total history: 54) for 3821755044@telegram
[BatchRetranslate] Processed 19 messages, translated 0 for 3821755044@telegram
[33m[2026-09-20T03:55:09.850] [INFO] - [Starting direct file download in chunks of 131072 at 0, stride 131072][0m
[33m[2026-09-20T03:55:09.850] [INFO] - [Connecting to 149.154.175.56:443/TCPFull...][0m
[33m[2026-09-20T03:55:10.037] [INFO] - [Connection to 149.154.175.56:443/TCPFull complete!][0m
[33m[2026-09-20T03:55:10.233] [INFO] - [File lives in another DC][0m
[33m[2026-09-20T03:55:10.234] [INFO] - [Connecting to 91.108.56.183:443/TCPFull...][0m
[33m[2026-09-20T03:55:10.300] [INFO] - [Connection to 91.108.56.183:443/TCPFull complete!][0m
[33m[2026-09-20T03:55:10.519] [INFO] - [Starting direct file download in chunks of 131072 at 0, stride 131072][0m
[33m[2026-09-20T03:55:10.717] [INFO] - [File lives in another DC][0m
[BatchRetranslate] Processed 20 messages, translated 0 for 6451398844@telegram
[33m[2026-09-20T03:55:11.173] [INFO] - [Starting direct file download in chunks of 131072 at 0, stride 131072][0m
[33m[2026-09-20T03:55:11.413] [INFO] - [Starting direct file download in chunks of 131072 at 0, stride 131072][0m
[33m[2026-09-20T03:55:11.610] [INFO] - [File lives in another DC][0m
[TG] History fallback error (async): Could not find the input entity for {"userId":"1714667923","className":"PeerUser"}.
         Please read https://docs.telethon.dev/en/stable/concepts/entities.html to find out more details.
[BatchRetranslate] Processed 20 messages, translated 0 for 1714667923@telegram
[TG-UB] NewMessage from -1003821755044 text: 求片😂😂
[TG-UB] Incoming message: -1003821755044 求片😂😂
[TG-UB] Incoming message: -1003821755044 求片😂😂
[TG-UB] Skip duplicate onMessage: -1003821755044_20249_in
[33m[2026-09-20T03:55:17.357] [INFO] - [Starting direct file download in chunks of 65536 at 0, stride 65536][0m
[33m[2026-09-20T03:55:19.507] [INFO] - [Starting direct file download in chunks of 131072 at 0, stride 131072][0m
[33m[2026-09-20T03:55:19.927] [INFO] - [Starting direct file download in chunks of 131072 at 0, stride 131072][0m
[33m[2026-09-20T03:55:20.141] [INFO] - [File lives in another DC][0m
[TG] Backfilled 0 new messages (total history: 90) for 6451398844@telegram
[33m[2026-09-20T03:55:21.361] [INFO] - [Starting direct file download in chunks of 131072 at 0, stride 131072][0m
[BatchRetranslate] Processed 6 messages, translated 0 for -1003821755044@telegram
[33m[2026-09-20T03:55:23.681] [INFO] - [Starting direct file download in chunks of 262144 at 0, stride 262144][0m
[33m[2026-09-20T03:55:23.875] [INFO] - [File lives in another DC][0m
[TG] History fallback error (async): Could not find the input entity for {"userId":"1714667923","className":"PeerUser"}.
         Please read https://docs.telethon.dev/en/stable/concepts/entities.html to find out more details.
[BatchRetranslate] Processed 20 messages, translated 0 for 1714667923@telegram
[33m[2026-09-20T03:55:38.880] [INFO] - [Starting direct file download in chunks of 131072 at 0, stride 131072][0m
[BatchRetranslate] Processed 6 messages, translated 0 for -1003821755044@telegram
[33m[2026-09-20T03:55:44.341] [INFO] - [Starting direct file download in chunks of 262144 at 0, stride 262144][0m
[33m[2026-09-20T03:55:44.537] [INFO] - [File lives in another DC][0m
[TG] Backfilled 0 new messages (total history: 8) for 7869610813@telegram
[BatchRetranslate] Processed 4 messages, translated 0 for 7869610813@telegram
[TG] Backfilled 0 new messages (total history: 1) for 8167507082@telegram
[TG] Backfilled 0 new messages (total history: 1) for 7624777969@telegram
[TG] Backfilled 0 new messages (total history: 1) for 7563422659@telegram
[TG] Backfilled 0 new messages (total history: 1) for 8167507082@telegram
[TG] History fallback error (async): Could not find the input entity for {"userId":"8049306416","className":"PeerUser"}.
         Please read https://docs.telethon.dev/en/stable/concepts/entities.html to find out more details.
[TG] Backfilled 0 new messages (total history: 1) for 8876971164@telegram
[TG] Backfilled 0 new messages (total history: 1) for 8692687909@telegram
[TG] Backfilled 0 new messages (total history: 8) for 7869610813@telegram
[BatchRetranslate] Processed 4 messages, translated 0 for 7869610813@telegram
[TG] Backfilled 0 new messages (total history: 5) for 1168746716@telegram
[35m[2026-09-20T03:56:14.341] [WARN] - [Disconnecting...][0m
[33m[2026-09-20T03:56:14.342] [INFO] - [Disconnecting from 149.154.175.56:443/TCPFull...][0m
[33m[2026-09-20T03:56:14.342] [INFO] - [connection closed][0m
[TG-UB] Poll found message from -1003821755044 text: 求片😂😂
[TG-UB] Incoming message: -1003821755044 求片😂😂
[TG-UB] Skip duplicate onMessage: -1003821755044_20249_in
[33m[2026-09-20T03:56:20.755] [INFO] - [Starting direct file download in chunks of 131072 at 0, stride 131072][0m
[BatchRetranslate] Processed 6 messages, translated 0 for -1003821755044@telegram
[33m[2026-09-20T03:56:30.665] [INFO] - [Starting direct file download in chunks of 262144 at 0, stride 262144][0m
[33m[2026-09-20T03:56:30.665] [INFO] - [Connecting to 149.154.175.56:443/TCPFull...][0m
[33m[2026-09-20T03:56:30.852] [INFO] - [Connection to 149.154.175.56:443/TCPFull complete!][0m
[33m[2026-09-20T03:56:31.048] [INFO] - [File lives in another DC][0m
[35m[2026-09-20T03:57:00.852] [WARN] - [Disconnecting...][0m
[33m[2026-09-20T03:57:00.852] [INFO] - [Disconnecting from 149.154.175.56:443/TCPFull...][0m
[33m[2026-09-20T03:57:00.853] [INFO] - [connection closed][0m
[TG] Backfilled 0 new messages (total history: 56) for 3821755044@telegram
[BatchRetranslate] Processed 20 messages, translated 0 for 3821755044@telegram
[TG] Backfilled 0 new messages (total history: 56) for 3821755044@telegram
[BatchRetranslate] Processed 20 messages, translated 0 for 3821755044@telegram
[TG-UB] Poll found OUTGOING message to -1003821755044 text: 求pm
[TG-UB] Incoming message: -1003821755044 求pm
[33m[2026-09-20T04:00:20.470] [INFO] - [Starting direct file download in chunks of 65536 at 0, stride 65536][0m
[33m[2026-09-20T04:00:20.470] [INFO] - [Connecting to 149.154.175.56:443/TCPFull...][0m
[33m[2026-09-20T04:00:20.672] [INFO] - [Connection to 149.154.175.56:443/TCPFull complete!][0m
[35m[2026-09-20T04:00:50.672] [WARN] - [Disconnecting...][0m
[33m[2026-09-20T04:00:50.673] [INFO] - [Disconnecting from 149.154.175.56:443/TCPFull...][0m
[33m[2026-09-20T04:00:50.673] [INFO] - [connection closed][0m
[Socket] Invalid token - rejected
[Auth] Token verification failed
[Auth] Token verification failed
[Auth] Token verification failed
[Auth] Token verification failed
[Socket] User 1 connected (socket: sna2W0-nmYjlqKjVAAA3)
[WA Sync] wa_whatsapp1_mtc3zz7c synced 8 contacts
[Socket] User 1 connected (socket: gMkE4JKIQxrEvsWrAAA6)
[Socket] User 1 connected (socket: ZI4UJAzKfJU8Xy7qAAA8)
[33m[2026-09-20T04:07:15.077] [INFO] - [Starting direct file download in chunks of 131072 at 0, stride 131072][0m
[33m[2026-09-20T04:07:15.077] [INFO] - [Connecting to 149.154.175.56:443/TCPFull...][0m
[33m[2026-09-20T04:07:15.271] [INFO] - [Connection to 149.154.175.56:443/TCPFull complete!][0m
[33m[2026-09-20T04:07:15.478] [INFO] - [File lives in another DC][0m
[Socket] User 1 disconnected (socket: sna2W0-nmYjlqKjVAAA3, reason: ping timeout)
[BatchRetranslate] Processed 20 messages, translated 0 for 6451398844@telegram
[33m[2026-09-20T04:07:18.701] [INFO] - [Starting direct file download in chunks of 131072 at 0, stride 131072][0m
[33m[2026-09-20T04:07:18.905] [INFO] - [File lives in another DC][0m
[33m[2026-09-20T04:07:27.118] [INFO] - [Starting direct file download in chunks of 131072 at 0, stride 131072][0m
[33m[2026-09-20T04:07:32.114] [INFO] - [Starting direct file download in chunks of 131072 at 0, stride 131072][0m
[33m[2026-09-20T04:07:32.317] [INFO] - [File lives in another DC][0m
[35m[2026-09-20T04:08:02.115] [WARN] - [Disconnecting...][0m
[33m[2026-09-20T04:08:02.115] [INFO] - [Disconnecting from 149.154.175.56:443/TCPFull...][0m
[33m[2026-09-20T04:08:02.115] [INFO] - [connection closed][0m
[33m[2026-09-20T04:08:21.873] [INFO] - [Starting direct file download in chunks of 131072 at 0, stride 131072][0m
[33m[2026-09-20T04:08:27.277] [INFO] - [Starting direct file download in chunks of 131072 at 0, stride 131072][0m
[33m[2026-09-20T04:08:27.277] [INFO] - [Connecting to 149.154.175.56:443/TCPFull...][0m
[33m[2026-09-20T04:08:27.474] [INFO] - [Connection to 149.154.175.56:443/TCPFull complete!][0m
[33m[2026-09-20T04:08:27.678] [INFO] - [File lives in another DC][0m
[TG] Backfilled 0 new messages (total history: 90) for 6451398844@telegram
[WA Sync] wa_whatsapp1_mtc3zz7c synced 8 contacts
[35m[2026-09-20T04:08:57.474] [WARN] - [Disconnecting...][0m
[33m[2026-09-20T04:08:57.474] [INFO] - [Disconnecting from 149.154.175.56:443/TCPFull...][0m
[33m[2026-09-20T04:08:57.474] [INFO] - [connection closed][0m
[Automation Scheduler] Running check at 2026-09-20T04:10:16.443Z
[2026-09-20T04:12:06.291Z] [production] [INFO] [AssistantService] processMessage entry, userId=1, agentType=sales-champion
[Assistant] user 1 selected provider: DeepSeek V4 Flash
[Assistant] AI raw response: "收到，已确认：客户消息 3 分钟没人回，自动接待立即顶上。"
[Assistant] No JSON tool pattern found in AI response
[Assistant] Backend intent detected: {"tool":"set_unattended","params":{"enabled":true,"timeoutMinutes":3,"timeText":"⏱️ 3分钟没回就自动接待"}}
[Socket] User 1 disconnected (socket: ZI4UJAzKfJU8Xy7qAAA8, reason: transport close)
[Socket] User 1 disconnected (socket: gMkE4JKIQxrEvsWrAAA6, reason: transport close)
[Socket] User 1 connected (socket: RghlTZ75AA40-e9-AAA-)
[Socket] User 1 connected (socket: 6KE3PurLT1kpYMcqAABA)
[WA Sync] wa_whatsapp1_mtc3zz7c synced 8 contacts
[Socket] User 1 disconnected (socket: RghlTZ75AA40-e9-AAA-, reason: transport close)
[Socket] User 1 disconnected (socket: 6KE3PurLT1kpYMcqAABA, reason: transport close)
[33m[2026-09-20T04:22:23.080] [INFO] - [Starting direct file download in chunks of 262144 at 0, stride 262144][0m
[33m[2026-09-20T04:22:23.080] [INFO] - [Connecting to 149.154.175.56:443/TCPFull...][0m
[33m[2026-09-20T04:22:23.283] [INFO] - [Connection to 149.154.175.56:443/TCPFull complete!][0m
[33m[2026-09-20T04:22:23.493] [INFO] - [File lives in another DC][0m
[35m[2026-09-20T04:22:53.283] [WARN] - [Disconnecting...][0m
[33m[2026-09-20T04:22:53.283] [INFO] - [Disconnecting from 149.154.175.56:443/TCPFull...][0m
[33m[2026-09-20T04:22:53.283] [INFO] - [connection closed][0m
[33m[2026-09-20T04:23:17.924] [INFO] - [Starting direct file download in chunks of 262144 at 0, stride 262144][0m
[33m[2026-09-20T04:23:17.925] [INFO] - [Connecting to 149.154.175.56:443/TCPFull...][0m
[33m[2026-09-20T04:23:18.126] [INFO] - [Connection to 149.154.175.56:443/TCPFull complete!][0m
[33m[2026-09-20T04:23:18.338] [INFO] - [File lives in another DC][0m
[35m[2026-09-20T04:23:48.127] [WARN] - [Disconnecting...][0m
[33m[2026-09-20T04:23:48.127] [INFO] - [Disconnecting from 149.154.175.56:443/TCPFull...][0m
[33m[2026-09-20T04:23:48.127] [INFO] - [connection closed][0m
[33m[2026-09-20T04:24:24.864] [INFO] - [Starting direct file download in chunks of 262144 at 0, stride 262144][0m
[33m[2026-09-20T04:24:24.864] [INFO] - [Connecting to 149.154.175.56:443/TCPFull...][0m
[33m[2026-09-20T04:24:25.061] [INFO] - [Connection to 149.154.175.56:443/TCPFull complete!][0m
[33m[2026-09-20T04:24:25.267] [INFO] - [File lives in another DC][0m
[35m[2026-09-20T04:24:55.062] [WARN] - [Disconnecting...][0m
[33m[2026-09-20T04:24:55.062] [INFO] - [Disconnecting from 149.154.175.56:443/TCPFull...][0m
[33m[2026-09-20T04:24:55.062] [INFO] - [connection closed][0m
[Socket] User 1 connected (socket: OghA45_mPZIQPkNNAABC)
[WA Sync] wa_whatsapp1_mtc3zz7c synced 8 contacts
[Socket] User 1 disconnected (socket: OghA45_mPZIQPkNNAABC, reason: transport close)
[TG-UB] NewMessage from 6451398844 text: 怎么不说话呢
[TG-UB] Incoming message: 6451398844 怎么不说话呢
[TG-UB] UpdateShortMessage from 6451398844 text: 怎么不说话呢
[TG-UB] Incoming message: 6451398844 怎么不说话呢
[TG-UB] Skip duplicate onMessage: 6451398844_1175_in
[33m[2026-09-20T04:29:00.027] [INFO] - [Starting direct file download in chunks of 65536 at 0, stride 65536][0m
[TG-UB] Poll found message from 6451398844 text: 怎么不说话呢
[TG-UB] Incoming message: 6451398844 怎么不说话呢
[TG-UB] Skip duplicate onMessage: 6451398844_1175_in
[33m[2026-09-20T04:40:11.682] [INFO] - [Starting direct file download in chunks of 131072 at 0, stride 131072][0m
[33m[2026-09-20T04:40:11.683] [INFO] - [Connecting to 149.154.175.56:443/TCPFull...][0m
[33m[2026-09-20T04:40:11.877] [INFO] - [Connection to 149.154.175.56:443/TCPFull complete!][0m
[33m[2026-09-20T04:40:12.081] [INFO] - [File lives in another DC][0m
[BatchRetranslate] Processed 20 messages, translated 0 for 6451398844@telegram
[33m[2026-09-20T04:40:15.080] [INFO] - [Starting direct file download in chunks of 131072 at 0, stride 131072][0m
[33m[2026-09-20T04:40:15.281] [INFO] - [File lives in another DC][0m
[Automation Scheduler] Running check at 2026-09-20T04:40:16.444Z
[33m[2026-09-20T04:40:23.622] [INFO] - [Starting direct file download in chunks of 131072 at 0, stride 131072][0m
[WA Send] resolve default account failed: 
Invalid `prisma.whatsAppAccount.findFirst()` invocation:

{
  where: {
    userId: 1,
    platform: "whatsapp",
    instanceName: {
      not: null
    }
  },
  orderBy: {
    updatedAt: "desc",
    ~~~~~~~~~
?   id?: SortOrder,
?   userId?: SortOrder,
?   platform?: SortOrder,
?   phone?: SortOrder | SortOrderInput,
?   name?: SortOrder | SortOrderInput,
?   pushName?: SortOrder | SortOrderInput,
?   status?: SortOrder,
?   sessionDir?: SortOrder | SortOrderInput,
?   avatarUrl?: SortOrder | SortOrderInput,
?   telegramBotToken?: SortOrder | SortOrderInput,
?   telegramBotUsername?: SortOrder | SortOrderInput,
?   telegramBotInfo?: SortOrder | SortOrderInput,
?   telegramProxyProtocol?: SortOrder | SortOrderInput,
?   telegramProxyHost?: SortOrder | SortOrderInput,
?   telegramProxyPort?: SortOrder | SortOrderInput,
?   telegramProxyUser?: SortOrder | SortOrderInput,
?   telegramProxyPass?: SortOrder | SortOrderInput,
?   createdAt?: SortOrder,
?   lastActiveAt?: SortOrder | SortOrderInput,
?   instanceName?: SortOrder | SortOrderInput,
?   contacts?: ContactOrderByRelationAggregateInput,
?   conversations?: ConversationOrderByRelationAggregateInput,
?   messages?: MessageOrderByRelationAggregateInput,
?   user?: UserOrderByWithRelationInput
  },
  select: {
    id: true,
    instanceName: true
  }
}

Unknown argument `updatedAt`. Did you mean `createdAt`? Available options are marked with ?.
[33m[2026-09-20T04:40:27.832] [INFO] - [Starting direct file download in chunks of 131072 at 0, stride 131072][0m
[33m[2026-09-20T04:40:28.034] [INFO] - [File lives in another DC][0m
[35m[2026-09-20T04:40:57.833] [WARN] - [Disconnecting...][0m
[33m[2026-09-20T04:40:57.833] [INFO] - [Disconnecting from 149.154.175.56:443/TCPFull...][0m
[33m[2026-09-20T04:40:57.833] [INFO] - [connection closed][0m
[33m[2026-09-20T04:41:16.558] [INFO] - [Starting direct file download in chunks of 131072 at 0, stride 131072][0m
[33m[2026-09-20T04:41:20.503] [INFO] - [Starting direct file download in chunks of 131072 at 0, stride 131072][0m
[33m[2026-09-20T04:41:20.503] [INFO] - [Connecting to 149.154.175.56:443/TCPFull...][0m
[33m[2026-09-20T04:41:20.697] [INFO] - [Connection to 149.154.175.56:443/TCPFull complete!][0m
[33m[2026-09-20T04:41:20.899] [INFO] - [File lives in another DC][0m
[TG] Backfilled 0 new messages (total history: 91) for 6451398844@telegram
[35m[2026-09-20T04:41:50.697] [WARN] - [Disconnecting...][0m
[33m[2026-09-20T04:41:50.697] [INFO] - [Disconnecting from 149.154.175.56:443/TCPFull...][0m
[33m[2026-09-20T04:41:50.698] [INFO] - [connection closed][0m
[TG-UB] Poll found OUTGOING message to 6451398844 text: [media]
[TG-UB] Incoming message: 6451398844 [media]
[TG-UB] Poll found OUTGOING message to 6451398844 text: 我才吃完饭
[TG-UB] Incoming message: 6451398844 我才吃完饭
[33m[2026-09-20T04:42:20.282] [INFO] - [Starting direct file download in chunks of 65536 at 0, stride 65536][0m
[33m[2026-09-20T04:42:20.491] [INFO] - [Starting direct file download in chunks of 65536 at 0, stride 65536][0m
[TG-UB Media DEBUG] type=MessageMediaPhoto isOut=true hasRaw=true client=undef
[TG-UB Media] Downloading msgId=1177 type=MessageMediaPhoto rawType=Message
[33m[2026-09-20T04:42:23.276] [INFO] - [Starting direct file download in chunks of 131072 at 0, stride 131072][0m
[33m[2026-09-20T04:42:23.276] [INFO] - [Connecting to 149.154.175.56:443/TCPFull...][0m
[33m[2026-09-20T04:42:23.485] [INFO] - [Connection to 149.154.175.56:443/TCPFull complete!][0m
[TG-UB Media] Download result: buf=buffer:64932
[TG-UB] Media downloaded: a24f133fca7583e1f92ebb6085d365c8.jpg
[35m[2026-09-20T04:42:53.485] [WARN] - [Disconnecting...][0m
[33m[2026-09-20T04:42:53.491] [INFO] - [Disconnecting from 149.154.175.56:443/TCPFull...][0m
[33m[2026-09-20T04:42:53.491] [INFO] - [connection closed][0m
[TG-UB] NewMessage from 6451398844 text: 干净
[TG-UB] Incoming message: 6451398844 干净
[TG-UB] UpdateShortMessage from 6451398844 text: 干净
[TG-UB] Incoming message: 6451398844 干净
[TG-UB] Skip duplicate onMessage: 6451398844_1178_in
[33m[2026-09-20T04:43:03.813] [INFO] - [Starting direct file download in chunks of 65536 at 0, stride 65536][0m
[TG-UB] NewMessage from 6451398844 text: 你这看着像酒店
[TG-UB] Incoming message: 6451398844 你这看着像酒店
[TG-UB] UpdateShortMessage from 6451398844 text: 你这看着像酒店
[TG-UB] Incoming message: 6451398844 你这看着像酒店
[TG-UB] Skip duplicate onMessage: 6451398844_1179_in
[33m[2026-09-20T04:43:09.661] [INFO] - [Starting direct file download in chunks of 65536 at 0, stride 65536][0m
[TG-UB] Poll found message from 6451398844 text: 你这看着像酒店
[TG-UB] Incoming message: 6451398844 你这看着像酒店
[TG-UB] Skip duplicate onMessage: 6451398844_1179_in
[TG-UB] Poll found message from 6451398844 text: 干净
[TG-UB] Incoming message: 6451398844 干净
[TG-UB] Skip duplicate onMessage: 6451398844_1178_in
[33m[2026-09-20T04:44:24.061] [INFO] - [Starting direct file download in chunks of 131072 at 0, stride 131072][0m
[33m[2026-09-20T04:44:24.061] [INFO] - [Connecting to 149.154.175.56:443/TCPFull...][0m
[33m[2026-09-20T04:44:24.285] [INFO] - [Connection to 149.154.175.56:443/TCPFull complete!][0m
[33m[2026-09-20T04:44:24.745] [INFO] - [File lives in another DC][0m
[BatchRetranslate] Processed 20 messages, translated 0 for 6451398844@telegram
[33m[2026-09-20T04:44:27.535] [INFO] - [Starting direct file download in chunks of 131072 at 0, stride 131072][0m
[33m[2026-09-20T04:44:27.768] [INFO] - [File lives in another DC][0m
[TG-UB] NewMessage from 6451398844 text: 你起床还叠那么整齐的吗
[TG-UB] Incoming message: 6451398844 你起床还叠那么整齐的吗
[TG-UB] UpdateShortMessage from 6451398844 text: 你起床还叠那么整齐的吗
[TG-UB] Incoming message: 6451398844 你起床还叠那么整齐的吗
[TG-UB] Skip duplicate onMessage: 6451398844_1180_in
[33m[2026-09-20T04:44:27.989] [INFO] - [Starting direct file download in chunks of 65536 at 0, stride 65536][0m
[WA Send] resolve default account failed: 
Invalid `prisma.whatsAppAccount.findFirst()` invocation:

{
  where: {
    userId: 1,
    platform: "whatsapp",
    instanceName: {
      not: null
    }
  },
  orderBy: {
    updatedAt: "desc",
    ~~~~~~~~~
?   id?: SortOrder,
?   userId?: SortOrder,
?   platform?: SortOrder,
?   phone?: SortOrder | SortOrderInput,
?   name?: SortOrder | SortOrderInput,
?   pushName?: SortOrder | SortOrderInput,
?   status?: SortOrder,
?   sessionDir?: SortOrder | SortOrderInput,
?   avatarUrl?: SortOrder | SortOrderInput,
?   telegramBotToken?: SortOrder | SortOrderInput,
?   telegramBotUsername?: SortOrder | SortOrderInput,
?   telegramBotInfo?: SortOrder | SortOrderInput,
?   telegramProxyProtocol?: SortOrder | SortOrderInput,
?   telegramProxyHost?: SortOrder | SortOrderInput,
?   telegramProxyPort?: SortOrder | SortOrderInput,
?   telegramProxyUser?: SortOrder | SortOrderInput,
?   telegramProxyPass?: SortOrder | SortOrderInput,
?   createdAt?: SortOrder,
?   lastActiveAt?: SortOrder | SortOrderInput,
?   instanceName?: SortOrder | SortOrderInput,
?   contacts?: ContactOrderByRelationAggregateInput,
?   conversations?: ConversationOrderByRelationAggregateInput,
?   messages?: MessageOrderByRelationAggregateInput,
?   user?: UserOrderByWithRelationInput
  },
  select: {
    id: true,
    instanceName: true
  }
}

Unknown argument `updatedAt`. Did you mean `createdAt`? Available options are marked with ?.
[33m[2026-09-20T04:44:35.288] [INFO] - [Starting direct file download in chunks of 131072 at 0, stride 131072][0m
[WA Send] resolve default account failed: 
Invalid `prisma.whatsAppAccount.findFirst()` invocation:

{
  where: {
    userId: 1,
    platform: "whatsapp",
    instanceName: {
      not: null
    }
  },
  orderBy: {
    updatedAt: "desc",
    ~~~~~~~~~
?   id?: SortOrder,
?   userId?: SortOrder,
?   platform?: SortOrder,
?   phone?: SortOrder | SortOrderInput,
?   name?: SortOrder | SortOrderInput,
?   pushName?: SortOrder | SortOrderInput,
?   status?: SortOrder,
?   sessionDir?: SortOrder | SortOrderInput,
?   avatarUrl?: SortOrder | SortOrderInput,
?   telegramBotToken?: SortOrder | SortOrderInput,
?   telegramBotUsername?: SortOrder | SortOrderInput,
?   telegramBotInfo?: SortOrder | SortOrderInput,
?   telegramProxyProtocol?: SortOrder | SortOrderInput,
?   telegramProxyHost?: SortOrder | SortOrderInput,
?   telegramProxyPort?: SortOrder | SortOrderInput,
?   telegramProxyUser?: SortOrder | SortOrderInput,
?   telegramProxyPass?: SortOrder | SortOrderInput,
?   createdAt?: SortOrder,
?   lastActiveAt?: SortOrder | SortOrderInput,
?   instanceName?: SortOrder | SortOrderInput,
?   contacts?: ContactOrderByRelationAggregateInput,
?   conversations?: ConversationOrderByRelationAggregateInput,
?   messages?: MessageOrderByRelationAggregateInput,
?   user?: UserOrderByWithRelationInput
  },
  select: {
    id: true,
    instanceName: true
  }
}

Unknown argument `updatedAt`. Did you mean `createdAt`? Available options are marked with ?.
[33m[2026-09-20T04:44:40.253] [INFO] - [Starting direct file download in chunks of 131072 at 0, stride 131072][0m
[33m[2026-09-20T04:44:40.485] [INFO] - [File lives in another DC][0m
[TG] Backfilled 0 new messages (total history: 56) for 3821755044@telegram
[33m[2026-09-20T04:44:48.066] [INFO] - [Starting direct file download in chunks of 131072 at 0, stride 131072][0m
[33m[2026-09-20T04:44:48.297] [INFO] - [File lives in another DC][0m
[BatchRetranslate] Processed 20 messages, translated 0 for 3821755044@telegram
[BatchRetranslate] Processed 20 messages, translated 0 for 6451398844@telegram
[33m[2026-09-20T04:44:54.274] [INFO] - [Starting direct file download in chunks of 131072 at 0, stride 131072][0m
[33m[2026-09-20T04:44:54.507] [INFO] - [File lives in another DC][0m
[33m[2026-09-20T04:45:03.386] [INFO] - [Starting direct file download in chunks of 131072 at 0, stride 131072][0m
[33m[2026-09-20T04:45:08.067] [INFO] - [Starting direct file download in chunks of 131072 at 0, stride 131072][0m
[33m[2026-09-20T04:45:08.300] [INFO] - [File lives in another DC][0m
[TG-UB] NewMessage from 6451398844 text: 你是当过兵吗
[TG-UB] Incoming message: 6451398844 你是当过兵吗
[TG-UB] UpdateShortMessage from 6451398844 text: 你是当过兵吗
[TG-UB] Incoming message: 6451398844 你是当过兵吗
[TG-UB] Skip duplicate onMessage: 6451398844_1183_in
[33m[2026-09-20T04:45:13.867] [INFO] - [Starting direct file download in chunks of 65536 at 0, stride 65536][0m
[TG-UB] NewMessage from 6451398844 text: 那么整齐
[TG-UB] Incoming message: 6451398844 那么整齐
[TG-UB] UpdateShortMessage from 6451398844 text: 那么整齐
[TG-UB] Incoming message: 6451398844 那么整齐
[TG-UB] Skip duplicate onMessage: 6451398844_1184_in
[33m[2026-09-20T04:45:17.568] [INFO] - [Starting direct file download in chunks of 65536 at 0, stride 65536][0m
[WA Send] resolve default account failed: 
Invalid `prisma.whatsAppAccount.findFirst()` invocation:

{
  where: {
    userId: 1,
    platform: "whatsapp",
    instanceName: {
      not: null
    }
  },
  orderBy: {
    updatedAt: "desc",
    ~~~~~~~~~
?   id?: SortOrder,
?   userId?: SortOrder,
?   platform?: SortOrder,
?   phone?: SortOrder | SortOrderInput,
?   name?: SortOrder | SortOrderInput,
?   pushName?: SortOrder | SortOrderInput,
?   status?: SortOrder,
?   sessionDir?: SortOrder | SortOrderInput,
?   avatarUrl?: SortOrder | SortOrderInput,
?   telegramBotToken?: SortOrder | SortOrderInput,
?   telegramBotUsername?: SortOrder | SortOrderInput,
?   telegramBotInfo?: SortOrder | SortOrderInput,
?   telegramProxyProtocol?: SortOrder | SortOrderInput,
?   telegramProxyHost?: SortOrder | SortOrderInput,
?   telegramProxyPort?: SortOrder | SortOrderInput,
?   telegramProxyUser?: SortOrder | SortOrderInput,
?   telegramProxyPass?: SortOrder | SortOrderInput,
?   createdAt?: SortOrder,
?   lastActiveAt?: SortOrder | SortOrderInput,
?   instanceName?: SortOrder | SortOrderInput,
?   contacts?: ContactOrderByRelationAggregateInput,
?   conversations?: ConversationOrderByRelationAggregateInput,
?   messages?: MessageOrderByRelationAggregateInput,
?   user?: UserOrderByWithRelationInput
  },
  select: {
    id: true,
    instanceName: true
  }
}

Unknown argument `updatedAt`. Did you mean `createdAt`? Available options are marked with ?.
[33m[2026-09-20T04:45:35.822] [INFO] - [Starting direct file download in chunks of 131072 at 0, stride 131072][0m
[35m[2026-09-20T04:45:38.068] [WARN] - [Disconnecting...][0m
[33m[2026-09-20T04:45:38.068] [INFO] - [Disconnecting from 149.154.175.56:443/TCPFull...][0m
[33m[2026-09-20T04:45:38.068] [INFO] - [connection closed][0m
[33m[2026-09-20T04:45:41.114] [INFO] - [Starting direct file download in chunks of 131072 at 0, stride 131072][0m
[33m[2026-09-20T04:45:41.114] [INFO] - [Connecting to 149.154.175.56:443/TCPFull...][0m
[33m[2026-09-20T04:45:41.315] [INFO] - [Connection to 149.154.175.56:443/TCPFull complete!][0m
[33m[2026-09-20T04:45:41.525] [INFO] - [File lives in another DC][0m
[TG-UB] NewMessage from 6451398844 text: 不错
[TG-UB] Incoming message: 6451398844 不错
[TG-UB] UpdateShortMessage from 6451398844 text: 不错
[TG-UB] Incoming message: 6451398844 不错
[TG-UB] Skip duplicate onMessage: 6451398844_1186_in
[33m[2026-09-20T04:45:44.105] [INFO] - [Starting direct file download in chunks of 65536 at 0, stride 65536][0m
[TG] Backfilled 0 new messages (total history: 95) for 6451398844@telegram
[TG-UB] NewMessage from 6451398844 text: 
[TG-UB] Incoming message: 6451398844 [MessageMediaPhoto]
[TG-UB] Incoming message: 6451398844 [MessageMediaPhoto]
[TG-UB] Skip duplicate onMessage: 6451398844_1187_in
[33m[2026-09-20T04:45:48.722] [INFO] - [Starting direct file download in chunks of 65536 at 0, stride 65536][0m
[TG-UB] NewMessage from 6451398844 text: 我先吃饭下
[TG-UB] Incoming message: 6451398844 我先吃饭下
[TG-UB] UpdateShortMessage from 6451398844 text: 我先吃饭下
[TG-UB] Incoming message: 6451398844 我先吃饭下
[TG-UB] Skip duplicate onMessage: 6451398844_1188_in
[33m[2026-09-20T04:45:50.751] [INFO] - [Starting direct file download in chunks of 65536 at 0, stride 65536][0m
[TG-UB Media DEBUG] type=MessageMediaPhoto isOut=false hasRaw=true client=undef
[TG-UB Media] Downloading msgId=1187 type=MessageMediaPhoto rawType=Message
[33m[2026-09-20T04:45:52.277] [INFO] - [Starting direct file download in chunks of 131072 at 0, stride 131072][0m
[TG-UB Media] Download result: buf=buffer:112393
[TG-UB] Media downloaded: 5fae431b2bf7d3d12ebf75d51d39b8c5.jpg
[TG-UB] NewMessage from 6451398844 text: 你午饭吃什么
[TG-UB] Incoming message: 6451398844 你午饭吃什么
[TG-UB] UpdateShortMessage from 6451398844 text: 你午饭吃什么
[TG-UB] Incoming message: 6451398844 你午饭吃什么
[TG-UB] Skip duplicate onMessage: 6451398844_1189_in
[33m[2026-09-20T04:46:01.976] [INFO] - [Starting direct file download in chunks of 65536 at 0, stride 65536][0m
[33m[2026-09-20T04:46:04.188] [INFO] - [Starting direct file download in chunks of 131072 at 0, stride 131072][0m
[33m[2026-09-20T04:46:09.153] [INFO] - [Starting direct file download in chunks of 131072 at 0, stride 131072][0m
[33m[2026-09-20T04:46:09.363] [INFO] - [File lives in another DC][0m
[TG-UB] NewMessage from 6451398844 text: 我吃饱饭  然后画个妆
[TG-UB] Incoming message: 6451398844 我吃饱饭  然后画个妆
[TG-UB] UpdateShortMessage from 6451398844 text: 我吃饱饭  然后画个妆
[TG-UB] Incoming message: 6451398844 我吃饱饭  然后画个妆
[TG-UB] Skip duplicate onMessage: 6451398844_1190_in
[33m[2026-09-20T04:46:11.646] [INFO] - [Starting direct file download in chunks of 65536 at 0, stride 65536][0m
[TG] Backfilled 0 new messages (total history: 98) for 6451398844@telegram
[TG-UB] Poll found message from 6451398844 text: 我吃饱饭  然后画个妆
[TG-UB] Incoming message: 6451398844 我吃饱饭  然后画个妆
[TG-UB] Skip duplicate onMessage: 6451398844_1190_in
[TG-UB] Poll found message from 6451398844 text: 你午饭吃什么
[TG-UB] Incoming message: 6451398844 你午饭吃什么
[TG-UB] Skip duplicate onMessage: 6451398844_1189_in
[TG-UB] Poll found message from 6451398844 text: 我先吃饭下
[TG-UB] Incoming message: 6451398844 我先吃饭下
[TG-UB] Skip duplicate onMessage: 6451398844_1188_in
[TG-UB] Poll found message from 6451398844 text: [media]
[TG-UB] Incoming message: 6451398844 [media]
[TG-UB] Skip duplicate onMessage: 6451398844_1187_in
[TG-UB] Poll found message from 6451398844 text: 不错
[TG-UB] Incoming message: 6451398844 不错
[TG-UB] Skip duplicate onMessage: 6451398844_1186_in
[TG-UB] Poll found OUTGOING message to 6451398844 text: 我比较讲究
[TG-UB] Incoming message: 6451398844 我比较讲究
[TG-UB] Poll found message from 6451398844 text: 那么整齐
[TG-UB] Incoming message: 6451398844 那么整齐
[TG-UB] Skip duplicate onMessage: 6451398844_1184_in
[TG-UB] Poll found message from 6451398844 text: 你是当过兵吗
[TG-UB] Incoming message: 6451398844 你是当过兵吗
[TG-UB] Skip duplicate onMessage: 6451398844_1183_in
[TG-UB] Poll found OUTGOING message to 6451398844 text: 自住房
[TG-UB] Incoming message: 6451398844 自住房
[TG-UB] Poll found OUTGOING message to 6451398844 text: 不是酒店
[TG-UB] Incoming message: 6451398844 不是酒店
[TG-UB] Poll found message from 6451398844 text: 你起床还叠那么整齐的吗
[TG-UB] Incoming message: 6451398844 你起床还叠那么整齐的吗
[TG-UB] Skip duplicate onMessage: 6451398844_1180_in
[33m[2026-09-20T04:46:20.282] [INFO] - [Starting direct file download in chunks of 65536 at 0, stride 65536][0m
[33m[2026-09-20T04:46:20.495] [INFO] - [Starting direct file download in chunks of 65536 at 0, stride 65536][0m
[33m[2026-09-20T04:46:20.498] [INFO] - [Starting direct file download in chunks of 65536 at 0, stride 65536][0m
[35m[2026-09-20T04:46:39.154] [WARN] - [Disconnecting...][0m
[33m[2026-09-20T04:46:39.154] [INFO] - [Disconnecting from 149.154.175.56:443/TCPFull...][0m
[33m[2026-09-20T04:46:39.154] [INFO] - [connection closed][0m
[WA Send] resolve default account failed: 
Invalid `prisma.whatsAppAccount.findFirst()` invocation:

{
  where: {
    userId: 1,
    platform: "whatsapp",
    instanceName: {
      not: null
    }
  },
  orderBy: {
    updatedAt: "desc",
    ~~~~~~~~~
?   id?: SortOrder,
?   userId?: SortOrder,
?   platform?: SortOrder,
?   phone?: SortOrder | SortOrderInput,
?   name?: SortOrder | SortOrderInput,
?   pushName?: SortOrder | SortOrderInput,
?   status?: SortOrder,
?   sessionDir?: SortOrder | SortOrderInput,
?   avatarUrl?: SortOrder | SortOrderInput,
?   telegramBotToken?: SortOrder | SortOrderInput,
?   telegramBotUsername?: SortOrder | SortOrderInput,
?   telegramBotInfo?: SortOrder | SortOrderInput,
?   telegramProxyProtocol?: SortOrder | SortOrderInput,
?   telegramProxyHost?: SortOrder | SortOrderInput,
?   telegramProxyPort?: SortOrder | SortOrderInput,
?   telegramProxyUser?: SortOrder | SortOrderInput,
?   telegramProxyPass?: SortOrder | SortOrderInput,
?   createdAt?: SortOrder,
?   lastActiveAt?: SortOrder | SortOrderInput,
?   instanceName?: SortOrder | SortOrderInput,
?   contacts?: ContactOrderByRelationAggregateInput,
?   conversations?: ConversationOrderByRelationAggregateInput,
?   messages?: MessageOrderByRelationAggregateInput,
?   user?: UserOrderByWithRelationInput
  },
  select: {
    id: true,
    instanceName: true
  }
}

Unknown argument `updatedAt`. Did you mean `createdAt`? Available options are marked with ?.
[WA Send] resolve default account failed: 
Invalid `prisma.whatsAppAccount.findFirst()` invocation:

{
  where: {
    userId: 1,
    platform: "whatsapp",
    instanceName: {
      not: null
    }
  },
  orderBy: {
    updatedAt: "desc",
    ~~~~~~~~~
?   id?: SortOrder,
?   userId?: SortOrder,
?   platform?: SortOrder,
?   phone?: SortOrder | SortOrderInput,
?   name?: SortOrder | SortOrderInput,
?   pushName?: SortOrder | SortOrderInput,
?   status?: SortOrder,
?   sessionDir?: SortOrder | SortOrderInput,
?   avatarUrl?: SortOrder | SortOrderInput,
?   telegramBotToken?: SortOrder | SortOrderInput,
?   telegramBotUsername?: SortOrder | SortOrderInput,
?   telegramBotInfo?: SortOrder | SortOrderInput,
?   telegramProxyProtocol?: SortOrder | SortOrderInput,
?   telegramProxyHost?: SortOrder | SortOrderInput,
?   telegramProxyPort?: SortOrder | SortOrderInput,
?   telegramProxyUser?: SortOrder | SortOrderInput,
?   telegramProxyPass?: SortOrder | SortOrderInput,
?   createdAt?: SortOrder,
?   lastActiveAt?: SortOrder | SortOrderInput,
?   instanceName?: SortOrder | SortOrderInput,
?   contacts?: ContactOrderByRelationAggregateInput,
?   conversations?: ConversationOrderByRelationAggregateInput,
?   messages?: MessageOrderByRelationAggregateInput,
?   user?: UserOrderByWithRelationInput
  },
  select: {
    id: true,
    instanceName: true
  }
}

Unknown argument `updatedAt`. Did you mean `createdAt`? Available options are marked with ?.
[TG-UB] NewMessage from 6451398844 text: 梅菜扣肉吗
[TG-UB] Incoming message: 6451398844 梅菜扣肉吗
[TG-UB] UpdateShortMessage from 6451398844 text: 梅菜扣肉吗
[TG-UB] Incoming message: 6451398844 梅菜扣肉吗
[TG-UB] Skip duplicate onMessage: 6451398844_1193_in
[33m[2026-09-20T04:46:52.595] [INFO] - [Starting direct file download in chunks of 65536 at 0, stride 65536][0m
[TG-UB] NewMessage from 6451398844 text: 自己做的？
[TG-UB] Incoming message: 6451398844 自己做的？
[TG-UB] UpdateShortMessage from 6451398844 text: 自己做的？
[TG-UB] Incoming message: 6451398844 自己做的？
[TG-UB] Skip duplicate onMessage: 6451398844_1194_in
[33m[2026-09-20T04:46:56.852] [INFO] - [Starting direct file download in chunks of 65536 at 0, stride 65536][0m
[WA Send] resolve default account failed: 
Invalid `prisma.whatsAppAccount.findFirst()` invocation:

{
  where: {
    userId: 1,
    platform: "whatsapp",
    instanceName: {
      not: null
    }
  },
  orderBy: {
    updatedAt: "desc",
    ~~~~~~~~~
?   id?: SortOrder,
?   userId?: SortOrder,
?   platform?: SortOrder,
?   phone?: SortOrder | SortOrderInput,
?   name?: SortOrder | SortOrderInput,
?   pushName?: SortOrder | SortOrderInput,
?   status?: SortOrder,
?   sessionDir?: SortOrder | SortOrderInput,
?   avatarUrl?: SortOrder | SortOrderInput,
?   telegramBotToken?: SortOrder | SortOrderInput,
?   telegramBotUsername?: SortOrder | SortOrderInput,
?   telegramBotInfo?: SortOrder | SortOrderInput,
?   telegramProxyProtocol?: SortOrder | SortOrderInput,
?   telegramProxyHost?: SortOrder | SortOrderInput,
?   telegramProxyPort?: SortOrder | SortOrderInput,
?   telegramProxyUser?: SortOrder | SortOrderInput,
?   telegramProxyPass?: SortOrder | SortOrderInput,
?   createdAt?: SortOrder,
?   lastActiveAt?: SortOrder | SortOrderInput,
?   instanceName?: SortOrder | SortOrderInput,
?   contacts?: ContactOrderByRelationAggregateInput,
?   conversations?: ConversationOrderByRelationAggregateInput,
?   messages?: MessageOrderByRelationAggregateInput,
?   user?: UserOrderByWithRelationInput
  },
  select: {
    id: true,
    instanceName: true
  }
}

Unknown argument `updatedAt`. Did you mean `createdAt`? Available options are marked with ?.
[WA Send] resolve default account failed: 
Invalid `prisma.whatsAppAccount.findFirst()` invocation:

{
  where: {
    userId: 1,
    platform: "whatsapp",
    instanceName: {
      not: null
    }
  },
  orderBy: {
    updatedAt: "desc",
    ~~~~~~~~~
?   id?: SortOrder,
?   userId?: SortOrder,
?   platform?: SortOrder,
?   phone?: SortOrder | SortOrderInput,
?   name?: SortOrder | SortOrderInput,
?   pushName?: SortOrder | SortOrderInput,
?   status?: SortOrder,
?   sessionDir?: SortOrder | SortOrderInput,
?   avatarUrl?: SortOrder | SortOrderInput,
?   telegramBotToken?: SortOrder | SortOrderInput,
?   telegramBotUsername?: SortOrder | SortOrderInput,
?   telegramBotInfo?: SortOrder | SortOrderInput,
?   telegramProxyProtocol?: SortOrder | SortOrderInput,
?   telegramProxyHost?: SortOrder | SortOrderInput,
?   telegramProxyPort?: SortOrder | SortOrderInput,
?   telegramProxyUser?: SortOrder | SortOrderInput,
?   telegramProxyPass?: SortOrder | SortOrderInput,
?   createdAt?: SortOrder,
?   lastActiveAt?: SortOrder | SortOrderInput,
?   instanceName?: SortOrder | SortOrderInput,
?   contacts?: ContactOrderByRelationAggregateInput,
?   conversations?: ConversationOrderByRelationAggregateInput,
?   messages?: MessageOrderByRelationAggregateInput,
?   user?: UserOrderByWithRelationInput
  },
  select: {
    id: true,
    instanceName: true
  }
}

Unknown argument `updatedAt`. Did you mean `createdAt`? Available options are marked with ?.
[WA Send] resolve default account failed: 
Invalid `prisma.whatsAppAccount.findFirst()` invocation:

{
  where: {
    userId: 1,
    platform: "whatsapp",
    instanceName: {
      not: null
    }
  },
  orderBy: {
    updatedAt: "desc",
    ~~~~~~~~~
?   id?: SortOrder,
?   userId?: SortOrder,
?   platform?: SortOrder,
?   phone?: SortOrder | SortOrderInput,
?   name?: SortOrder | SortOrderInput,
?   pushName?: SortOrder | SortOrderInput,
?   status?: SortOrder,
?   sessionDir?: SortOrder | SortOrderInput,
?   avatarUrl?: SortOrder | SortOrderInput,
?   telegramBotToken?: SortOrder | SortOrderInput,
?   telegramBotUsername?: SortOrder | SortOrderInput,
?   telegramBotInfo?: SortOrder | SortOrderInput,
?   telegramProxyProtocol?: SortOrder | SortOrderInput,
?   telegramProxyHost?: SortOrder | SortOrderInput,
?   telegramProxyPort?: SortOrder | SortOrderInput,
?   telegramProxyUser?: SortOrder | SortOrderInput,
?   telegramProxyPass?: SortOrder | SortOrderInput,
?   createdAt?: SortOrder,
?   lastActiveAt?: SortOrder | SortOrderInput,
?   instanceName?: SortOrder | SortOrderInput,
?   contacts?: ContactOrderByRelationAggregateInput,
?   conversations?: ConversationOrderByRelationAggregateInput,
?   messages?: MessageOrderByRelationAggregateInput,
?   user?: UserOrderByWithRelationInput
  },
  select: {
    id: true,
    instanceName: true
  }
}

Unknown argument `updatedAt`. Did you mean `createdAt`? Available options are marked with ?.
[TG-UB] NewMessage from 6451398844 text: 我是云南人
[TG-UB] Incoming message: 6451398844 我是云南人
[TG-UB] UpdateShortMessage from 6451398844 text: 我是云南人
[TG-UB] Incoming message: 6451398844 我是云南人
[TG-UB] Skip duplicate onMessage: 6451398844_1198_in
[33m[2026-09-20T04:47:35.540] [INFO] - [Starting direct file download in chunks of 65536 at 0, stride 65536][0m
[WA Send] resolve default account failed: 
Invalid `prisma.whatsAppAccount.findFirst()` invocation:

{
  where: {
    userId: 1,
    platform: "whatsapp",
    instanceName: {
      not: null
    }
  },
  orderBy: {
    updatedAt: "desc",
    ~~~~~~~~~
?   id?: SortOrder,
?   userId?: SortOrder,
?   platform?: SortOrder,
?   phone?: SortOrder | SortOrderInput,
?   name?: SortOrder | SortOrderInput,
?   pushName?: SortOrder | SortOrderInput,
?   status?: SortOrder,
?   sessionDir?: SortOrder | SortOrderInput,
?   avatarUrl?: SortOrder | SortOrderInput,
?   telegramBotToken?: SortOrder | SortOrderInput,
?   telegramBotUsername?: SortOrder | SortOrderInput,
?   telegramBotInfo?: SortOrder | SortOrderInput,
?   telegramProxyProtocol?: SortOrder | SortOrderInput,
?   telegramProxyHost?: SortOrder | SortOrderInput,
?   telegramProxyPort?: SortOrder | SortOrderInput,
?   telegramProxyUser?: SortOrder | SortOrderInput,
?   telegramProxyPass?: SortOrder | SortOrderInput,
?   createdAt?: SortOrder,
?   lastActiveAt?: SortOrder | SortOrderInput,
?   instanceName?: SortOrder | SortOrderInput,
?   contacts?: ContactOrderByRelationAggregateInput,
?   conversations?: ConversationOrderByRelationAggregateInput,
?   messages?: MessageOrderByRelationAggregateInput,
?   user?: UserOrderByWithRelationInput
  },
  select: {
    id: true,
    instanceName: true
  }
}

Unknown argument `updatedAt`. Did you mean `createdAt`? Available options are marked with ?.
[TG-UB] NewMessage from 6451398844 text: 云南的
[TG-UB] Incoming message: 6451398844 云南的
[TG-UB] UpdateShortMessage from 6451398844 text: 云南的
[TG-UB] Incoming message: 6451398844 云南的
[TG-UB] Skip duplicate onMessage: 6451398844_1200_in
[33m[2026-09-20T04:48:00.918] [INFO] - [Starting direct file download in chunks of 65536 at 0, stride 65536][0m
[TG-UB] NewMessage from 6451398844 text: 是的呢
[TG-UB] Incoming message: 6451398844 是的呢
[TG-UB] UpdateShortMessage from 6451398844 text: 是的呢
[TG-UB] Incoming message: 6451398844 是的呢
[TG-UB] Skip duplicate onMessage: 6451398844_1201_in
[33m[2026-09-20T04:48:04.107] [INFO] - [Starting direct file download in chunks of 65536 at 0, stride 65536][0m
[TG-UB] NewMessage from 6451398844 text: 很多地方都吃辣
[TG-UB] Incoming message: 6451398844 很多地方都吃辣
[TG-UB] UpdateShortMessage from 6451398844 text: 很多地方都吃辣
[TG-UB] Incoming message: 6451398844 很多地方都吃辣
[TG-UB] Skip duplicate onMessage: 6451398844_1202_in
[33m[2026-09-20T04:48:08.550] [INFO] - [Starting direct file download in chunks of 65536 at 0, stride 65536][0m
[TG-UB] NewMessage from 6451398844 text: 四川  贵州  重庆
[TG-UB] Incoming message: 6451398844 四川  贵州  重庆
[TG-UB] UpdateShortMessage from 6451398844 text: 四川  贵州  重庆
[TG-UB] Incoming message: 6451398844 四川  贵州  重庆
[TG-UB] Skip duplicate onMessage: 6451398844_1203_in
[33m[2026-09-20T04:48:13.693] [INFO] - [Starting direct file download in chunks of 65536 at 0, stride 65536][0m
[TG-UB] Poll found message from 6451398844 text: 四川  贵州  重庆
[TG-UB] Incoming message: 6451398844 四川  贵州  重庆
[TG-UB] Skip duplicate onMessage: 6451398844_1203_in
[TG-UB] Poll found message from 6451398844 text: 很多地方都吃辣
[TG-UB] Incoming message: 6451398844 很多地方都吃辣
[TG-UB] Skip duplicate onMessage: 6451398844_1202_in
[TG-UB] Poll found message from 6451398844 text: 是的呢
[TG-UB] Incoming message: 6451398844 是的呢
[TG-UB] Skip duplicate onMessage: 6451398844_1201_in
[TG-UB] Poll found message from 6451398844 text: 云南的
[TG-UB] Incoming message: 6451398844 云南的
[TG-UB] Skip duplicate onMessage: 6451398844_1200_in
[TG-UB] Poll found OUTGOING message to 6451398844 text: 云南人吃辣的
[TG-UB] Incoming message: 6451398844 云南人吃辣的
[TG-UB] Poll found OUTGOING message to 6451398844 text: 是哪里人
[TG-UB] Incoming message: 6451398844 是哪里人
[TG-UB] Poll found OUTGOING message to 6451398844 text: 你吃辣椒
[TG-UB] Incoming message: 6451398844 你吃辣椒
[TG-UB] Poll found OUTGOING message to 6451398844 text: 是的
[TG-UB] Incoming message: 6451398844 是的
[TG-UB] Poll found message from 6451398844 text: 自己做的？
[TG-UB] Incoming message: 6451398844 自己做的？
[TG-UB] Skip duplicate onMessage: 6451398844_1194_in
[TG-UB] Poll found message from 6451398844 text: 梅菜扣肉吗
[TG-UB] Incoming message: 6451398844 梅菜扣肉吗
[TG-UB] Skip duplicate onMessage: 6451398844_1193_in
[TG-UB] Poll found OUTGOING message to 6451398844 text: 辣椒炒藕丝
[TG-UB] Incoming message: 6451398844 辣椒炒藕丝
[TG-UB] Poll found OUTGOING message to 6451398844 text: 我中午吃扣肉
[TG-UB] Incoming message: 6451398844 我中午吃扣肉
[33m[2026-09-20T04:48:20.433] [INFO] - [Starting direct file download in chunks of 65536 at 0, stride 65536][0m
[33m[2026-09-20T04:48:20.634] [INFO] - [Starting direct file download in chunks of 65536 at 0, stride 65536][0m
[33m[2026-09-20T04:48:20.635] [INFO] - [Starting direct file download in chunks of 65536 at 0, stride 65536][0m
[33m[2026-09-20T04:48:20.636] [INFO] - [Starting direct file download in chunks of 65536 at 0, stride 65536][0m
[33m[2026-09-20T04:48:20.638] [INFO] - [Starting direct file download in chunks of 65536 at 0, stride 65536][0m
[33m[2026-09-20T04:48:20.640] [INFO] - [Starting direct file download in chunks of 65536 at 0, stride 65536][0m
[TG-UB] NewMessage from 6451398844 text: 唐三本地人吗
[TG-UB] Incoming message: 6451398844 唐三本地人吗
[TG-UB] UpdateShortMessage from 6451398844 text: 唐三本地人吗
[TG-UB] Incoming message: 6451398844 唐三本地人吗
[TG-UB] Skip duplicate onMessage: 6451398844_1204_in
[33m[2026-09-20T04:48:25.192] [INFO] - [Starting direct file download in chunks of 65536 at 0, stride 65536][0m
[TG-UB] NewMessage from 6451398844 text: 湖南人也吃辣
[TG-UB] Incoming message: 6451398844 湖南人也吃辣
[TG-UB] UpdateShortMessage from 6451398844 text: 湖南人也吃辣
[TG-UB] Incoming message: 6451398844 湖南人也吃辣
[TG-UB] Skip duplicate onMessage: 6451398844_1207_in
[33m[2026-09-20T04:49:55.074] [INFO] - [Starting direct file download in chunks of 65536 at 0, stride 65536][0m
[TG-UB] NewMessage from 6451398844 text: 但是我们的辣不一样
[TG-UB] Incoming message: 6451398844 但是我们的辣不一样
[TG-UB] UpdateShortMessage from 6451398844 text: 但是我们的辣不一样
[TG-UB] Incoming message: 6451398844 但是我们的辣不一样
[TG-UB] Skip duplicate onMessage: 6451398844_1208_in
[33m[2026-09-20T04:49:59.507] [INFO] - [Starting direct file download in chunks of 65536 at 0, stride 65536][0m
[TG-UB] Poll found message from 6451398844 text: 但是我们的辣不一样
[TG-UB] Incoming message: 6451398844 但是我们的辣不一样
[TG-UB] Skip duplicate onMessage: 6451398844_1208_in
[TG-UB] Poll found message from 6451398844 text: 湖南人也吃辣
[TG-UB] Incoming message: 6451398844 湖南人也吃辣
[TG-UB] Skip duplicate onMessage: 6451398844_1207_in
[TG-UB] Poll found OUTGOING message to 6451398844 text: 湖南人
[TG-UB] Incoming message: 6451398844 湖南人
[TG-UB] Poll found OUTGOING message to 6451398844 text: 我不是本地人
[TG-UB] Incoming message: 6451398844 我不是本地人
[TG-UB] Poll found message from 6451398844 text: 唐三本地人吗
[TG-UB] Incoming message: 6451398844 唐三本地人吗
[TG-UB] Skip duplicate onMessage: 6451398844_1204_in
[33m[2026-09-20T04:50:20.280] [INFO] - [Starting direct file download in chunks of 65536 at 0, stride 65536][0m
[33m[2026-09-20T04:50:20.489] [INFO] - [Starting direct file download in chunks of 65536 at 0, stride 65536][0m
[TG-UB] Poll found OUTGOING message to 6451398844 text: 是的
[TG-UB] Incoming message: 6451398844 是的
[33m[2026-09-20T04:52:20.271] [INFO] - [Starting direct file download in chunks of 65536 at 0, stride 65536][0m
[TG-UB] NewMessage from 6451398844 text: 
[TG-UB] Incoming message: 6451398844 [MessageMediaPhoto]
[33m[2026-09-20T04:52:50.782] [INFO] - [Starting direct file download in chunks of 262144 at 0, stride 262144][0m
[33m[2026-09-20T04:52:50.782] [INFO] - [Connecting to 149.154.175.56:443/TCPFull...][0m
[TG-UB] Incoming message: 6451398844 [MessageMediaPhoto]
[TG-UB] Skip duplicate onMessage: 6451398844_1210_in
[33m[2026-09-20T04:52:50.784] [INFO] - [Starting direct file download in chunks of 65536 at 0, stride 65536][0m
[33m[2026-09-20T04:52:50.970] [INFO] - [Connection to 149.154.175.56:443/TCPFull complete!][0m
[33m[2026-09-20T04:52:51.166] [INFO] - [File lives in another DC][0m
[TG-UB Media DEBUG] type=MessageMediaPhoto isOut=false hasRaw=true client=undef
[TG-UB Media] Downloading msgId=1210 type=MessageMediaPhoto rawType=Message
[33m[2026-09-20T04:52:52.966] [INFO] - [Starting direct file download in chunks of 131072 at 0, stride 131072][0m
[TG-UB] NewMessage from 6451398844 text: 吃饱了
[TG-UB] Incoming message: 6451398844 吃饱了
[TG-UB] UpdateShortMessage from 6451398844 text: 吃饱了
[TG-UB] Incoming message: 6451398844 吃饱了
[TG-UB] Skip duplicate onMessage: 6451398844_1211_in
[33m[2026-09-20T04:52:53.796] [INFO] - [Starting direct file download in chunks of 65536 at 0, stride 65536][0m
[TG-UB Media] Download result: buf=buffer:93459
[TG-UB] Media downloaded: 30245ea55a176893e6e30352bf75b47e.jpg
[TG-UB] NewMessage from 6451398844 text: 你在这边做什么工作呢
[TG-UB] Incoming message: 6451398844 你在这边做什么工作呢
[TG-UB] UpdateShortMessage from 6451398844 text: 你在这边做什么工作呢
[TG-UB] Incoming message: 6451398844 你在这边做什么工作呢
[TG-UB] Skip duplicate onMessage: 6451398844_1212_in
[33m[2026-09-20T04:53:04.932] [INFO] - [Starting direct file download in chunks of 65536 at 0, stride 65536][0m
[35m[2026-09-20T04:53:20.969] [WARN] - [Disconnecting...][0m
[33m[2026-09-20T04:53:20.969] [INFO] - [Disconnecting from 149.154.175.56:443/TCPFull...][0m
[33m[2026-09-20T04:53:20.970] [INFO] - [connection closed][0m
[33m[2026-09-20T04:53:46.531] [INFO] - [Starting direct file download in chunks of 262144 at 0, stride 262144][0m
[33m[2026-09-20T04:53:46.531] [INFO] - [Connecting to 149.154.175.56:443/TCPFull...][0m
[33m[2026-09-20T04:53:46.729] [INFO] - [Connection to 149.154.175.56:443/TCPFull complete!][0m
[33m[2026-09-20T04:53:46.935] [INFO] - [File lives in another DC][0m
[35m[2026-09-20T04:54:16.729] [WARN] - [Disconnecting...][0m
[33m[2026-09-20T04:54:16.729] [INFO] - [Disconnecting from 149.154.175.56:443/TCPFull...][0m
[33m[2026-09-20T04:54:16.729] [INFO] - [connection closed][0m
[TG-UB] Poll found message from 6451398844 text: 你在这边做什么工作呢
[TG-UB] Incoming message: 6451398844 你在这边做什么工作呢
[TG-UB] Skip duplicate onMessage: 6451398844_1212_in
[TG-UB] Poll found message from 6451398844 text: 吃饱了
[TG-UB] Incoming message: 6451398844 吃饱了
[TG-UB] Skip duplicate onMessage: 6451398844_1211_in
[TG-UB] Poll found message from 6451398844 text: [media]
[TG-UB] Incoming message: 6451398844 [media]
[TG-UB] Skip duplicate onMessage: 6451398844_1210_in
[WA Send] resolve default account failed: 
Invalid `prisma.whatsAppAccount.findFirst()` invocation:

{
  where: {
    userId: 1,
    platform: "whatsapp",
    instanceName: {
      not: null
    }
  },
  orderBy: {
    updatedAt: "desc",
    ~~~~~~~~~
?   id?: SortOrder,
?   userId?: SortOrder,
?   platform?: SortOrder,
?   phone?: SortOrder | SortOrderInput,
?   name?: SortOrder | SortOrderInput,
?   pushName?: SortOrder | SortOrderInput,
?   status?: SortOrder,
?   sessionDir?: SortOrder | SortOrderInput,
?   avatarUrl?: SortOrder | SortOrderInput,
?   telegramBotToken?: SortOrder | SortOrderInput,
?   telegramBotUsername?: SortOrder | SortOrderInput,
?   telegramBotInfo?: SortOrder | SortOrderInput,
?   telegramProxyProtocol?: SortOrder | SortOrderInput,
?   telegramProxyHost?: SortOrder | SortOrderInput,
?   telegramProxyPort?: SortOrder | SortOrderInput,
?   telegramProxyUser?: SortOrder | SortOrderInput,
?   telegramProxyPass?: SortOrder | SortOrderInput,
?   createdAt?: SortOrder,
?   lastActiveAt?: SortOrder | SortOrderInput,
?   instanceName?: SortOrder | SortOrderInput,
?   contacts?: ContactOrderByRelationAggregateInput,
?   conversations?: ConversationOrderByRelationAggregateInput,
?   messages?: MessageOrderByRelationAggregateInput,
?   user?: UserOrderByWithRelationInput
  },
  select: {
    id: true,
    instanceName: true
  }
}

Unknown argument `updatedAt`. Did you mean `createdAt`? Available options are marked with ?.
[WA Send] resolve default account failed: 
Invalid `prisma.whatsAppAccount.findFirst()` invocation:

{
  where: {
    userId: 1,
    platform: "whatsapp",
    instanceName: {
      not: null
    }
  },
  orderBy: {
    updatedAt: "desc",
    ~~~~~~~~~
?   id?: SortOrder,
?   userId?: SortOrder,
?   platform?: SortOrder,
?   phone?: SortOrder | SortOrderInput,
?   name?: SortOrder | SortOrderInput,
?   pushName?: SortOrder | SortOrderInput,
?   status?: SortOrder,
?   sessionDir?: SortOrder | SortOrderInput,
?   avatarUrl?: SortOrder | SortOrderInput,
?   telegramBotToken?: SortOrder | SortOrderInput,
?   telegramBotUsername?: SortOrder | SortOrderInput,
?   telegramBotInfo?: SortOrder | SortOrderInput,
?   telegramProxyProtocol?: SortOrder | SortOrderInput,
?   telegramProxyHost?: SortOrder | SortOrderInput,
?   telegramProxyPort?: SortOrder | SortOrderInput,
?   telegramProxyUser?: SortOrder | SortOrderInput,
?   telegramProxyPass?: SortOrder | SortOrderInput,
?   createdAt?: SortOrder,
?   lastActiveAt?: SortOrder | SortOrderInput,
?   instanceName?: SortOrder | SortOrderInput,
?   contacts?: ContactOrderByRelationAggregateInput,
?   conversations?: ConversationOrderByRelationAggregateInput,
?   messages?: MessageOrderByRelationAggregateInput,
?   user?: UserOrderByWithRelationInput
  },
  select: {
    id: true,
    instanceName: true
  }
}

Unknown argument `updatedAt`. Did you mean `createdAt`? Available options are marked with ?.
[WA Send] resolve default account failed: 
Invalid `prisma.whatsAppAccount.findFirst()` invocation:

{
  where: {
    userId: 1,
    platform: "whatsapp",
    instanceName: {
      not: null
    }
  },
  orderBy: {
    updatedAt: "desc",
    ~~~~~~~~~
?   id?: SortOrder,
?   userId?: SortOrder,
?   platform?: SortOrder,
?   phone?: SortOrder | SortOrderInput,
?   name?: SortOrder | SortOrderInput,
?   pushName?: SortOrder | SortOrderInput,
?   status?: SortOrder,
?   sessionDir?: SortOrder | SortOrderInput,
?   avatarUrl?: SortOrder | SortOrderInput,
?   telegramBotToken?: SortOrder | SortOrderInput,
?   telegramBotUsername?: SortOrder | SortOrderInput,
?   telegramBotInfo?: SortOrder | SortOrderInput,
?   telegramProxyProtocol?: SortOrder | SortOrderInput,
?   telegramProxyHost?: SortOrder | SortOrderInput,
?   telegramProxyPort?: SortOrder | SortOrderInput,
?   telegramProxyUser?: SortOrder | SortOrderInput,
?   telegramProxyPass?: SortOrder | SortOrderInput,
?   createdAt?: SortOrder,
?   lastActiveAt?: SortOrder | SortOrderInput,
?   instanceName?: SortOrder | SortOrderInput,
?   contacts?: ContactOrderByRelationAggregateInput,
?   conversations?: ConversationOrderByRelationAggregateInput,
?   messages?: MessageOrderByRelationAggregateInput,
?   user?: UserOrderByWithRelationInput
  },
  select: {
    id: true,
    instanceName: true
  }
}

Unknown argument `updatedAt`. Did you mean `createdAt`? Available options are marked with ?.
[TG-UB] NewMessage from 6451398844 text: 那我们怎么约
[TG-UB] Incoming message: 6451398844 那我们怎么约
[TG-UB] UpdateShortMessage from 6451398844 text: 那我们怎么约
[TG-UB] Incoming message: 6451398844 那我们怎么约
[TG-UB] Skip duplicate onMessage: 6451398844_1216_in
[33m[2026-09-20T04:54:47.750] [INFO] - [Starting direct file download in chunks of 65536 at 0, stride 65536][0m
[TG-UB] NewMessage from 6451398844 text: 好做吗
[TG-UB] Incoming message: 6451398844 好做吗
[TG-UB] UpdateShortMessage from 6451398844 text: 好做吗
[TG-UB] Incoming message: 6451398844 好做吗
[TG-UB] Skip duplicate onMessage: 6451398844_1217_in
[33m[2026-09-20T04:54:53.356] [INFO] - [Starting direct file download in chunks of 65536 at 0, stride 65536][0m
[33m[2026-09-20T04:54:56.982] [INFO] - [Starting direct file download in chunks of 262144 at 0, stride 262144][0m
[33m[2026-09-20T04:54:56.983] [INFO] - [Connecting to 149.154.175.56:443/TCPFull...][0m
[TG-UB] NewMessage from 6451398844 text: 我是做美容美甲的
[TG-UB] Incoming message: 6451398844 我是做美容美甲的
[TG-UB] UpdateShortMessage from 6451398844 text: 我是做美容美甲的
[TG-UB] Incoming message: 6451398844 我是做美容美甲的
[TG-UB] Skip duplicate onMessage: 6451398844_1218_in
[33m[2026-09-20T04:54:57.176] [INFO] - [Connection to 149.154.175.56:443/TCPFull complete!][0m
[33m[2026-09-20T04:54:57.379] [INFO] - [File lives in another DC][0m
[33m[2026-09-20T04:54:57.382] [INFO] - [Starting direct file download in chunks of 65536 at 0, stride 65536][0m
[TG-UB] NewMessage from 6451398844 text: 
[TG-UB] Incoming message: 6451398844 [MessageMediaPhoto]
[33m[2026-09-20T04:55:06.586] [INFO] - [Starting direct file download in chunks of 65536 at 0, stride 65536][0m
[TG-UB] Incoming message: 6451398844 [MessageMediaPhoto]
[TG-UB] Skip duplicate onMessage: 6451398844_1219_in
[TG-UB Media DEBUG] type=MessageMediaPhoto isOut=false hasRaw=true client=undef
[TG-UB Media] Downloading msgId=1219 type=MessageMediaPhoto rawType=Message
[33m[2026-09-20T04:55:10.086] [INFO] - [Starting direct file download in chunks of 131072 at 0, stride 131072][0m
[TG-UB] NewMessage from 6451398844 text: 都是帮客人做美甲和美容
[TG-UB] Incoming message: 6451398844 都是帮客人做美甲和美容
[TG-UB] UpdateShortMessage from 6451398844 text: 都是帮客人做美甲和美容
[TG-UB] Incoming message: 6451398844 都是帮客人做美甲和美容
[TG-UB] Skip duplicate onMessage: 6451398844_1220_in
[33m[2026-09-20T04:55:12.454] [INFO] - [Starting direct file download in chunks of 65536 at 0, stride 65536][0m
[TG-UB Media] Download result: buf=buffer:93807
[TG-UB] Media downloaded: 6cb62be21a5e368c3ac8df06ffdcea00.jpg
[TG-UB] NewMessage from 6451398844 text: 你每天都要午睡的吗
[TG-UB] Incoming message: 6451398844 你每天都要午睡的吗
[TG-UB] UpdateShortMessage from 6451398844 text: 你每天都要午睡的吗
[TG-UB] Incoming message: 6451398844 你每天都要午睡的吗
[TG-UB] Skip duplicate onMessage: 6451398844_1221_in
[33m[2026-09-20T04:55:26.258] [INFO] - [Starting direct file download in chunks of 65536 at 0, stride 65536][0m
[35m[2026-09-20T04:55:27.176] [WARN] - [Disconnecting...][0m
[33m[2026-09-20T04:55:27.176] [INFO] - [Disconnecting from 149.154.175.56:443/TCPFull...][0m
[33m[2026-09-20T04:55:27.176] [INFO] - [connection closed][0m
[WA Send] resolve default account failed: 
Invalid `prisma.whatsAppAccount.findFirst()` invocation:

{
  where: {
    userId: 1,
    platform: "whatsapp",
    instanceName: {
      not: null
    }
  },
  orderBy: {
    updatedAt: "desc",
    ~~~~~~~~~
?   id?: SortOrder,
?   userId?: SortOrder,
?   platform?: SortOrder,
?   phone?: SortOrder | SortOrderInput,
?   name?: SortOrder | SortOrderInput,
?   pushName?: SortOrder | SortOrderInput,
?   status?: SortOrder,
?   sessionDir?: SortOrder | SortOrderInput,
?   avatarUrl?: SortOrder | SortOrderInput,
?   telegramBotToken?: SortOrder | SortOrderInput,
?   telegramBotUsername?: SortOrder | SortOrderInput,
?   telegramBotInfo?: SortOrder | SortOrderInput,
?   telegramProxyProtocol?: SortOrder | SortOrderInput,
?   telegramProxyHost?: SortOrder | SortOrderInput,
?   telegramProxyPort?: SortOrder | SortOrderInput,
?   telegramProxyUser?: SortOrder | SortOrderInput,
?   telegramProxyPass?: SortOrder | SortOrderInput,
?   createdAt?: SortOrder,
?   lastActiveAt?: SortOrder | SortOrderInput,
?   instanceName?: SortOrder | SortOrderInput,
?   contacts?: ContactOrderByRelationAggregateInput,
?   conversations?: ConversationOrderByRelationAggregateInput,
?   messages?: MessageOrderByRelationAggregateInput,
?   user?: UserOrderByWithRelationInput
  },
  select: {
    id: true,
    instanceName: true
  }
}

Unknown argument `updatedAt`. Did you mean `createdAt`? Available options are marked with ?.
[TG-UB] NewMessage from 6451398844 text: 睡多久呢    我晚上有朋友约出门逛的
[TG-UB] Incoming message: 6451398844 睡多久呢    我晚上有朋友约出门逛的
[TG-UB] UpdateShortMessage from 6451398844 text: 睡多久呢    我晚上有朋友约出门逛的
[TG-UB] Incoming message: 6451398844 睡多久呢    我晚上有朋友约出门逛的
[TG-UB] Skip duplicate onMessage: 6451398844_1223_in
[33m[2026-09-20T04:55:49.837] [INFO] - [Starting direct file download in chunks of 65536 at 0, stride 65536][0m
[TG-UB] Poll found message from 6451398844 text: 睡多久呢    我晚上有朋友约出门逛的
[TG-UB] Incoming message: 6451398844 睡多久呢    我晚上有朋友约出门逛的
[TG-UB] Skip duplicate onMessage: 6451398844_1223_in
[TG-UB] Poll found OUTGOING message to 6451398844 text: 帮我做一个美甲😄
[TG-UB] Incoming message: 6451398844 帮我做一个美甲😄
[TG-UB] Poll found message from 6451398844 text: 你每天都要午睡的吗
[TG-UB] Incoming message: 6451398844 你每天都要午睡的吗
[TG-UB] Skip duplicate onMessage: 6451398844_1221_in
[TG-UB] Poll found message from 6451398844 text: 都是帮客人做美甲和美容
[TG-UB] Incoming message: 6451398844 都是帮客人做美甲和美容
[TG-UB] Skip duplicate onMessage: 6451398844_1220_in
[TG-UB] Poll found message from 6451398844 text: [media]
[TG-UB] Incoming message: 6451398844 [media]
[TG-UB] Skip duplicate onMessage: 6451398844_1219_in
[TG-UB] Poll found message from 6451398844 text: 我是做美容美甲的
[TG-UB] Incoming message: 6451398844 我是做美容美甲的
[TG-UB] Skip duplicate onMessage: 6451398844_1218_in
[TG-UB] Poll found message from 6451398844 text: 好做吗
[TG-UB] Incoming message: 6451398844 好做吗
[TG-UB] Skip duplicate onMessage: 6451398844_1217_in
[TG-UB] Poll found message from 6451398844 text: 那我们怎么约
[TG-UB] Incoming message: 6451398844 那我们怎么约
[TG-UB] Skip duplicate onMessage: 6451398844_1216_in
[TG-UB] Poll found OUTGOING message to 6451398844 text: 可以晚点过来
[TG-UB] Incoming message: 6451398844 可以晚点过来
[TG-UB] Poll found OUTGOING message to 6451398844 text: 我待会要午睡会
[TG-UB] Incoming message: 6451398844 我待会要午睡会
[TG-UB] Poll found OUTGOING message to 6451398844 text: 我做出口的
[TG-UB] Incoming message: 6451398844 我做出口的
[33m[2026-09-20T04:56:20.503] [INFO] - [Starting direct file download in chunks of 65536 at 0, stride 65536][0m
[33m[2026-09-20T04:56:20.711] [INFO] - [Starting direct file download in chunks of 65536 at 0, stride 65536][0m
[33m[2026-09-20T04:56:20.712] [INFO] - [Starting direct file download in chunks of 65536 at 0, stride 65536][0m
[33m[2026-09-20T04:56:20.713] [INFO] - [Starting direct file download in chunks of 65536 at 0, stride 65536][0m
[WA Send] resolve default account failed: 
Invalid `prisma.whatsAppAccount.findFirst()` invocation:

{
  where: {
    userId: 1,
    platform: "whatsapp",
    instanceName: {
      not: null
    }
  },
  orderBy: {
    updatedAt: "desc",
    ~~~~~~~~~
?   id?: SortOrder,
?   userId?: SortOrder,
?   platform?: SortOrder,
?   phone?: SortOrder | SortOrderInput,
?   name?: SortOrder | SortOrderInput,
?   pushName?: SortOrder | SortOrderInput,
?   status?: SortOrder,
?   sessionDir?: SortOrder | SortOrderInput,
?   avatarUrl?: SortOrder | SortOrderInput,
?   telegramBotToken?: SortOrder | SortOrderInput,
?   telegramBotUsername?: SortOrder | SortOrderInput,
?   telegramBotInfo?: SortOrder | SortOrderInput,
?   telegramProxyProtocol?: SortOrder | SortOrderInput,
?   telegramProxyHost?: SortOrder | SortOrderInput,
?   telegramProxyPort?: SortOrder | SortOrderInput,
?   telegramProxyUser?: SortOrder | SortOrderInput,
?   telegramProxyPass?: SortOrder | SortOrderInput,
?   createdAt?: SortOrder,
?   lastActiveAt?: SortOrder | SortOrderInput,
?   instanceName?: SortOrder | SortOrderInput,
?   contacts?: ContactOrderByRelationAggregateInput,
?   conversations?: ConversationOrderByRelationAggregateInput,
?   messages?: MessageOrderByRelationAggregateInput,
?   user?: UserOrderByWithRelationInput
  },
  select: {
    id: true,
    instanceName: true
  }
}

Unknown argument `updatedAt`. Did you mean `createdAt`? Available options are marked with ?.
[WA Send] resolve default account failed: 
Invalid `prisma.whatsAppAccount.findFirst()` invocation:

{
  where: {
    userId: 1,
    platform: "whatsapp",
    instanceName: {
      not: null
    }
  },
  orderBy: {
    updatedAt: "desc",
    ~~~~~~~~~
?   id?: SortOrder,
?   userId?: SortOrder,
?   platform?: SortOrder,
?   phone?: SortOrder | SortOrderInput,
?   name?: SortOrder | SortOrderInput,
?   pushName?: SortOrder | SortOrderInput,
?   status?: SortOrder,
?   sessionDir?: SortOrder | SortOrderInput,
?   avatarUrl?: SortOrder | SortOrderInput,
?   telegramBotToken?: SortOrder | SortOrderInput,
?   telegramBotUsername?: SortOrder | SortOrderInput,
?   telegramBotInfo?: SortOrder | SortOrderInput,
?   telegramProxyProtocol?: SortOrder | SortOrderInput,
?   telegramProxyHost?: SortOrder | SortOrderInput,
?   telegramProxyPort?: SortOrder | SortOrderInput,
?   telegramProxyUser?: SortOrder | SortOrderInput,
?   telegramProxyPass?: SortOrder | SortOrderInput,
?   createdAt?: SortOrder,
?   lastActiveAt?: SortOrder | SortOrderInput,
?   instanceName?: SortOrder | SortOrderInput,
?   contacts?: ContactOrderByRelationAggregateInput,
?   conversations?: ConversationOrderByRelationAggregateInput,
?   messages?: MessageOrderByRelationAggregateInput,
?   user?: UserOrderByWithRelationInput
  },
  select: {
    id: true,
    instanceName: true
  }
}

Unknown argument `updatedAt`. Did you mean `createdAt`? Available options are marked with ?.
[TG-UB] NewMessage from 6451398844 text: 我画个妆差不多就可以过去了
[TG-UB] Incoming message: 6451398844 我画个妆差不多就可以过去了
[TG-UB] UpdateShortMessage from 6451398844 text: 我画个妆差不多就可以过去了
[TG-UB] Incoming message: 6451398844 我画个妆差不多就可以过去了
[TG-UB] Skip duplicate onMessage: 6451398844_1226_in
[33m[2026-09-20T04:57:43.643] [INFO] - [Starting direct file download in chunks of 65536 at 0, stride 65536][0m
[TG-UB] NewMessage from 6451398844 text: 30分钟也没什么好休息的吧
[TG-UB] Incoming message: 6451398844 30分钟也没什么好休息的吧
[TG-UB] UpdateShortMessage from 6451398844 text: 30分钟也没什么好休息的吧
[TG-UB] Incoming message: 6451398844 30分钟也没什么好休息的吧
[TG-UB] Skip duplicate onMessage: 6451398844_1227_in
[33m[2026-09-20T04:58:01.151] [INFO] - [Starting direct file download in chunks of 65536 at 0, stride 65536][0m
[TG-UB] NewMessage from 6451398844 text: 
[TG-UB] Incoming message: 6451398844 [MessageMediaDocument]
[TG-UB] Incoming message: 6451398844 [MessageMediaDocument]
[TG-UB] Skip duplicate onMessage: 6451398844_1228_in
[33m[2026-09-20T04:58:04.494] [INFO] - [Starting direct file download in chunks of 65536 at 0, stride 65536][0m
[TG-UB Media DEBUG] type=MessageMediaDocument isOut=false hasRaw=true client=undef
[TG-UB Media] Downloading msgId=1228 type=MessageMediaDocument rawType=Message
[33m[2026-09-20T04:58:08.341] [INFO] - [Starting direct file download in chunks of 131072 at 0, stride 131072][0m
[33m[2026-09-20T04:58:08.341] [INFO] - [Connecting to 149.154.175.56:443/TCPFull...][0m
[33m[2026-09-20T04:58:08.542] [INFO] - [Connection to 149.154.175.56:443/TCPFull complete!][0m
[33m[2026-09-20T04:58:08.753] [INFO] - [File lives in another DC][0m
[TG-UB Media] Download result: buf=buffer:48312
[TG-UB] Media downloaded: 1c56df91e93f282f22cbc9cca6c91d08.jpg
[TG-UB] Poll found message from 6451398844 text: [media]
[TG-UB] Incoming message: 6451398844 [media]
[TG-UB] Skip duplicate onMessage: 6451398844_1228_in
[TG-UB] Poll found message from 6451398844 text: 30分钟也没什么好休息的吧
[TG-UB] Incoming message: 6451398844 30分钟也没什么好休息的吧
[TG-UB] Skip duplicate onMessage: 6451398844_1227_in
[TG-UB] Poll found message from 6451398844 text: 我画个妆差不多就可以过去了
[TG-UB] Incoming message: 6451398844 我画个妆差不多就可以过去了
[TG-UB] Skip duplicate onMessage: 6451398844_1226_in
[TG-UB] Poll found OUTGOING message to 6451398844 text: 睡30分钟
[TG-UB] Incoming message: 6451398844 睡30分钟
[TG-UB] Poll found OUTGOING message to 6451398844 text: 刚吃完饭眯会
[TG-UB] Incoming message: 6451398844 刚吃完饭眯会
[33m[2026-09-20T04:58:20.498] [INFO] - [Starting direct file download in chunks of 65536 at 0, stride 65536][0m
[33m[2026-09-20T04:58:20.706] [INFO] - [Starting direct file download in chunks of 65536 at 0, stride 65536][0m
[35m[2026-09-20T04:58:38.543] [WARN] - [Disconnecting...][0m
[33m[2026-09-20T04:58:38.543] [INFO] - [Disconnecting from 149.154.175.56:443/TCPFull...][0m
[33m[2026-09-20T04:58:38.543] [INFO] - [connection closed][0m
[TG-UB] NewMessage from 6451398844 text: 出去取个快递  然后回来化个妆
[TG-UB] Incoming message: 6451398844 出去取个快递  然后回来化个妆
[TG-UB] UpdateShortMessage from 6451398844 text: 出去取个快递  然后回来化个妆
[TG-UB] Incoming message: 6451398844 出去取个快递  然后回来化个妆
[TG-UB] Skip duplicate onMessage: 6451398844_1229_in
[33m[2026-09-20T05:01:04.478] [INFO] - [Starting direct file download in chunks of 65536 at 0, stride 65536][0m
[TG-UB] Poll found message from 6451398844 text: 出去取个快递  然后回来化个妆
[TG-UB] Incoming message: 6451398844 出去取个快递  然后回来化个妆
[TG-UB] Skip duplicate onMessage: 6451398844_1229_in
[WA Send] resolve default account failed: 
Invalid `prisma.whatsAppAccount.findFirst()` invocation:

{
  where: {
    userId: 1,
    platform: "whatsapp",
    instanceName: {
      not: null
    }
  },
  orderBy: {
    updatedAt: "desc",
    ~~~~~~~~~
?   id?: SortOrder,
?   userId?: SortOrder,
?   platform?: SortOrder,
?   phone?: SortOrder | SortOrderInput,
?   name?: SortOrder | SortOrderInput,
?   pushName?: SortOrder | SortOrderInput,
?   status?: SortOrder,
?   sessionDir?: SortOrder | SortOrderInput,
?   avatarUrl?: SortOrder | SortOrderInput,
?   telegramBotToken?: SortOrder | SortOrderInput,
?   telegramBotUsername?: SortOrder | SortOrderInput,
?   telegramBotInfo?: SortOrder | SortOrderInput,
?   telegramProxyProtocol?: SortOrder | SortOrderInput,
?   telegramProxyHost?: SortOrder | SortOrderInput,
?   telegramProxyPort?: SortOrder | SortOrderInput,
?   telegramProxyUser?: SortOrder | SortOrderInput,
?   telegramProxyPass?: SortOrder | SortOrderInput,
?   createdAt?: SortOrder,
?   lastActiveAt?: SortOrder | SortOrderInput,
?   instanceName?: SortOrder | SortOrderInput,
?   contacts?: ContactOrderByRelationAggregateInput,
?   conversations?: ConversationOrderByRelationAggregateInput,
?   messages?: MessageOrderByRelationAggregateInput,
?   user?: UserOrderByWithRelationInput
  },
  select: {
    id: true,
    instanceName: true
  }
}

Unknown argument `updatedAt`. Did you mean `createdAt`? Available options are marked with ?.
[TG-UB] NewMessage from 6451398844 text: 30分钟你会醒吗
[TG-UB] Incoming message: 6451398844 30分钟你会醒吗
[TG-UB] UpdateShortMessage from 6451398844 text: 30分钟你会醒吗
[TG-UB] Incoming message: 6451398844 30分钟你会醒吗
[TG-UB] Skip duplicate onMessage: 6451398844_1231_in
[33m[2026-09-20T05:06:16.543] [INFO] - [Starting direct file download in chunks of 65536 at 0, stride 65536][0m
[TG-UB] Poll found message from 6451398844 text: 30分钟你会醒吗
[TG-UB] Incoming message: 6451398844 30分钟你会醒吗
[TG-UB] Skip duplicate onMessage: 6451398844_1231_in
[TG-UB] Poll found OUTGOING message to 6451398844 text: 我先睡会，昨晚没睡好
[TG-UB] Incoming message: 6451398844 我先睡会，昨晚没睡好
[33m[2026-09-20T05:06:20.286] [INFO] - [Starting direct file download in chunks of 65536 at 0, stride 65536][0m
[TG-UB] NewMessage from 6451398844 text: 
[TG-UB] Incoming message: 6451398844 [MessageMediaPhoto]
[TG-UB] Incoming message: 6451398844 [MessageMediaPhoto]
[TG-UB] Skip duplicate onMessage: 6451398844_1232_in
[33m[2026-09-20T05:06:22.096] [INFO] - [Starting direct file download in chunks of 65536 at 0, stride 65536][0m
[TG-UB Media DEBUG] type=MessageMediaPhoto isOut=false hasRaw=true client=undef
[TG-UB Media] Downloading msgId=1232 type=MessageMediaPhoto rawType=Message
[33m[2026-09-20T05:06:26.564] [INFO] - [Starting direct file download in chunks of 131072 at 0, stride 131072][0m
[TG-UB] NewMessage from 6451398844 text: 我在等快递员  给我说到了到了
[TG-UB] Incoming message: 6451398844 我在等快递员  给我说到了到了
[TG-UB] UpdateShortMessage from 6451398844 text: 我在等快递员  给我说到了到了
[TG-UB] Incoming message: 6451398844 我在等快递员  给我说到了到了
[TG-UB] Skip duplicate onMessage: 6451398844_1233_in
[33m[2026-09-20T05:06:31.396] [INFO] - [Starting direct file download in chunks of 65536 at 0, stride 65536][0m
[TG-UB] NewMessage from 6451398844 text: 站一分钱也没看到人
[TG-UB] Incoming message: 6451398844 站一分钱也没看到人
[TG-UB] UpdateShortMessage from 6451398844 text: 站一分钱也没看到人
[TG-UB] Incoming message: 6451398844 站一分钱也没看到人
[TG-UB] Skip duplicate onMessage: 6451398844_1234_in
[33m[2026-09-20T05:06:35.821] [INFO] - [Starting direct file download in chunks of 65536 at 0, stride 65536][0m
[TG-UB Media] Download result: buf=buffer:292358
[TG-UB] Media downloaded: 0d6e889587182dacddd5eff141eea8fa.jpg
[33m[2026-09-20T05:07:01.665] [INFO] - [Starting direct file download in chunks of 131072 at 0, stride 131072][0m
[33m[2026-09-20T05:07:01.665] [INFO] - [Connecting to 149.154.175.56:443/TCPFull...][0m
[33m[2026-09-20T05:07:01.874] [INFO] - [Connection to 149.154.175.56:443/TCPFull complete!][0m
[BatchRetranslate] Processed 20 messages, translated 0 for 6451398844@telegram
[TG] Backfilled 0 new messages (total history: 100) for 6451398844@telegram
[35m[2026-09-20T05:07:31.875] [WARN] - [Disconnecting...][0m
[33m[2026-09-20T05:07:31.875] [INFO] - [Disconnecting from 149.154.175.56:443/TCPFull...][0m
[33m[2026-09-20T05:07:31.875] [INFO] - [connection closed][0m
[TG-UB] NewMessage from -1003821755044 text: 
[TG-UB] Incoming message: -1003821755044 [MessageMediaDocument]
[TG-UB] Incoming message: -1003821755044 [MessageMediaDocument]
[TG-UB] Skip duplicate onMessage: -1003821755044_20251_in
[33m[2026-09-20T05:07:40.749] [INFO] - [Starting direct file download in chunks of 65536 at 0, stride 65536][0m
[33m[2026-09-20T05:07:40.749] [INFO] - [Connecting to 149.154.175.56:443/TCPFull...][0m
[33m[2026-09-20T05:07:40.943] [INFO] - [Connection to 149.154.175.56:443/TCPFull complete!][0m
[TG-UB Media DEBUG] type=MessageMediaDocument isOut=false hasRaw=true client=undef
[TG-UB Media] Downloading msgId=20251 type=MessageMediaDocument rawType=Message
[33m[2026-09-20T05:07:41.151] [INFO] - [Starting direct file download in chunks of 131072 at 0, stride 131072][0m
[33m[2026-09-20T05:07:41.353] [INFO] - [File lives in another DC][0m
[35m[2026-09-20T05:08:11.150] [WARN] - [Disconnecting...][0m
[33m[2026-09-20T05:08:11.150] [INFO] - [Disconnecting from 149.154.175.56:443/TCPFull...][0m
[33m[2026-09-20T05:08:11.150] [INFO] - [connection closed][0m
[WA Send] resolve default account failed: 
Invalid `prisma.whatsAppAccount.findFirst()` invocation:

{
  where: {
    userId: 1,
    platform: "whatsapp",
    instanceName: {
      not: null
    }
  },
  orderBy: {
    updatedAt: "desc",
    ~~~~~~~~~
?   id?: SortOrder,
?   userId?: SortOrder,
?   platform?: SortOrder,
?   phone?: SortOrder | SortOrderInput,
?   name?: SortOrder | SortOrderInput,
?   pushName?: SortOrder | SortOrderInput,
?   status?: SortOrder,
?   sessionDir?: SortOrder | SortOrderInput,
?   avatarUrl?: SortOrder | SortOrderInput,
?   telegramBotToken?: SortOrder | SortOrderInput,
?   telegramBotUsername?: SortOrder | SortOrderInput,
?   telegramBotInfo?: SortOrder | SortOrderInput,
?   telegramProxyProtocol?: SortOrder | SortOrderInput,
?   telegramProxyHost?: SortOrder | SortOrderInput,
?   telegramProxyPort?: SortOrder | SortOrderInput,
?   telegramProxyUser?: SortOrder | SortOrderInput,
?   telegramProxyPass?: SortOrder | SortOrderInput,
?   createdAt?: SortOrder,
?   lastActiveAt?: SortOrder | SortOrderInput,
?   instanceName?: SortOrder | SortOrderInput,
?   contacts?: ContactOrderByRelationAggregateInput,
?   conversations?: ConversationOrderByRelationAggregateInput,
?   messages?: MessageOrderByRelationAggregateInput,
?   user?: UserOrderByWithRelationInput
  },
  select: {
    id: true,
    instanceName: true
  }
}

Unknown argument `updatedAt`. Did you mean `createdAt`? Available options are marked with ?.
[TG-UB] Poll found OUTGOING message to 6451398844 text: 昨晚3点多就醒了，没睡着
[TG-UB] Incoming message: 6451398844 昨晚3点多就醒了，没睡着
[TG-UB] Poll found message from 6451398844 text: 站一分钱也没看到人
[TG-UB] Incoming message: 6451398844 站一分钱也没看到人
[TG-UB] Skip duplicate onMessage: 6451398844_1234_in
[TG-UB] Poll found message from 6451398844 text: 我在等快递员  给我说到了到了
[TG-UB] Incoming message: 6451398844 我在等快递员  给我说到了到了
[TG-UB] Skip duplicate onMessage: 6451398844_1233_in
[TG-UB] Poll found message from 6451398844 text: [media]
[TG-UB] Incoming message: 6451398844 [media]
[TG-UB] Skip duplicate onMessage: 6451398844_1232_in
[33m[2026-09-20T05:08:20.298] [INFO] - [Starting direct file download in chunks of 65536 at 0, stride 65536][0m
[WA Send] resolve default account failed: 
Invalid `prisma.whatsAppAccount.findFirst()` invocation:

{
  where: {
    userId: 1,
    platform: "whatsapp",
    instanceName: {
      not: null
    }
  },
  orderBy: {
    updatedAt: "desc",
    ~~~~~~~~~
?   id?: SortOrder,
?   userId?: SortOrder,
?   platform?: SortOrder,
?   phone?: SortOrder | SortOrderInput,
?   name?: SortOrder | SortOrderInput,
?   pushName?: SortOrder | SortOrderInput,
?   status?: SortOrder,
?   sessionDir?: SortOrder | SortOrderInput,
?   avatarUrl?: SortOrder | SortOrderInput,
?   telegramBotToken?: SortOrder | SortOrderInput,
?   telegramBotUsername?: SortOrder | SortOrderInput,
?   telegramBotInfo?: SortOrder | SortOrderInput,
?   telegramProxyProtocol?: SortOrder | SortOrderInput,
?   telegramProxyHost?: SortOrder | SortOrderInput,
?   telegramProxyPort?: SortOrder | SortOrderInput,
?   telegramProxyUser?: SortOrder | SortOrderInput,
?   telegramProxyPass?: SortOrder | SortOrderInput,
?   createdAt?: SortOrder,
?   lastActiveAt?: SortOrder | SortOrderInput,
?   instanceName?: SortOrder | SortOrderInput,
?   contacts?: ContactOrderByRelationAggregateInput,
?   conversations?: ConversationOrderByRelationAggregateInput,
?   messages?: MessageOrderByRelationAggregateInput,
?   user?: UserOrderByWithRelationInput
  },
  select: {
    id: true,
    instanceName: true
  }
}

Unknown argument `updatedAt`. Did you mean `createdAt`? Available options are marked with ?.
[TG-UB] Poll found message from -1003821755044 text: [media]
[TG-UB] Incoming message: -1003821755044 [media]
[TG-UB] Skip duplicate onMessage: -1003821755044_20251_in
[TG-UB Media] Download result: buf=buffer:1963327
[TG-UB] Media downloaded: 5264f4a0af3040de5763f51171817d8f.jpg
[Automation Scheduler] Running check at 2026-09-20T05:10:16.443Z
[TG-UB] NewMessage from 6451398844 text: 
[TG-UB] Incoming message: 6451398844 [MessageMediaPhoto]
[TG-UB] Incoming message: 6451398844 [MessageMediaPhoto]
[TG-UB] Skip duplicate onMessage: 6451398844_1237_in
[33m[2026-09-20T05:10:19.819] [INFO] - [Starting direct file download in chunks of 65536 at 0, stride 65536][0m
[TG-UB] Poll found message from 6451398844 text: [media]
[TG-UB] Incoming message: 6451398844 [media]
[TG-UB] Skip duplicate onMessage: 6451398844_1237_in
[TG-UB] Poll found OUTGOING message to 6451398844 text: 到5点多才睡着
[TG-UB] Incoming message: 6451398844 到5点多才睡着
[33m[2026-09-20T05:10:20.476] [INFO] - [Starting direct file download in chunks of 65536 at 0, stride 65536][0m
[TG-UB Media DEBUG] type=MessageMediaPhoto isOut=false hasRaw=true client=undef
[TG-UB Media] Downloading msgId=1237 type=MessageMediaPhoto rawType=Message
[33m[2026-09-20T05:10:23.579] [INFO] - [Starting direct file download in chunks of 131072 at 0, stride 131072][0m
[TG-UB] NewMessage from 6451398844 text: 回家  晒死人
[TG-UB] Incoming message: 6451398844 回家  晒死人
[TG-UB] UpdateShortMessage from 6451398844 text: 回家  晒死人
[TG-UB] Incoming message: 6451398844 回家  晒死人
[TG-UB] Skip duplicate onMessage: 6451398844_1238_in
[33m[2026-09-20T05:10:28.250] [INFO] - [Starting direct file download in chunks of 65536 at 0, stride 65536][0m
[TG-UB Media] Download result: buf=buffer:351871
[TG-UB] Media downloaded: b5585f9df24f7705c40f5ea885078d71.jpg
[TG-UB] NewMessage from 6451398844 text: 那你要什么时候约呢
[TG-UB] Incoming message: 6451398844 那你要什么时候约呢
[TG-UB] UpdateShortMessage from 6451398844 text: 那你要什么时候约呢
[TG-UB] Incoming message: 6451398844 那你要什么时候约呢
[TG-UB] Skip duplicate onMessage: 6451398844_1239_in
[33m[2026-09-20T05:10:38.141] [INFO] - [Starting direct file download in chunks of 65536 at 0, stride 65536][0m
[TG-UB] NewMessage from 6451398844 text: 你说30分钟  等下我化好妆
[TG-UB] Incoming message: 6451398844 你说30分钟  等下我化好妆
[TG-UB] UpdateShortMessage from 6451398844 text: 你说30分钟  等下我化好妆
[TG-UB] Incoming message: 6451398844 你说30分钟  等下我化好妆
[TG-UB] Skip duplicate onMessage: 6451398844_1240_in
[33m[2026-09-20T05:10:46.846] [INFO] - [Starting direct file download in chunks of 65536 at 0, stride 65536][0m
[TG-UB] NewMessage from 6451398844 text: 你也不一定醒的
[TG-UB] Incoming message: 6451398844 你也不一定醒的
[TG-UB] UpdateShortMessage from 6451398844 text: 你也不一定醒的
[TG-UB] Incoming message: 6451398844 你也不一定醒的
[TG-UB] Skip duplicate onMessage: 6451398844_1241_in
[33m[2026-09-20T05:10:51.041] [INFO] - [Starting direct file download in chunks of 65536 at 0, stride 65536][0m
[TG-UB] Poll found OUTGOING message to 6451398844 text: 等会醒了我再约你吧
[TG-UB] Incoming message: 6451398844 等会醒了我再约你吧
[TG-UB] Poll found message from 6451398844 text: 你也不一定醒的
[TG-UB] Incoming message: 6451398844 你也不一定醒的
[TG-UB] Skip duplicate onMessage: 6451398844_1241_in
[TG-UB] Poll found message from 6451398844 text: 你说30分钟  等下我化好妆
[TG-UB] Incoming message: 6451398844 你说30分钟  等下我化好妆
[TG-UB] Skip duplicate onMessage: 6451398844_1240_in
[TG-UB] Poll found message from 6451398844 text: 那你要什么时候约呢
[TG-UB] Incoming message: 6451398844 那你要什么时候约呢
[TG-UB] Skip duplicate onMessage: 6451398844_1239_in
[TG-UB] Poll found message from 6451398844 text: 回家  晒死人
[TG-UB] Incoming message: 6451398844 回家  晒死人
[TG-UB] Skip duplicate onMessage: 6451398844_1238_in
[33m[2026-09-20T05:12:20.327] [INFO] - [Starting direct file download in chunks of 65536 at 0, stride 65536][0m
[TG Backfill] media download error msgId=20213: -503: Timeout (caused by upload.GetFile)
[TG] Backfilled 0 new messages (total history: 55) for -1003821755044@telegram
[TG-UB] Poll found OUTGOING message to 6451398844 text: 你过来要多久时间
[TG-UB] Incoming message: 6451398844 你过来要多久时间
[33m[2026-09-20T05:22:20.303] [INFO] - [Starting direct file download in chunks of 65536 at 0, stride 65536][0m
[TG-UB] NewMessage from 6451398844 text: 坐车20分钟
[TG-UB] Incoming message: 6451398844 坐车20分钟
[TG-UB] UpdateShortMessage from 6451398844 text: 坐车20分钟
[TG-UB] Incoming message: 6451398844 坐车20分钟
[TG-UB] Skip duplicate onMessage: 6451398844_1244_in
[33m[2026-09-20T05:23:35.763] [INFO] - [Starting direct file download in chunks of 65536 at 0, stride 65536][0m
[TG-UB] NewMessage from 6451398844 text: 不然就下次约吧
[TG-UB] Incoming message: 6451398844 不然就下次约吧
[TG-UB] UpdateShortMessage from 6451398844 text: 不然就下次约吧
[TG-UB] Incoming message: 6451398844 不然就下次约吧
[TG-UB] Skip duplicate onMessage: 6451398844_1245_in
[33m[2026-09-20T05:23:39.817] [INFO] - [Starting direct file download in chunks of 65536 at 0, stride 65536][0m
[TG] Backfilled 0 new messages (total history: 55) for -1003821755044@telegram
[TG-UB] NewMessage from 6451398844 text: 时间到了你要午睡   那还不如下回约了
[TG-UB] Incoming message: 6451398844 时间到了你要午睡   那还不如下回约了
[TG-UB] UpdateShortMessage from 6451398844 text: 时间到了你要午睡   那还不如下回约了
[TG-UB] Incoming message: 6451398844 时间到了你要午睡   那还不如下回约了
[TG-UB] Skip duplicate onMessage: 6451398844_1246_in
[33m[2026-09-20T05:23:58.718] [INFO] - [Starting direct file download in chunks of 65536 at 0, stride 65536][0m
[TG-UB] Poll found OUTGOING message to 6451398844 text: 南海大道恒大御景湾
[TG-UB] Incoming message: 6451398844 南海大道恒大御景湾
[TG-UB] Poll found message from 6451398844 text: 时间到了你要午睡   那还不如下回约了
[TG-UB] Incoming message: 6451398844 时间到了你要午睡   那还不如下回约了
[TG-UB] Skip duplicate onMessage: 6451398844_1246_in
[TG-UB] Poll found message from 6451398844 text: 不然就下次约吧
[TG-UB] Incoming message: 6451398844 不然就下次约吧
[TG-UB] Skip duplicate onMessage: 6451398844_1245_in
[TG-UB] Poll found message from 6451398844 text: 坐车20分钟
[TG-UB] Incoming message: 6451398844 坐车20分钟
[TG-UB] Skip duplicate onMessage: 6451398844_1244_in
[33m[2026-09-20T05:24:20.289] [INFO] - [Starting direct file download in chunks of 65536 at 0, stride 65536][0m
[TG] Backfilled 0 new messages (total history: 55) for -1003821755044@telegram
[35m[2026-09-20T05:24:53.219] [WARN] - [Disconnecting...][0m
[33m[2026-09-20T05:24:53.219] [INFO] - [Disconnecting from 91.108.56.183:443/TCPFull...][0m
[33m[2026-09-20T05:24:53.219] [INFO] - [connection closed][0m
[TG-UB] Poll found OUTGOING message to 6451398844 text: 现在过来可以
[TG-UB] Incoming message: 6451398844 现在过来可以
[TG-UB] Poll found OUTGOING message to 6451398844 text: 你看下这个地址
[TG-UB] Incoming message: 6451398844 你看下这个地址
[33m[2026-09-20T05:26:20.314] [INFO] - [Starting direct file download in chunks of 65536 at 0, stride 65536][0m
[33m[2026-09-20T05:26:20.314] [INFO] - [Connecting to 91.108.56.183:443/TCPFull...][0m
[33m[2026-09-20T05:26:20.381] [INFO] - [Connection to 91.108.56.183:443/TCPFull complete!][0m
[33m[2026-09-20T05:26:20.521] [INFO] - [Starting direct file download in chunks of 65536 at 0, stride 65536][0m
[35m[2026-09-20T05:26:50.521] [WARN] - [Disconnecting...][0m
[33m[2026-09-20T05:26:50.522] [INFO] - [Disconnecting from 91.108.56.183:443/TCPFull...][0m
[33m[2026-09-20T05:26:50.522] [INFO] - [connection closed][0m
[TG-UB] NewMessage from 6451398844 text: 
[TG-UB] Incoming message: 6451398844 [MessageMediaPhoto]
[TG-UB] Incoming message: 6451398844 [MessageMediaPhoto]
[TG-UB] Skip duplicate onMessage: 6451398844_1250_in
[33m[2026-09-20T05:29:34.685] [INFO] - [Starting direct file download in chunks of 65536 at 0, stride 65536][0m
[33m[2026-09-20T05:29:34.685] [INFO] - [Connecting to 91.108.56.183:443/TCPFull...][0m
[33m[2026-09-20T05:29:34.752] [INFO] - [Connection to 91.108.56.183:443/TCPFull complete!][0m
[TG-UB Media DEBUG] type=MessageMediaPhoto isOut=false hasRaw=true client=undef
[TG-UB Media] Downloading msgId=1250 type=MessageMediaPhoto rawType=Message
[33m[2026-09-20T05:29:34.836] [INFO] - [Starting direct file download in chunks of 131072 at 0, stride 131072][0m
[TG-UB Media] Download result: buf=buffer:81737
[TG-UB] Media downloaded: 87f8805665e22c843939f7c17fce886c.jpg
[TG-UB] NewMessage from 6451398844 text: 就是20分钟左右
[TG-UB] Incoming message: 6451398844 就是20分钟左右
[TG-UB] UpdateShortMessage from 6451398844 text: 就是20分钟左右
[TG-UB] Incoming message: 6451398844 就是20分钟左右
[TG-UB] Skip duplicate onMessage: 6451398844_1251_in
[33m[2026-09-20T05:29:39.165] [INFO] - [Starting direct file download in chunks of 65536 at 0, stride 65536][0m
[TG-UB] NewMessage from 6451398844 text: 那我现在化妆
[TG-UB] Incoming message: 6451398844 那我现在化妆
[TG-UB] UpdateShortMessage from 6451398844 text: 那我现在化妆
[TG-UB] Incoming message: 6451398844 那我现在化妆
[TG-UB] Skip duplicate onMessage: 6451398844_1252_in
[33m[2026-09-20T05:29:43.428] [INFO] - [Starting direct file download in chunks of 65536 at 0, stride 65536][0m
[TG-UB] NewMessage from 6451398844 text: 你等我30分钟
[TG-UB] Incoming message: 6451398844 你等我30分钟
[TG-UB] UpdateShortMessage from 6451398844 text: 你等我30分钟
[TG-UB] Incoming message: 6451398844 你等我30分钟
[TG-UB] Skip duplicate onMessage: 6451398844_1253_in
[33m[2026-09-20T05:29:48.672] [INFO] - [Starting direct file download in chunks of 65536 at 0, stride 65536][0m
[TG-UB] NewMessage from 6451398844 text: 行不
[TG-UB] Incoming message: 6451398844 行不
[TG-UB] UpdateShortMessage from 6451398844 text: 行不
[TG-UB] Incoming message: 6451398844 行不
[TG-UB] Skip duplicate onMessage: 6451398844_1254_in
[33m[2026-09-20T05:29:51.012] [INFO] - [Starting direct file download in chunks of 65536 at 0, stride 65536][0m
[TG-UB] Poll found OUTGOING message to 6451398844 text: 可以
[TG-UB] Incoming message: 6451398844 可以
[TG-UB] Poll found message from 6451398844 text: 行不
[TG-UB] Incoming message: 6451398844 行不
[TG-UB] Skip duplicate onMessage: 6451398844_1254_in
[TG-UB] Poll found message from 6451398844 text: 你等我30分钟
[TG-UB] Incoming message: 6451398844 你等我30分钟
[TG-UB] Skip duplicate onMessage: 6451398844_1253_in
[TG-UB] Poll found message from 6451398844 text: 那我现在化妆
[TG-UB] Incoming message: 6451398844 那我现在化妆
[TG-UB] Skip duplicate onMessage: 6451398844_1252_in
[TG-UB] Poll found message from 6451398844 text: 就是20分钟左右
[TG-UB] Incoming message: 6451398844 就是20分钟左右
[TG-UB] Skip duplicate onMessage: 6451398844_1251_in
[TG-UB] Poll found message from 6451398844 text: [media]
[TG-UB] Incoming message: 6451398844 [media]
[TG-UB] Skip duplicate onMessage: 6451398844_1250_in
[33m[2026-09-20T05:30:20.285] [INFO] - [Starting direct file download in chunks of 65536 at 0, stride 65536][0m
[TG-UB] NewMessage from 6451398844 text: 那行  我现在先化妆
[TG-UB] Incoming message: 6451398844 那行  我现在先化妆
[TG-UB] UpdateShortMessage from 6451398844 text: 那行  我现在先化妆
[TG-UB] Incoming message: 6451398844 那行  我现在先化妆
[TG-UB] Skip duplicate onMessage: 6451398844_1257_in
[33m[2026-09-20T05:30:23.821] [INFO] - [Starting direct file download in chunks of 65536 at 0, stride 65536][0m
[TG-UB] NewMessage from 6451398844 text: 我画淡妆
[TG-UB] Incoming message: 6451398844 我画淡妆
[TG-UB] UpdateShortMessage from 6451398844 text: 我画淡妆
[TG-UB] Incoming message: 6451398844 我画淡妆
[TG-UB] Skip duplicate onMessage: 6451398844_1258_in
[33m[2026-09-20T05:30:26.976] [INFO] - [Starting direct file download in chunks of 65536 at 0, stride 65536][0m
[TG-UB] NewMessage from 6451398844 text: 出门哪个女的不化妆呢
[TG-UB] Incoming message: 6451398844 出门哪个女的不化妆呢
[TG-UB] UpdateShortMessage from 6451398844 text: 出门哪个女的不化妆呢
[TG-UB] Incoming message: 6451398844 出门哪个女的不化妆呢
[TG-UB] Skip duplicate onMessage: 6451398844_1260_in
[33m[2026-09-20T05:30:32.099] [INFO] - [Starting direct file download in chunks of 65536 at 0, stride 65536][0m
[35m[2026-09-20T05:31:02.099] [WARN] - [Disconnecting...][0m
[33m[2026-09-20T05:31:02.099] [INFO] - [Disconnecting from 91.108.56.183:443/TCPFull...][0m
[33m[2026-09-20T05:31:02.100] [INFO] - [connection closed][0m
[TG-UB] NewMessage from 6451398844 text: 淡妆而已
[TG-UB] Incoming message: 6451398844 淡妆而已
[TG-UB] UpdateShortMessage from 6451398844 text: 淡妆而已
[TG-UB] Incoming message: 6451398844 淡妆而已
[TG-UB] Skip duplicate onMessage: 6451398844_1262_in
[33m[2026-09-20T05:32:01.896] [INFO] - [Starting direct file download in chunks of 65536 at 0, stride 65536][0m
[33m[2026-09-20T05:32:01.896] [INFO] - [Connecting to 91.108.56.183:443/TCPFull...][0m
[33m[2026-09-20T05:32:01.963] [INFO] - [Connection to 91.108.56.183:443/TCPFull complete!][0m
[TG-UB] Poll found message from 6451398844 text: 淡妆而已
[TG-UB] Incoming message: 6451398844 淡妆而已
[TG-UB] Skip duplicate onMessage: 6451398844_1262_in
[TG-UB] Poll found OUTGOING message to 6451398844 text: 我喜欢素颜😀
[TG-UB] Incoming message: 6451398844 我喜欢素颜😀
[TG-UB] Poll found message from 6451398844 text: 出门哪个女的不化妆呢
[TG-UB] Incoming message: 6451398844 出门哪个女的不化妆呢
[TG-UB] Skip duplicate onMessage: 6451398844_1260_in
[TG-UB] Poll found OUTGOING message to 6451398844 text: 嗯
[TG-UB] Incoming message: 6451398844 嗯
[TG-UB] Poll found message from 6451398844 text: 我画淡妆
[TG-UB] Incoming message: 6451398844 我画淡妆
[TG-UB] Skip duplicate onMessage: 6451398844_1258_in
[TG-UB] Poll found message from 6451398844 text: 那行  我现在先化妆
[TG-UB] Incoming message: 6451398844 那行  我现在先化妆
[TG-UB] Skip duplicate onMessage: 6451398844_1257_in
[TG-UB] Poll found OUTGOING message to 6451398844 text: 不用化妆
[TG-UB] Incoming message: 6451398844 不用化妆
[TG-UB] NewMessage from 6451398844 text: 唐三 你那边有避孕套吗
[TG-UB] Incoming message: 6451398844 唐三 你那边有避孕套吗
[TG-UB] UpdateShortMessage from 6451398844 text: 唐三 你那边有避孕套吗
[TG-UB] Incoming message: 6451398844 唐三 你那边有避孕套吗
[TG-UB] Skip duplicate onMessage: 6451398844_1263_in
[33m[2026-09-20T05:32:20.287] [INFO] - [Starting direct file download in chunks of 65536 at 0, stride 65536][0m
[33m[2026-09-20T05:32:20.496] [INFO] - [Starting direct file download in chunks of 65536 at 0, stride 65536][0m
[33m[2026-09-20T05:32:20.497] [INFO] - [Starting direct file download in chunks of 65536 at 0, stride 65536][0m
[33m[2026-09-20T05:32:20.498] [INFO] - [Starting direct file download in chunks of 65536 at 0, stride 65536][0m
[TG-UB] NewMessage from 6451398844 text: 哪一款的呢
[TG-UB] Incoming message: 6451398844 哪一款的呢
[TG-UB] UpdateShortMessage from 6451398844 text: 哪一款的呢
[TG-UB] Incoming message: 6451398844 哪一款的呢
[TG-UB] Skip duplicate onMessage: 6451398844_1266_in
[33m[2026-09-20T05:32:33.141] [INFO] - [Starting direct file download in chunks of 65536 at 0, stride 65536][0m
[TG-UB] NewMessage from 6451398844 text: 拍照看看
[TG-UB] Incoming message: 6451398844 拍照看看
[TG-UB] UpdateShortMessage from 6451398844 text: 拍照看看
[TG-UB] Incoming message: 6451398844 拍照看看
[TG-UB] Skip duplicate onMessage: 6451398844_1267_in
[33m[2026-09-20T05:32:35.362] [INFO] - [Starting direct file download in chunks of 65536 at 0, stride 65536][0m
[35m[2026-09-20T05:33:05.364] [WARN] - [Disconnecting...][0m
[33m[2026-09-20T05:33:05.364] [INFO] - [Disconnecting from 91.108.56.183:443/TCPFull...][0m
[33m[2026-09-20T05:33:05.365] [INFO] - [connection closed][0m
[TG-UB] Poll found OUTGOING message to 6451398844 text: 杰士邦
[TG-UB] Incoming message: 6451398844 杰士邦
[TG-UB] Poll found message from 6451398844 text: 拍照看看
[TG-UB] Incoming message: 6451398844 拍照看看
[TG-UB] Skip duplicate onMessage: 6451398844_1267_in
[TG-UB] Poll found message from 6451398844 text: 哪一款的呢
[TG-UB] Incoming message: 6451398844 哪一款的呢
[TG-UB] Skip duplicate onMessage: 6451398844_1266_in
[TG-UB] Poll found OUTGOING message to 6451398844 text: 有
[TG-UB] Incoming message: 6451398844 有
[TG-UB] Poll found OUTGOING message to 6451398844 text: 好的
[TG-UB] Incoming message: 6451398844 好的
[TG-UB] Poll found message from 6451398844 text: 唐三 你那边有避孕套吗
[TG-UB] Incoming message: 6451398844 唐三 你那边有避孕套吗
[TG-UB] Skip duplicate onMessage: 6451398844_1263_in
[33m[2026-09-20T05:34:20.289] [INFO] - [Starting direct file download in chunks of 65536 at 0, stride 65536][0m
[33m[2026-09-20T05:34:20.289] [INFO] - [Connecting to 91.108.56.183:443/TCPFull...][0m
[33m[2026-09-20T05:34:20.356] [INFO] - [Connection to 91.108.56.183:443/TCPFull complete!][0m
[33m[2026-09-20T05:34:20.500] [INFO] - [Starting direct file download in chunks of 65536 at 0, stride 65536][0m
[33m[2026-09-20T05:34:20.501] [INFO] - [Starting direct file download in chunks of 65536 at 0, stride 65536][0m
[35m[2026-09-20T05:34:50.502] [WARN] - [Disconnecting...][0m
[33m[2026-09-20T05:34:50.502] [INFO] - [Disconnecting from 91.108.56.183:443/TCPFull...][0m
[33m[2026-09-20T05:34:50.502] [INFO] - [connection closed][0m
[TG-UB] NewMessage from 6451398844 text: 
[TG-UB] Incoming message: 6451398844 [MessageMediaPhoto]
[TG-UB] Incoming message: 6451398844 [MessageMediaPhoto]
[TG-UB] Skip duplicate onMessage: 6451398844_1269_in
[33m[2026-09-20T05:34:54.145] [INFO] - [Starting direct file download in chunks of 65536 at 0, stride 65536][0m
[33m[2026-09-20T05:34:54.145] [INFO] - [Connecting to 91.108.56.183:443/TCPFull...][0m
[33m[2026-09-20T05:34:54.212] [INFO] - [Connection to 91.108.56.183:443/TCPFull complete!][0m
[TG-UB Media DEBUG] type=MessageMediaPhoto isOut=false hasRaw=true client=undef
[TG-UB Media] Downloading msgId=1269 type=MessageMediaPhoto rawType=Message
[33m[2026-09-20T05:34:54.306] [INFO] - [Starting direct file download in chunks of 131072 at 0, stride 131072][0m
[TG-UB Media] Download result: buf=buffer:135761
[TG-UB] Media downloaded: 8d02c336d32f0d1dbb6653407fb5efef.jpg
[TG-UB] NewMessage from 6451398844 text: 我有这款避孕套   0.01超薄的
[TG-UB] Incoming message: 6451398844 我有这款避孕套   0.01超薄的
[TG-UB] UpdateShortMessage from 6451398844 text: 我有这款避孕套   0.01超薄的
[TG-UB] Incoming message: 6451398844 我有这款避孕套   0.01超薄的
[TG-UB] Skip duplicate onMessage: 6451398844_1270_in
[33m[2026-09-20T05:35:00.555] [INFO] - [Starting direct file download in chunks of 65536 at 0, stride 65536][0m
[TG-UB] NewMessage from 6451398844 text: 你是要约什么套餐和我玩呢
[TG-UB] Incoming message: 6451398844 你是要约什么套餐和我玩呢
[TG-UB] UpdateShortMessage from 6451398844 text: 你是要约什么套餐和我玩呢
[TG-UB] Incoming message: 6451398844 你是要约什么套餐和我玩呢
[TG-UB] Skip duplicate onMessage: 6451398844_1271_in
[33m[2026-09-20T05:35:22.483] [INFO] - [Starting direct file download in chunks of 65536 at 0, stride 65536][0m
[35m[2026-09-20T05:35:52.485] [WARN] - [Disconnecting...][0m
[33m[2026-09-20T05:35:52.485] [INFO] - [Disconnecting from 91.108.56.183:443/TCPFull...][0m
[33m[2026-09-20T05:35:52.485] [INFO] - [connection closed][0m
[TG-UB] Poll found message from 6451398844 text: 你是要约什么套餐和我玩呢
[TG-UB] Incoming message: 6451398844 你是要约什么套餐和我玩呢
[TG-UB] Skip duplicate onMessage: 6451398844_1271_in
[TG-UB] Poll found message from 6451398844 text: 我有这款避孕套   0.01超薄的
[TG-UB] Incoming message: 6451398844 我有这款避孕套   0.01超薄的
[TG-UB] Skip duplicate onMessage: 6451398844_1270_in
[TG-UB] Poll found message from 6451398844 text: [media]
[TG-UB] Incoming message: 6451398844 [media]
[TG-UB] Skip duplicate onMessage: 6451398844_1269_in
[TG-UB] NewMessage from 6451398844 text: Ok   那我刚好剩下3个套套都给你带上吧
[TG-UB] Incoming message: 6451398844 Ok   那我刚好剩下3个套套都给你带上吧
[TG-UB] UpdateShortMessage from 6451398844 text: Ok   那我刚好剩下3个套套都给你带上吧
[TG-UB] Incoming message: 6451398844 Ok   那我刚好剩下3个套套都给你带上吧
[TG-UB] Skip duplicate onMessage: 6451398844_1273_in
[33m[2026-09-20T05:38:05.415] [INFO] - [Starting direct file download in chunks of 65536 at 0, stride 65536][0m
[33m[2026-09-20T05:38:05.415] [INFO] - [Connecting to 91.108.56.183:443/TCPFull...][0m
[33m[2026-09-20T05:38:05.481] [INFO] - [Connection to 91.108.56.183:443/TCPFull complete!][0m
[TG-UB] Poll found OUTGOING message to 6451398844 text: 我有
[TG-UB] Incoming message: 6451398844 我有
[TG-UB] Poll found message from 6451398844 text: Ok   那我刚好剩下3个套套都给你带上吧
[TG-UB] Incoming message: 6451398844 Ok   那我刚好剩下3个套套都给你带上吧
[TG-UB] Skip duplicate onMessage: 6451398844_1273_in
[TG-UB] Poll found OUTGOING message to 6451398844 text: A套餐
[TG-UB] Incoming message: 6451398844 A套餐
[33m[2026-09-20T05:38:20.305] [INFO] - [Starting direct file download in chunks of 65536 at 0, stride 65536][0m
[33m[2026-09-20T05:38:20.512] [INFO] - [Starting direct file download in chunks of 65536 at 0, stride 65536][0m
[TG-UB] NewMessage from 6451398844 text: 90分钟   3个够了吧
[TG-UB] Incoming message: 6451398844 90分钟   3个够了吧
[TG-UB] UpdateShortMessage from 6451398844 text: 90分钟   3个够了吧
[TG-UB] Incoming message: 6451398844 90分钟   3个够了吧
[TG-UB] Skip duplicate onMessage: 6451398844_1275_in
[33m[2026-09-20T05:38:24.736] [INFO] - [Starting direct file download in chunks of 65536 at 0, stride 65536][0m
[TG-UB] NewMessage from 6451398844 text: 我这个超薄的比较有感觉
[TG-UB] Incoming message: 6451398844 我这个超薄的比较有感觉
[TG-UB] UpdateShortMessage from 6451398844 text: 我这个超薄的比较有感觉
[TG-UB] Incoming message: 6451398844 我这个超薄的比较有感觉
[TG-UB] Skip duplicate onMessage: 6451398844_1276_in
[33m[2026-09-20T05:38:32.146] [INFO] - [Starting direct file download in chunks of 65536 at 0, stride 65536][0m
[TG-UB] NewMessage from 6451398844 text: 你舒服我也舒服
[TG-UB] Incoming message: 6451398844 你舒服我也舒服
[TG-UB] UpdateShortMessage from 6451398844 text: 你舒服我也舒服
[TG-UB] Incoming message: 6451398844 你舒服我也舒服
[TG-UB] Skip duplicate onMessage: 6451398844_1277_in
[33m[2026-09-20T05:38:34.587] [INFO] - [Starting direct file download in chunks of 65536 at 0, stride 65536][0m
[35m[2026-09-20T05:39:04.589] [WARN] - [Disconnecting...][0m
[33m[2026-09-20T05:39:04.589] [INFO] - [Disconnecting from 91.108.56.183:443/TCPFull...][0m
[33m[2026-09-20T05:39:04.589] [INFO] - [connection closed][0m
[TG-UB] NewMessage from 6451398844 text: 
[TG-UB] Incoming message: 6451398844 [MessageMediaDocument]
[TG-UB] Incoming message: 6451398844 [MessageMediaDocument]
[TG-UB] Skip duplicate onMessage: 6451398844_1279_in
[33m[2026-09-20T05:40:04.567] [INFO] - [Starting direct file download in chunks of 65536 at 0, stride 65536][0m
[33m[2026-09-20T05:40:04.567] [INFO] - [Connecting to 91.108.56.183:443/TCPFull...][0m
[33m[2026-09-20T05:40:04.633] [INFO] - [Connection to 91.108.56.183:443/TCPFull complete!][0m
[TG-UB Media DEBUG] type=MessageMediaDocument isOut=false hasRaw=true client=undef
[TG-UB Media] Downloading msgId=1279 type=MessageMediaDocument rawType=Message
[33m[2026-09-20T05:40:04.726] [INFO] - [Starting direct file download in chunks of 131072 at 0, stride 131072][0m
[33m[2026-09-20T05:40:04.726] [INFO] - [Connecting to 149.154.175.56:443/TCPFull...][0m
[TG-UB] NewMessage from 6451398844 text: 我先化妆了
[TG-UB] Incoming message: 6451398844 我先化妆了
[TG-UB] UpdateShortMessage from 6451398844 text: 我先化妆了
[TG-UB] Incoming message: 6451398844 我先化妆了
[TG-UB] Skip duplicate onMessage: 6451398844_1280_in
[33m[2026-09-20T05:40:04.930] [INFO] - [Connection to 149.154.175.56:443/TCPFull complete!][0m
[33m[2026-09-20T05:40:04.978] [INFO] - [Starting direct file download in chunks of 65536 at 0, stride 65536][0m
[33m[2026-09-20T05:40:05.145] [INFO] - [File lives in another DC][0m
[TG-UB Media] Download result: buf=buffer:2062187
[TG-UB] Media downloaded: 51877f4cb46bc6484687bb52cf8bfaa8.jpg
[Automation Scheduler] Running check at 2026-09-20T05:40:16.445Z
[TG-UB] Poll found message from 6451398844 text: 我先化妆了
[TG-UB] Incoming message: 6451398844 我先化妆了
[TG-UB] Skip duplicate onMessage: 6451398844_1280_in
[TG-UB] Poll found message from 6451398844 text: [media]
[TG-UB] Incoming message: 6451398844 [media]
[TG-UB] Skip duplicate onMessage: 6451398844_1279_in
[TG-UB] Poll found OUTGOING message to 6451398844 text: [media]
[TG-UB] Incoming message: 6451398844 [media]
[TG-UB] Poll found message from 6451398844 text: 你舒服我也舒服
[TG-UB] Incoming message: 6451398844 你舒服我也舒服
[TG-UB] Skip duplicate onMessage: 6451398844_1277_in
[TG-UB] Poll found message from 6451398844 text: 我这个超薄的比较有感觉
[TG-UB] Incoming message: 6451398844 我这个超薄的比较有感觉
[TG-UB] Skip duplicate onMessage: 6451398844_1276_in
[TG-UB] Poll found message from 6451398844 text: 90分钟   3个够了吧
[TG-UB] Incoming message: 6451398844 90分钟   3个够了吧
[TG-UB] Skip duplicate onMessage: 6451398844_1275_in
[33m[2026-09-20T05:40:20.311] [INFO] - [Starting direct file download in chunks of 65536 at 0, stride 65536][0m
[TG-UB Media DEBUG] type=MessageMediaPhoto isOut=true hasRaw=true client=undef
[TG-UB Media] Downloading msgId=1278 type=MessageMediaPhoto rawType=Message
[33m[2026-09-20T05:40:20.398] [INFO] - [Starting direct file download in chunks of 131072 at 0, stride 131072][0m
[TG-UB Media] Download result: buf=buffer:125980
[TG-UB] Media downloaded: dbb9de1cbaed9e2c23e973ebb5826730.jpg
[35m[2026-09-20T05:40:50.312] [WARN] - [Disconnecting...][0m
[33m[2026-09-20T05:40:50.312] [INFO] - [Disconnecting from 91.108.56.183:443/TCPFull...][0m
[33m[2026-09-20T05:40:50.312] [INFO] - [connection closed][0m
[35m[2026-09-20T05:40:50.398] [WARN] - [Disconnecting...][0m
[33m[2026-09-20T05:40:50.399] [INFO] - [Disconnecting from 149.154.175.56:443/TCPFull...][0m
[33m[2026-09-20T05:40:50.399] [INFO] - [connection closed][0m

[SIGTERM] Shutting down gracefully...
[Socket] User 1 disconnected (socket: l6T7GsOpA3nUaPQRAAAy, reason: server shutting down)
[Socket] User 1 disconnected (socket: U9yZaz610hIFKqGTAAAz, reason: server shutting down)
