◇ injected env (0) from .env // tip: ⌘ suppress logs { quiet: true }
[Fraud Scheduler] Started, auto-scan daily
[Production] Serving frontend from: /opt/whatsapp-crm-staging/frontend/dist (dist exists: true)
[DB] Database connected, tables exist
[Seed] Database not ready, running db push...
Environment variables loaded from .env
Prisma schema loaded from prisma/schema.prisma
Datasource "db": PostgreSQL database "crm_staging", schema "public" at "localhost:5432"

The database is already in sync with the Prisma schema.

Running generate... (Use --skip-generate to skip the generators)
[2K[1A[2K[GRunning generate... - Prisma Client
[2K[1A[2K[G✔ Generated Prisma Client (v6.8.2) to ./node_modules/@prisma/client in 528ms

[Server] Sessions dir: /opt/whatsapp-crm-staging/backend/sessions
[WA Sync] contact sync scheduler started (interval 5min)
[Production] Server running on port 3003
[Server] Build version: evolution-api-v1 | Mode: Evolution REST API
[2026-09-19T14:55:50.032Z] [production] [INFO] [Server] listening on port 3003, env=production
[33m[2026-09-19T14:55:50.039] [INFO] - [Running gramJS version 2.26.21][0m
[Evolution Connector] API=http://127.0.0.1:8081 instance=wa_whatsapp1_mtc3zz7c
[Startup] Webhook reset disabled (ENABLE_WEBHOOK_RESET != true), skip WA instance webhook reset
[33m[2026-09-19T14:55:50.064] [INFO] - [Connecting to 149.154.175.53:80/TCPFull...][0m
[Reminder Scheduler] Starting...
[Reminder Scheduler] Started, checking every 30s
[Backfill] start in 30s, every 60s (lookback 180s)
[Automation Scheduler] Starting...
[Automation Scheduler] Started, checking every 30 minutes
[wa-avatar] Loaded WA instances from DB: wa_whatsapp1_mtc3zz7c, wa_whatsapp2_mtyiwrio, wa_whatsapp1_mtld53is
[Evolution Connector] state=open
[33m[2026-09-19T14:55:50.282] [INFO] - [Connection to 149.154.175.53:80/TCPFull complete!][0m
[33m[2026-09-19T14:55:50.283] [INFO] - [Using LAYER 198 for initial connect][0m
[TG-UB] Auto-connected as: Jeremy8559
[TG-UB] Registering update handler...
[TG-UB] Update handlers registered. Client connected: true
[TG-UB] GetState success, pts=2981 qts=0
[TG-UB] Starting message polling (every 120s)...
[TG-UB] Auto-connected: Jeremy8559
[TG-UB] Initialized 79 known msg IDs, pollStartTime=1789829721
[Socket] User 1 connected (socket: 8j3APrNvlE3NgMJJAAAB)
[Backfill] Loaded instances from DB: wa_whatsapp1_mtc3zz7c, wa_whatsapp1_mtld53is, wa_whatsapp2_mtyiwrio
[Backfill] Session map: {"wa_whatsapp1_mtc3zz7c":"user_9","wa_whatsapp1_mtld53is":"user_15","wa_whatsapp2_mtyiwrio":"user_17"}
[Backfill] Owner JIDs: {"wa_whatsapp1_mtc3zz7c":"8613016242602@s.whatsapp.net","wa_whatsapp1_mtld53is":"8613016242602@s.whatsapp.net","wa_whatsapp2_mtyiwrio":"8613016242602@s.whatsapp.net"}
[WA Sync] wa_whatsapp1_mtc3zz7c synced 8 contacts
[Socket] User 1 connected (socket: 7QEn5tp-ue0lCU-JAAAD)
[Socket] User 1 disconnected (socket: 7QEn5tp-ue0lCU-JAAAD, reason: transport close)
[TG-UB] NewMessage from -1001714667923 text: 買唔到咖啦
[TG-UB] Incoming message: -1001714667923 買唔到咖啦
[TG-UB] Raw update #2: VirtualClass
[TG-UB] Incoming message: -1001714667923 買唔到咖啦
[TG-UB] Skip duplicate onMessage: -1001714667923_4265726_in
[33m[2026-09-19T14:56:12.786] [INFO] - [Starting direct file download in chunks of 65536 at 0, stride 65536][0m
[33m[2026-09-19T14:56:12.992] [INFO] - [Connecting to 91.108.56.183:443/TCPFull...][0m
[33m[2026-09-19T14:56:14.471] [INFO] - [Connection to 91.108.56.183:443/TCPFull complete!][0m
[33m[2026-09-19T14:56:14.471] [INFO] - [Exporting authorization for data center 91.108.56.183 with layer 198][0m
[TG-UB] NewMessage from -1001714667923 text: 好難講😂
[TG-UB] Incoming message: -1001714667923 好難講😂
[TG-UB] Raw update #4: VirtualClass
[TG-UB] Incoming message: -1001714667923 好難講😂
[TG-UB] Skip duplicate onMessage: -1001714667923_4265727_in
[33m[2026-09-19T14:56:19.559] [INFO] - [Starting direct file download in chunks of 65536 at 0, stride 65536][0m
[Socket] User 1 connected (socket: pLRvVgnlx_AIkWSiAAAF)
[TG-UB] NewMessage from -1001714667923 text: 250算少啦
[TG-UB] Incoming message: -1001714667923 250算少啦
[TG-UB] Raw update #6: VirtualClass
[TG-UB] Incoming message: -1001714667923 250算少啦
[TG-UB] Skip duplicate onMessage: -1001714667923_4265728_in
[33m[2026-09-19T14:56:31.445] [INFO] - [Starting direct file download in chunks of 65536 at 0, stride 65536][0m
[Socket] User 1 disconnected (socket: pLRvVgnlx_AIkWSiAAAF, reason: transport close)
[Socket] User 1 connected (socket: e8yNq3i0Tw-c1g1_AAAH)
[Automation Scheduler] Running check at 2026-09-19T14:56:50.071Z
[TG-UB] NewMessage from -1001714667923 text: 又係呀👏
[TG-UB] Incoming message: -1001714667923 又係呀👏
[TG-UB] Raw update #9: VirtualClass
[TG-UB] Incoming message: -1001714667923 又係呀👏
[TG-UB] Skip duplicate onMessage: -1001714667923_4265729_in
[33m[2026-09-19T14:56:52.981] [INFO] - [Starting direct file download in chunks of 65536 at 0, stride 65536][0m
[Socket] User 1 disconnected (socket: e8yNq3i0Tw-c1g1_AAAH, reason: transport close)
[WA Sync] wa_whatsapp1_mtc3zz7c synced 8 contacts
[Socket] User 1 connected (socket: kP2Fjv2h-4PaGDSyAAAJ)
[Socket] User 1 disconnected (socket: kP2Fjv2h-4PaGDSyAAAJ, reason: transport close)
[35m[2026-09-19T14:57:22.982] [WARN] - [Disconnecting...][0m
[33m[2026-09-19T14:57:22.982] [INFO] - [Disconnecting from 91.108.56.183:443/TCPFull...][0m
[33m[2026-09-19T14:57:22.982] [INFO] - [connection closed][0m
[Socket] User 1 connected (socket: Y5Pf7XS1MBdDBKQ7AAAL)
[TG-UB] NewMessage from -1001714667923 text: 點呃
[TG-UB] Incoming message: -1001714667923 點呃
[TG-UB] Raw update #14: VirtualClass
[TG-UB] Incoming message: -1001714667923 點呃
[TG-UB] Skip duplicate onMessage: -1001714667923_4265730_in
[33m[2026-09-19T14:57:25.382] [INFO] - [Starting direct file download in chunks of 65536 at 0, stride 65536][0m
[33m[2026-09-19T14:57:25.382] [INFO] - [Connecting to 91.108.56.183:443/TCPFull...][0m
[33m[2026-09-19T14:57:25.449] [INFO] - [Connection to 91.108.56.183:443/TCPFull complete!][0m
[Socket] User 1 disconnected (socket: Y5Pf7XS1MBdDBKQ7AAAL, reason: transport close)
[TG-UB] NewMessage from -1001714667923 text: 上次我膽粗粗都入100訂😂
[TG-UB] Incoming message: -1001714667923 上次我膽粗粗都入100訂😂
[TG-UB] Raw update #16: VirtualClass
[TG-UB] Incoming message: -1001714667923 上次我膽粗粗都入100訂😂
[TG-UB] Skip duplicate onMessage: -1001714667923_4265731_in
[33m[2026-09-19T14:57:33.196] [INFO] - [Starting direct file download in chunks of 65536 at 0, stride 65536][0m
[TG-UB] NewMessage from -1001714667923 text: 行開幾個鐘返來都仲係講緊$250😂
[TG-UB] Incoming message: -1001714667923 行開幾個鐘返來都仲係講緊$250😂
[TG-UB] Raw update #17: VirtualClass
[TG-UB] Incoming message: -1001714667923 行開幾個鐘返來都仲係講緊$250😂
[TG-UB] Skip duplicate onMessage: -1001714667923_4265732_in
[33m[2026-09-19T14:57:36.190] [INFO] - [Starting direct file download in chunks of 65536 at 0, stride 65536][0m
[Socket] User 1 connected (socket: TGv9SQ3ShaFZ3RDUAAAN)
[Socket] User 1 disconnected (socket: TGv9SQ3ShaFZ3RDUAAAN, reason: transport close)
[TG-UB] Poll found message from -1001714667923 text: 行開幾個鐘返來都仲係講緊$250😂
[TG-UB] Incoming message: -1001714667923 行開幾個鐘返來都仲係講緊$250😂
[TG-UB] Skip duplicate onMessage: -1001714667923_4265732_in
[TG-UB] Poll found message from -1001714667923 text: 上次我膽粗粗都入100訂😂
[TG-UB] Incoming message: -1001714667923 上次我膽粗粗都入100訂😂
[TG-UB] Skip duplicate onMessage: -1001714667923_4265731_in
[TG-UB] Poll found message from -1001714667923 text: 點呃
[TG-UB] Incoming message: -1001714667923 點呃
[TG-UB] Skip duplicate onMessage: -1001714667923_4265730_in
[TG-UB] Poll found message from -1001714667923 text: 又係呀👏
[TG-UB] Incoming message: -1001714667923 又係呀👏
[TG-UB] Skip duplicate onMessage: -1001714667923_4265729_in
[TG-UB] Poll found message from -1001714667923 text: 250算少啦
[TG-UB] Incoming message: -1001714667923 250算少啦
[TG-UB] Skip duplicate onMessage: -1001714667923_4265728_in
[TG-UB] Poll found message from -1001714667923 text: 好難講😂
[TG-UB] Incoming message: -1001714667923 好難講😂
[TG-UB] Skip duplicate onMessage: -1001714667923_4265727_in
[TG-UB] Poll found message from -1001714667923 text: 買唔到咖啦
[TG-UB] Incoming message: -1001714667923 買唔到咖啦
[TG-UB] Skip duplicate onMessage: -1001714667923_4265726_in
[35m[2026-09-19T14:58:06.191] [WARN] - [Disconnecting...][0m
[33m[2026-09-19T14:58:06.191] [INFO] - [Disconnecting from 91.108.56.183:443/TCPFull...][0m
[33m[2026-09-19T14:58:06.191] [INFO] - [connection closed][0m
[Socket] User 1 connected (socket: otvQQOpHJsv1US5XAAAP)
[WA Sync] wa_whatsapp1_mtc3zz7c synced 8 contacts
[Socket] User 1 disconnected (socket: otvQQOpHJsv1US5XAAAP, reason: transport close)
[TG-UB] Raw update #23: VirtualClass
[Socket] User 1 connected (socket: naEBLl39OMEuOjmGAAAR)
[Socket] User 1 disconnected (socket: naEBLl39OMEuOjmGAAAR, reason: transport close)
[TG-UB] NewMessage from -1001714667923 text: 試下講500
[TG-UB] Incoming message: -1001714667923 試下講500
[TG-UB] Raw update #27: VirtualClass
[TG-UB] Incoming message: -1001714667923 試下講500
[TG-UB] Skip duplicate onMessage: -1001714667923_4265733_in
[33m[2026-09-19T14:58:52.401] [INFO] - [Starting direct file download in chunks of 65536 at 0, stride 65536][0m
[33m[2026-09-19T14:58:52.401] [INFO] - [Connecting to 91.108.56.183:443/TCPFull...][0m
[33m[2026-09-19T14:58:52.468] [INFO] - [Connection to 91.108.56.183:443/TCPFull complete!][0m
[Socket] User 1 connected (socket: OD-MoCjiMGwPR9Y7AAAT)
[Socket] User 1 disconnected (socket: OD-MoCjiMGwPR9Y7AAAT, reason: transport close)
[Socket] User 1 connected (socket: u6kKdnveOsrY8YKVAAAV)
[Socket] User 1 disconnected (socket: u6kKdnveOsrY8YKVAAAV, reason: transport close)
[35m[2026-09-19T14:59:22.469] [WARN] - [Disconnecting...][0m
[33m[2026-09-19T14:59:22.469] [INFO] - [Disconnecting from 91.108.56.183:443/TCPFull...][0m
[33m[2026-09-19T14:59:22.469] [INFO] - [connection closed][0m
[WA Sync] wa_whatsapp1_mtc3zz7c synced 8 contacts
[Socket] User 1 connected (socket: s1OMfpfVDo1UcC8BAAAX)
[TG-UB] NewMessage from -1001714667923 text: 好有教育意義
[TG-UB] Incoming message: -1001714667923 好有教育意義
[TG-UB] Raw update #33: VirtualClass
[TG-UB] Incoming message: -1001714667923 好有教育意義
[TG-UB] Skip duplicate onMessage: -1001714667923_4265734_in
[33m[2026-09-19T14:59:33.474] [INFO] - [Starting direct file download in chunks of 65536 at 0, stride 65536][0m
[33m[2026-09-19T14:59:33.474] [INFO] - [Connecting to 91.108.56.183:443/TCPFull...][0m
[33m[2026-09-19T14:59:33.542] [INFO] - [Connection to 91.108.56.183:443/TCPFull complete!][0m
[Socket] User 1 disconnected (socket: s1OMfpfVDo1UcC8BAAAX, reason: transport close)
[Socket] User 1 connected (socket: k5qLl_qmaE5v7ckdAAAZ)
[TG-UB] Poll found message from -1001714667923 text: 好有教育意義
[TG-UB] Incoming message: -1001714667923 好有教育意義
[TG-UB] Skip duplicate onMessage: -1001714667923_4265734_in
[TG-UB] Poll found message from -1001714667923 text: 試下講500
[TG-UB] Incoming message: -1001714667923 試下講500
[TG-UB] Skip duplicate onMessage: -1001714667923_4265733_in
[Socket] User 1 disconnected (socket: k5qLl_qmaE5v7ckdAAAZ, reason: transport close)
[35m[2026-09-19T15:00:03.543] [WARN] - [Disconnecting...][0m
[33m[2026-09-19T15:00:03.543] [INFO] - [Disconnecting from 91.108.56.183:443/TCPFull...][0m
[33m[2026-09-19T15:00:03.544] [INFO] - [connection closed][0m
[TG-UB] Raw update #37: VirtualClass
[Socket] User 1 connected (socket: IqFd1N9RItDF_VvRAAAb)
[Socket] User 1 disconnected (socket: IqFd1N9RItDF_VvRAAAb, reason: transport close)
[Socket] User 1 connected (socket: myV45E2N-oqQpLkUAAAd)
[WA Sync] wa_whatsapp1_mtc3zz7c synced 8 contacts
[Socket] User 1 disconnected (socket: myV45E2N-oqQpLkUAAAd, reason: transport close)
[Fraud] scan done: clusters=0, penalized=0
[Socket] User 1 connected (socket: C4HweAuTkvyGBofDAAAf)
[Socket] User 1 disconnected (socket: C4HweAuTkvyGBofDAAAf, reason: transport close)
[TG-UB] NewMessage from -1001714667923 text: 約女行街都500起跳啦
[TG-UB] Incoming message: -1001714667923 約女行街都500起跳啦
[TG-UB] Raw update #45: VirtualClass
[TG-UB] Incoming message: -1001714667923 約女行街都500起跳啦
[TG-UB] Skip duplicate onMessage: -1001714667923_4265735_in
[33m[2026-09-19T15:01:08.132] [INFO] - [Starting direct file download in chunks of 65536 at 0, stride 65536][0m
[33m[2026-09-19T15:01:08.132] [INFO] - [Connecting to 91.108.56.183:443/TCPFull...][0m
[33m[2026-09-19T15:01:08.200] [INFO] - [Connection to 91.108.56.183:443/TCPFull complete!][0m
[Socket] User 1 connected (socket: zM7M5OcvIN_T1b4mAAAh)
[Socket] User 1 disconnected (socket: zM7M5OcvIN_T1b4mAAAh, reason: transport close)
[35m[2026-09-19T15:01:38.201] [WARN] - [Disconnecting...][0m
[33m[2026-09-19T15:01:38.201] [INFO] - [Disconnecting from 91.108.56.183:443/TCPFull...][0m
[33m[2026-09-19T15:01:38.201] [INFO] - [connection closed][0m
[Socket] User 1 connected (socket: QGOiaju6LDdl025EAAAj)
[WA Sync] wa_whatsapp1_mtc3zz7c synced 8 contacts
[TG-UB] Poll found message from -1001714667923 text: 約女行街都500起跳啦
[TG-UB] Incoming message: -1001714667923 約女行街都500起跳啦
[TG-UB] Skip duplicate onMessage: -1001714667923_4265735_in
[Socket] User 1 disconnected (socket: QGOiaju6LDdl025EAAAj, reason: transport close)
[Socket] User 1 connected (socket: V2bGd_Pl_hssxi2AAAAl)
[Socket] User 1 disconnected (socket: V2bGd_Pl_hssxi2AAAAl, reason: transport close)
[Socket] User 1 connected (socket: IDtkbCq9hruRVHWcAAAn)
[WA Sync] wa_whatsapp1_mtc3zz7c synced 8 contacts
[Socket] User 1 connected (socket: VsYtiV0rRJejRe9cAAAp)
[Socket] User 1 disconnected (socket: VsYtiV0rRJejRe9cAAAp, reason: transport close)
[Socket] User 1 disconnected (socket: IDtkbCq9hruRVHWcAAAn, reason: transport close)
[Socket] User 1 connected (socket: KyeMbPnjeuyCS4yiAAAr)
[Socket] User 1 connected (socket: KWk_VZQ0vj3oDUxbAAAt)
[Socket] User 1 disconnected (socket: KyeMbPnjeuyCS4yiAAAr, reason: transport close)
[Socket] User 1 disconnected (socket: KWk_VZQ0vj3oDUxbAAAt, reason: transport close)
[Socket] User 1 connected (socket: NLB56Xno8dm5u_VfAAAw)
[Socket] User 1 connected (socket: ly-N3iZ2t-X9-5ggAAAx)
[TG-UB] NewMessage from -1001714667923 text: Share多啲
[TG-UB] Incoming message: -1001714667923 Share多啲
[TG-UB] Raw update #66: VirtualClass
[TG-UB] Incoming message: -1001714667923 Share多啲
[TG-UB] Skip duplicate onMessage: -1001714667923_4265736_in
[33m[2026-09-19T15:04:10.993] [INFO] - [Starting direct file download in chunks of 65536 at 0, stride 65536][0m
[33m[2026-09-19T15:04:10.994] [INFO] - [Connecting to 91.108.56.183:443/TCPFull...][0m
[33m[2026-09-19T15:04:11.060] [INFO] - [Connection to 91.108.56.183:443/TCPFull complete!][0m
[WA Sync] wa_whatsapp1_mtc3zz7c synced 8 contacts
[TG-UB] NewMessage from -1001714667923 text: 係咁架啦
[TG-UB] Incoming message: -1001714667923 係咁架啦
[TG-UB] Raw update #67: VirtualClass
[TG-UB] Incoming message: -1001714667923 係咁架啦
[TG-UB] Skip duplicate onMessage: -1001714667923_4265737_in
[33m[2026-09-19T15:04:12.477] [INFO] - [Starting direct file download in chunks of 65536 at 0, stride 65536][0m
[TG-UB] NewMessage from -1001714667923 text: 願意攞500出嚟約女行街嘅
同我出嚟
[TG-UB] Incoming message: -1001714667923 願意攞500出嚟約女行街嘅
同我出嚟
[TG-UB] Raw update #69: VirtualClass
[33m[2026-09-19T15:04:26.253] [INFO] - [Starting direct file download in chunks of 65536 at 0, stride 65536][0m
[TG-UB] Incoming message: -1001714667923 願意攞500出嚟約女行街嘅
同我出嚟
[TG-UB] Skip duplicate onMessage: -1001714667923_4265738_in
[TG-UB] NewMessage from -1001714667923 text: share乜先
[TG-UB] Incoming message: -1001714667923 share乜先
[TG-UB] Raw update #71: VirtualClass
[TG-UB] Incoming message: -1001714667923 share乜先
[TG-UB] Skip duplicate onMessage: -1001714667923_4265739_in
[33m[2026-09-19T15:04:28.825] [INFO] - [Starting direct file download in chunks of 65536 at 0, stride 65536][0m
[Socket] User 1 disconnected (socket: NLB56Xno8dm5u_VfAAAw, reason: transport close)
[Socket] User 1 disconnected (socket: ly-N3iZ2t-X9-5ggAAAx, reason: transport close)
[TG-UB] NewMessage from -1001714667923 text: 1個
[TG-UB] Incoming message: -1001714667923 1個
[TG-UB] Raw update #73: VirtualClass
[TG-UB] Incoming message: -1001714667923 1個
[TG-UB] Skip duplicate onMessage: -1001714667923_4265740_in
[33m[2026-09-19T15:04:38.027] [INFO] - [Starting direct file download in chunks of 65536 at 0, stride 65536][0m
[Socket] User 1 connected (socket: SQVnrdSXbR4QhiK5AAA0)
[Socket] User 1 connected (socket: BUgUCfeUKbtsOKE8AAA1)
[TG-UB] NewMessage from -1001714667923 text: 入100訂係咩先🤪🤪
[TG-UB] Incoming message: -1001714667923 入100訂係咩先🤪🤪
[TG-UB] Raw update #76: VirtualClass
[TG-UB] Incoming message: -1001714667923 入100訂係咩先🤪🤪
[TG-UB] Skip duplicate onMessage: -1001714667923_4265741_in
[33m[2026-09-19T15:04:56.381] [INFO] - [Starting direct file download in chunks of 65536 at 0, stride 65536][0m
[WA Sync] wa_whatsapp1_mtc3zz7c synced 8 contacts
[TG-UB] NewMessage from -1001714667923 text: Party？
[TG-UB] Incoming message: -1001714667923 Party？
[TG-UB] Raw update #79: VirtualClass
[TG-UB] Incoming message: -1001714667923 Party？
[TG-UB] Skip duplicate onMessage: -1001714667923_4265742_in
[33m[2026-09-19T15:05:15.794] [INFO] - [Starting direct file download in chunks of 65536 at 0, stride 65536][0m
[TG-UB] NewMessage from -1001714667923 text: join群P呀
[TG-UB] Incoming message: -1001714667923 join群P呀
[TG-UB] Raw update #80: VirtualClass
[TG-UB] Incoming message: -1001714667923 join群P呀
[TG-UB] Skip duplicate onMessage: -1001714667923_4265743_in
[33m[2026-09-19T15:05:17.857] [INFO] - [Starting direct file download in chunks of 65536 at 0, stride 65536][0m
[Socket] User 1 disconnected (socket: BUgUCfeUKbtsOKE8AAA1, reason: transport close)
[Socket] User 1 disconnected (socket: SQVnrdSXbR4QhiK5AAA0, reason: transport close)
[TG-UB] Raw update #82: VirtualClass
[TG-UB] NewMessage from -1001714667923 text: 就係要呢啲
[TG-UB] Incoming message: -1001714667923 就係要呢啲
[TG-UB] Raw update #84: VirtualClass
[TG-UB] Incoming message: -1001714667923 就係要呢啲
[TG-UB] Skip duplicate onMessage: -1001714667923_4265744_in
[33m[2026-09-19T15:05:38.382] [INFO] - [Starting direct file download in chunks of 65536 at 0, stride 65536][0m
[Socket] User 1 connected (socket: 6_jgf4ejhUTCr-3UAAA3)
[Socket] User 1 connected (socket: eMj27R4oklPwkj11AAA5)
[TG-UB] Poll found message from -1001714667923 text: 就係要呢啲
[TG-UB] Incoming message: -1001714667923 就係要呢啲
[TG-UB] Skip duplicate onMessage: -1001714667923_4265744_in
[TG-UB] Poll found message from -1001714667923 text: join群P呀
[TG-UB] Incoming message: -1001714667923 join群P呀
[TG-UB] Skip duplicate onMessage: -1001714667923_4265743_in
[TG-UB] Poll found message from -1001714667923 text: Party？
[TG-UB] Incoming message: -1001714667923 Party？
[TG-UB] Skip duplicate onMessage: -1001714667923_4265742_in
[TG-UB] Poll found message from -1001714667923 text: 入100訂係咩先🤪🤪
[TG-UB] Incoming message: -1001714667923 入100訂係咩先🤪🤪
[TG-UB] Skip duplicate onMessage: -1001714667923_4265741_in
[TG-UB] Poll found message from -1001714667923 text: 1個
[TG-UB] Incoming message: -1001714667923 1個
[TG-UB] Skip duplicate onMessage: -1001714667923_4265740_in
[TG-UB] Poll found message from -1001714667923 text: share乜先
[TG-UB] Incoming message: -1001714667923 share乜先
[TG-UB] Skip duplicate onMessage: -1001714667923_4265739_in
[TG-UB] Poll found message from -1001714667923 text: 願意攞500出嚟約女行街嘅
同我出嚟
[TG-UB] Incoming message: -1001714667923 願意攞500出嚟約女行街嘅
同我出嚟
[TG-UB] Skip duplicate onMessage: -1001714667923_4265738_in
[TG-UB] Poll found message from -1001714667923 text: 係咁架啦
[TG-UB] Incoming message: -1001714667923 係咁架啦
[TG-UB] Skip duplicate onMessage: -1001714667923_4265737_in
[TG-UB] Poll found message from -1001714667923 text: Share多啲
[TG-UB] Incoming message: -1001714667923 Share多啲
[TG-UB] Skip duplicate onMessage: -1001714667923_4265736_in
[35m[2026-09-19T15:06:08.382] [WARN] - [Disconnecting...][0m
[33m[2026-09-19T15:06:08.382] [INFO] - [Disconnecting from 91.108.56.183:443/TCPFull...][0m
[33m[2026-09-19T15:06:08.383] [INFO] - [connection closed][0m
[Socket] User 1 disconnected (socket: eMj27R4oklPwkj11AAA5, reason: transport close)
[Socket] User 1 disconnected (socket: 6_jgf4ejhUTCr-3UAAA3, reason: transport close)
[WA Sync] wa_whatsapp1_mtc3zz7c synced 8 contacts
[Socket] User 1 connected (socket: 7tDA300LFOqwpufCAAA7)
[Socket] User 1 connected (socket: JcH-KAhTVzAk9xqWAAA9)
[Socket] User 1 disconnected (socket: 7tDA300LFOqwpufCAAA7, reason: transport close)
[Socket] User 1 disconnected (socket: JcH-KAhTVzAk9xqWAAA9, reason: transport close)
[Socket] User 1 connected (socket: gal42FdGbeTyKRBWAAA_)
[Socket] User 1 connected (socket: CZmLoNmh6eY1NQL5AABB)
[TG-UB] NewMessage from -1001714667923 text: 真係攪手join P，要坐低飲抔野見過面先，或者熟人介紹
[TG-UB] Incoming message: -1001714667923 真係攪手join P，要坐低飲抔野見過面先，或者熟人介紹
[TG-UB] Raw update #96: VirtualClass
[TG-UB] Incoming message: -1001714667923 真係攪手join P，要坐低飲抔野見過面先，或者熟人介紹
[TG-UB] Skip duplicate onMessage: -1001714667923_4265745_in
[33m[2026-09-19T15:07:14.430] [INFO] - [Starting direct file download in chunks of 65536 at 0, stride 65536][0m
[33m[2026-09-19T15:07:14.430] [INFO] - [Connecting to 91.108.56.183:443/TCPFull...][0m
[33m[2026-09-19T15:07:14.498] [INFO] - [Connection to 91.108.56.183:443/TCPFull complete!][0m
[Socket] User 1 disconnected (socket: CZmLoNmh6eY1NQL5AABB, reason: transport close)
[Socket] User 1 disconnected (socket: gal42FdGbeTyKRBWAAA_, reason: transport close)
[WA Sync] wa_whatsapp1_mtc3zz7c synced 8 contacts
[Socket] User 1 connected (socket: pLJfNkg5CQe0JDdBAABD)
[35m[2026-09-19T15:07:44.497] [WARN] - [Disconnecting...][0m
[33m[2026-09-19T15:07:44.497] [INFO] - [Disconnecting from 91.108.56.183:443/TCPFull...][0m
[33m[2026-09-19T15:07:44.498] [INFO] - [connection closed][0m
[Socket] User 1 disconnected (socket: pLJfNkg5CQe0JDdBAABD, reason: transport close)
[TG-UB] Poll found message from -1001714667923 text: 真係攪手join P，要坐低飲抔野見過面先，或者熟人介紹
[TG-UB] Incoming message: -1001714667923 真係攪手join P，要坐低飲抔野見過面先，或者熟人介紹
[TG-UB] Skip duplicate onMessage: -1001714667923_4265745_in
[Socket] User 1 connected (socket: 4nj8wal-QH0kGPMQAABF)
[Socket] User 1 disconnected (socket: 4nj8wal-QH0kGPMQAABF, reason: transport close)
[Socket] User 1 connected (socket: vt6cpL7RsKUK1qgWAABI)
[Socket] User 1 connected (socket: ZUcJ9fiZXDEBKp0cAABJ)
[WA Sync] wa_whatsapp1_mtc3zz7c synced 8 contacts
[AI Analyze req] {"jid":"971522222222@s.whatsapp.net","directMsgs":0,"t":"2026-09-19T15:08:50.550Z"}
[TG-UB] NewMessage from -1001714667923 text: 仲講緊群P🤣
[TG-UB] Incoming message: -1001714667923 仲講緊群P🤣
[TG-UB] Incoming message: -1001714667923 仲講緊群P🤣
[TG-UB] Skip duplicate onMessage: -1001714667923_4265746_in
[33m[2026-09-19T15:08:53.115] [INFO] - [Starting direct file download in chunks of 65536 at 0, stride 65536][0m
[33m[2026-09-19T15:08:53.115] [INFO] - [Connecting to 91.108.56.183:443/TCPFull...][0m
[33m[2026-09-19T15:08:53.182] [INFO] - [Connection to 91.108.56.183:443/TCPFull complete!][0m
[Socket] User 1 disconnected (socket: vt6cpL7RsKUK1qgWAABI, reason: transport close)
[Socket] User 1 disconnected (socket: ZUcJ9fiZXDEBKp0cAABJ, reason: transport close)
[Socket] User 1 connected (socket: Gv9ON095Rhm8nhhtAABL)
[Socket] User 1 connected (socket: hRYo622rhL284gLKAABN)
[TG-UB] NewMessage from -1001714667923 text: 係🤣🤣個受害人如果仲係到。。係不停俾人傷害緊🤣
[TG-UB] Incoming message: -1001714667923 係🤣🤣個受害人如果仲係到。。係不停俾人傷害緊🤣
[TG-UB] Incoming message: -1001714667923 係🤣🤣個受害人如果仲係到。。係不停俾人傷害緊🤣
[TG-UB] Skip duplicate onMessage: -1001714667923_4265747_in
[33m[2026-09-19T15:09:22.888] [INFO] - [Starting direct file download in chunks of 65536 at 0, stride 65536][0m
[TG-UB] NewMessage from -1001714667923 text: 呢度唔講邊度講😂
[TG-UB] Incoming message: -1001714667923 呢度唔講邊度講😂
[TG-UB] Incoming message: -1001714667923 呢度唔講邊度講😂
[TG-UB] Skip duplicate onMessage: -1001714667923_4265748_in
[33m[2026-09-19T15:09:24.156] [INFO] - [Starting direct file download in chunks of 65536 at 0, stride 65536][0m
[AI Analyze req] {"jid":"971522222222@s.whatsapp.net","directMsgs":0,"t":"2026-09-19T15:09:33.341Z"}
[Socket] User 1 disconnected (socket: Gv9ON095Rhm8nhhtAABL, reason: transport close)
[Socket] User 1 disconnected (socket: hRYo622rhL284gLKAABN, reason: transport close)
[Socket] User 1 connected (socket: -tjFIcGs1Vi6CzJGAABP)
[WA Sync] wa_whatsapp1_mtc3zz7c synced 8 contacts
[Socket] User 1 connected (socket: pisFEMWsoL6Q1eAhAABR)
[TG-UB] Poll found message from -1001714667923 text: 呢度唔講邊度講😂
[TG-UB] Incoming message: -1001714667923 呢度唔講邊度講😂
[TG-UB] Skip duplicate onMessage: -1001714667923_4265748_in
[TG-UB] Poll found message from -1001714667923 text: 係🤣🤣個受害人如果仲係到。。係不停俾人傷害緊🤣
[TG-UB] Incoming message: -1001714667923 係🤣🤣個受害人如果仲係到。。係不停俾人傷害緊🤣
[TG-UB] Skip duplicate onMessage: -1001714667923_4265747_in
[TG-UB] Poll found message from -1001714667923 text: 仲講緊群P🤣
[TG-UB] Incoming message: -1001714667923 仲講緊群P🤣
[TG-UB] Skip duplicate onMessage: -1001714667923_4265746_in
[35m[2026-09-19T15:09:54.157] [WARN] - [Disconnecting...][0m
[33m[2026-09-19T15:09:54.157] [INFO] - [Disconnecting from 91.108.56.183:443/TCPFull...][0m
[33m[2026-09-19T15:09:54.157] [INFO] - [connection closed][0m
[AI Analyze req] {"jid":"971522222222@s.whatsapp.net","directMsgs":0,"t":"2026-09-19T15:09:56.199Z"}
[bg-check] starting search for 971522222222@s.whatsapp.net
[Socket] User 1 disconnected (socket: -tjFIcGs1Vi6CzJGAABP, reason: transport close)
[Socket] User 1 disconnected (socket: pisFEMWsoL6Q1eAhAABR, reason: transport close)
[TG-UB] NewMessage from -1001714667923 text: 睇住閃講
[TG-UB] Incoming message: -1001714667923 睇住閃講
[TG-UB] Incoming message: -1001714667923 睇住閃講
[TG-UB] Skip duplicate onMessage: -1001714667923_4265749_in
[33m[2026-09-19T15:10:20.858] [INFO] - [Starting direct file download in chunks of 65536 at 0, stride 65536][0m
[33m[2026-09-19T15:10:20.859] [INFO] - [Connecting to 91.108.56.183:443/TCPFull...][0m
[33m[2026-09-19T15:10:20.925] [INFO] - [Connection to 91.108.56.183:443/TCPFull complete!][0m
[TG-UB Media DEBUG] type=MessageMediaPhoto isOut=false hasRaw=true client=undef
[TG-UB Media] Downloading msgId=4265749 type=MessageMediaPhoto rawType=Message
[33m[2026-09-19T15:10:21.076] [INFO] - [Starting direct file download in chunks of 131072 at 0, stride 131072][0m
[TG-UB Media] Download result: buf=buffer:160296
[TG-UB] Media downloaded: d43fdfb0c0503b305217373af65e9aae.jpg
[AI Client] DeepSeek V4 Pro reasoning-only empty content (finish=length), retry with max_tokens=4096
[Socket] User 1 connected (socket: DNA7AK7ljRC80KI8AABT)
[Socket] User 1 connected (socket: 2cX9osCPe1811UfQAABV)
[AI Analyze req] {"jid":"971522222222@s.whatsapp.net","directMsgs":0,"t":"2026-09-19T15:10:48.595Z"}
[Socket] User 1 disconnected (socket: 2cX9osCPe1811UfQAABV, reason: transport close)
[Socket] User 1 disconnected (socket: DNA7AK7ljRC80KI8AABT, reason: transport close)
[35m[2026-09-19T15:10:51.373] [WARN] - [Disconnecting...][0m
[33m[2026-09-19T15:10:51.373] [INFO] - [Disconnecting from 91.108.56.183:443/TCPFull...][0m
[33m[2026-09-19T15:10:51.373] [INFO] - [connection closed][0m
[TG-UB] NewMessage from -1001714667923 text: 太快😂
[TG-UB] Incoming message: -1001714667923 太快😂
[TG-UB] Incoming message: -1001714667923 太快😂
[TG-UB] Skip duplicate onMessage: -1001714667923_4265750_in
[33m[2026-09-19T15:10:57.029] [INFO] - [Starting direct file download in chunks of 65536 at 0, stride 65536][0m
[33m[2026-09-19T15:10:57.029] [INFO] - [Connecting to 91.108.56.183:443/TCPFull...][0m
[33m[2026-09-19T15:10:57.096] [INFO] - [Connection to 91.108.56.183:443/TCPFull complete!][0m
[WA Sync] wa_whatsapp1_mtc3zz7c synced 8 contacts
[Socket] User 1 connected (socket: acsOLMC-BkzSB4WzAABY)
[Socket] User 1 connected (socket: aXX3pMGq5QtlL-U4AABZ)
[TG-UB] NewMessage from -1001714667923 text: 好快😂😂
[TG-UB] Incoming message: -1001714667923 好快😂😂
[TG-UB] Incoming message: -1001714667923 好快😂😂
[TG-UB] Skip duplicate onMessage: -1001714667923_4265751_in
[33m[2026-09-19T15:11:07.293] [INFO] - [Starting direct file download in chunks of 65536 at 0, stride 65536][0m
[TG-UB] NewMessage from -1001714667923 text: 睇依貝啦
[TG-UB] Incoming message: -1001714667923 睇依貝啦
[TG-UB] Incoming message: -1001714667923 睇依貝啦
[TG-UB] Skip duplicate onMessage: -1001714667923_4265752_in
[33m[2026-09-19T15:11:21.523] [INFO] - [Starting direct file download in chunks of 65536 at 0, stride 65536][0m
[AI Client] DeepSeek V4 Pro reasoning-only empty content (finish=length), retry with max_tokens=4096
[TG-UB] NewMessage from -1001714667923 text: 太快啦
[TG-UB] Incoming message: -1001714667923 太快啦
[33m[2026-09-19T15:11:29.940] [INFO] - [Starting direct file download in chunks of 65536 at 0, stride 65536][0m
[TG-UB] Incoming message: -1001714667923 太快啦
[TG-UB] Skip duplicate onMessage: -1001714667923_4265753_in
[AI Analyze req] {"jid":"971522222222@s.whatsapp.net","directMsgs":0,"t":"2026-09-19T15:11:34.229Z"}
[bg-check] starting search for 971522222222@s.whatsapp.net
[TG-UB] Poll found message from -1001714667923 text: 太快啦
[TG-UB] Incoming message: -1001714667923 太快啦
[TG-UB] Skip duplicate onMessage: -1001714667923_4265753_in
[TG-UB] Poll found message from -1001714667923 text: 睇依貝啦
[TG-UB] Incoming message: -1001714667923 睇依貝啦
[TG-UB] Skip duplicate onMessage: -1001714667923_4265752_in
[TG-UB] Poll found message from -1001714667923 text: 好快😂😂
[TG-UB] Incoming message: -1001714667923 好快😂😂
[TG-UB] Skip duplicate onMessage: -1001714667923_4265751_in
[TG-UB] Poll found message from -1001714667923 text: 太快😂
[TG-UB] Incoming message: -1001714667923 太快😂
[TG-UB] Skip duplicate onMessage: -1001714667923_4265750_in
[TG-UB] Poll found message from -1001714667923 text: 睇住閃講
[TG-UB] Incoming message: -1001714667923 睇住閃講
[TG-UB] Skip duplicate onMessage: -1001714667923_4265749_in
[35m[2026-09-19T15:11:59.941] [WARN] - [Disconnecting...][0m
[33m[2026-09-19T15:11:59.941] [INFO] - [Disconnecting from 91.108.56.183:443/TCPFull...][0m
[33m[2026-09-19T15:11:59.941] [INFO] - [connection closed][0m
[TG-UB] NewMessage from -1001714667923 text: 兩秒就無左
[TG-UB] Incoming message: -1001714667923 兩秒就無左
[TG-UB] Incoming message: -1001714667923 兩秒就無左
[TG-UB] Skip duplicate onMessage: -1001714667923_4265754_in
[33m[2026-09-19T15:12:06.157] [INFO] - [Starting direct file download in chunks of 65536 at 0, stride 65536][0m
[33m[2026-09-19T15:12:06.157] [INFO] - [Connecting to 91.108.56.183:443/TCPFull...][0m
[33m[2026-09-19T15:12:06.225] [INFO] - [Connection to 91.108.56.183:443/TCPFull complete!][0m
[TG-UB] NewMessage from -1001714667923 text: 好睇緣份
[TG-UB] Incoming message: -1001714667923 好睇緣份
[TG-UB] Incoming message: -1001714667923 好睇緣份
[TG-UB] Skip duplicate onMessage: -1001714667923_4265755_in
[33m[2026-09-19T15:12:10.338] [INFO] - [Starting direct file download in chunks of 65536 at 0, stride 65536][0m
[AI Client] DeepSeek V4 Pro reasoning-only empty content (finish=length), retry with max_tokens=4096
[TG-UB] NewMessage from -1001714667923 text: 。。。
[TG-UB] Incoming message: -1001714667923 。。。
[TG-UB] Incoming message: -1001714667923 。。。
[TG-UB] Skip duplicate onMessage: -1001714667923_4265756_in
[33m[2026-09-19T15:12:37.928] [INFO] - [Starting direct file download in chunks of 65536 at 0, stride 65536][0m
[TG-UB] NewMessage from -1001714667923 text: 耐少少？。？
[TG-UB] Incoming message: -1001714667923 耐少少？。？
[TG-UB] Incoming message: -1001714667923 耐少少？。？
[TG-UB] Skip duplicate onMessage: -1001714667923_4265757_in
[33m[2026-09-19T15:12:57.665] [INFO] - [Starting direct file download in chunks of 65536 at 0, stride 65536][0m
[TG-UB Media DEBUG] type=MessageMediaPhoto isOut=false hasRaw=true client=undef
[TG-UB Media] Downloading msgId=4265757 type=MessageMediaPhoto rawType=Message
[33m[2026-09-19T15:12:57.788] [INFO] - [Starting direct file download in chunks of 131072 at 0, stride 131072][0m
[TG-UB Media] Download result: buf=buffer:160296
[TG-UB] Media downloaded: 6c3ba4f2d7ca538a5711adc6b34872c6.jpg
[TG-UB] NewMessage from -1001714667923 text: WOW
[TG-UB] Incoming message: -1001714667923 WOW
[TG-UB] Incoming message: -1001714667923 WOW
[TG-UB] Skip duplicate onMessage: -1001714667923_4265758_in
[33m[2026-09-19T15:13:10.000] [INFO] - [Starting direct file download in chunks of 65536 at 0, stride 65536][0m
[Socket] User 1 disconnected (socket: aXX3pMGq5QtlL-U4AABZ, reason: transport close)
[Socket] User 1 disconnected (socket: acsOLMC-BkzSB4WzAABY, reason: transport close)
[TG-UB] NewMessage from -1001714667923 text: 好cute
[TG-UB] Incoming message: -1001714667923 好cute
[TG-UB] Incoming message: -1001714667923 好cute
[TG-UB] Skip duplicate onMessage: -1001714667923_4265759_in
[33m[2026-09-19T15:13:22.862] [INFO] - [Starting direct file download in chunks of 65536 at 0, stride 65536][0m
[TG-UB] NewMessage from -1001714667923 text: 嘩 正 呢d要攪群P
[TG-UB] Incoming message: -1001714667923 嘩 正 呢d要攪群P
[TG-UB] Incoming message: -1001714667923 嘩 正 呢d要攪群P
[TG-UB] Skip duplicate onMessage: -1001714667923_4265760_in
[33m[2026-09-19T15:13:24.488] [INFO] - [Starting direct file download in chunks of 65536 at 0, stride 65536][0m
[TG-UB] NewMessage from -1001714667923 text: 自備衣服？
[TG-UB] Incoming message: -1001714667923 自備衣服？
[TG-UB] Incoming message: -1001714667923 自備衣服？
[TG-UB] Skip duplicate onMessage: -1001714667923_4265761_in
[33m[2026-09-19T15:13:37.345] [INFO] - [Starting direct file download in chunks of 65536 at 0, stride 65536][0m
[TG-UB] NewMessage from -1001714667923 text: 好波😗
[TG-UB] Incoming message: -1001714667923 好波😗
[TG-UB] Incoming message: -1001714667923 好波😗
[TG-UB] Skip duplicate onMessage: -1001714667923_4265762_in
[33m[2026-09-19T15:13:45.205] [INFO] - [Starting direct file download in chunks of 65536 at 0, stride 65536][0m
[TG-UB] Poll found message from -1001714667923 text: 好波😗
[TG-UB] Incoming message: -1001714667923 好波😗
[TG-UB] Skip duplicate onMessage: -1001714667923_4265762_in
[TG-UB] Poll found message from -1001714667923 text: 自備衣服？
[TG-UB] Incoming message: -1001714667923 自備衣服？
[TG-UB] Skip duplicate onMessage: -1001714667923_4265761_in
[TG-UB] Poll found message from -1001714667923 text: 嘩 正 呢d要攪群P
[TG-UB] Incoming message: -1001714667923 嘩 正 呢d要攪群P
[TG-UB] Skip duplicate onMessage: -1001714667923_4265760_in
[TG-UB] Poll found message from -1001714667923 text: 好cute
[TG-UB] Incoming message: -1001714667923 好cute
[TG-UB] Skip duplicate onMessage: -1001714667923_4265759_in
[TG-UB] Poll found message from -1001714667923 text: WOW
[TG-UB] Incoming message: -1001714667923 WOW
[TG-UB] Skip duplicate onMessage: -1001714667923_4265758_in
[TG-UB] Poll found message from -1001714667923 text: 耐少少？。？
[TG-UB] Incoming message: -1001714667923 耐少少？。？
[TG-UB] Skip duplicate onMessage: -1001714667923_4265757_in
[TG-UB] Poll found message from -1001714667923 text: 。。。
[TG-UB] Incoming message: -1001714667923 。。。
[TG-UB] Skip duplicate onMessage: -1001714667923_4265756_in
[TG-UB] Poll found message from -1001714667923 text: 好睇緣份
[TG-UB] Incoming message: -1001714667923 好睇緣份
[TG-UB] Skip duplicate onMessage: -1001714667923_4265755_in
[TG-UB] Poll found message from -1001714667923 text: 兩秒就無左
[TG-UB] Incoming message: -1001714667923 兩秒就無左
[TG-UB] Skip duplicate onMessage: -1001714667923_4265754_in
[TG-UB] NewMessage from -1001714667923 text: 打款俾你買 點話喇😂
[TG-UB] Incoming message: -1001714667923 打款俾你買 點話喇😂
[TG-UB] Incoming message: -1001714667923 打款俾你買 點話喇😂
[TG-UB] Skip duplicate onMessage: -1001714667923_4265763_in
[33m[2026-09-19T15:14:04.267] [INFO] - [Starting direct file download in chunks of 65536 at 0, stride 65536][0m
[TG-UB] NewMessage from -1001714667923 text: 大把呢啲🤭
[TG-UB] Incoming message: -1001714667923 大把呢啲🤭
[TG-UB] Incoming message: -1001714667923 大把呢啲🤭
[TG-UB] Skip duplicate onMessage: -1001714667923_4265764_in
[33m[2026-09-19T15:14:05.269] [INFO] - [Starting direct file download in chunks of 65536 at 0, stride 65536][0m
[TG-UB] NewMessage from -1001714667923 text: 拿 你呢句又有d hurt喇
[TG-UB] Incoming message: -1001714667923 拿 你呢句又有d hurt喇
[TG-UB] Incoming message: -1001714667923 拿 你呢句又有d hurt喇
[TG-UB] Skip duplicate onMessage: -1001714667923_4265765_in
[33m[2026-09-19T15:14:21.728] [INFO] - [Starting direct file download in chunks of 65536 at 0, stride 65536][0m
[TG-UB] NewMessage from -1001714667923 text: 要買貴d啦🤭🤭
[TG-UB] Incoming message: -1001714667923 要買貴d啦🤭🤭
[TG-UB] Incoming message: -1001714667923 要買貴d啦🤭🤭
[TG-UB] Skip duplicate onMessage: -1001714667923_4265766_in
[33m[2026-09-19T15:14:27.580] [INFO] - [Starting direct file download in chunks of 65536 at 0, stride 65536][0m
[TG-UB] NewMessage from -1001714667923 text: Miss
[TG-UB] Incoming message: -1001714667923 Miss
[TG-UB] Incoming message: -1001714667923 Miss
[TG-UB] Skip duplicate onMessage: -1001714667923_4265767_in
[33m[2026-09-19T15:14:36.560] [INFO] - [Starting direct file download in chunks of 65536 at 0, stride 65536][0m
[TG-UB] NewMessage from -1001714667923 text: 要啦🤭
[TG-UB] Incoming message: -1001714667923 要啦🤭
[TG-UB] Incoming message: -1001714667923 要啦🤭
[TG-UB] Skip duplicate onMessage: -1001714667923_4265768_in
[33m[2026-09-19T15:14:37.502] [INFO] - [Starting direct file download in chunks of 65536 at 0, stride 65536][0m
[TG-UB] NewMessage from -1001714667923 text: 咁慢
[TG-UB] Incoming message: -1001714667923 咁慢
[TG-UB] Incoming message: -1001714667923 咁慢
[TG-UB] Skip duplicate onMessage: -1001714667923_4265769_in
[33m[2026-09-19T15:14:50.479] [INFO] - [Starting direct file download in chunks of 65536 at 0, stride 65536][0m
[TG-UB] NewMessage from -1001714667923 text: 喲，早喎各位
[TG-UB] Incoming message: -1001714667923 喲，早喎各位
[TG-UB] Incoming message: -1001714667923 喲，早喎各位
[TG-UB] Skip duplicate onMessage: -1001714667923_4265770_in
[33m[2026-09-19T15:14:56.799] [INFO] - [Starting direct file download in chunks of 65536 at 0, stride 65536][0m
[TG-UB] NewMessage from -1001714667923 text: 二千幾三千蚊套果d🤭
[TG-UB] Incoming message: -1001714667923 二千幾三千蚊套果d🤭
[TG-UB] Incoming message: -1001714667923 二千幾三千蚊套果d🤭
[TG-UB] Skip duplicate onMessage: -1001714667923_4265771_in
[33m[2026-09-19T15:15:01.456] [INFO] - [Starting direct file download in chunks of 65536 at 0, stride 65536][0m
[TG-UB] NewMessage from -1001714667923 text: 春虫虫
[TG-UB] Incoming message: -1001714667923 春虫虫
[TG-UB] Incoming message: -1001714667923 春虫虫
[TG-UB] Skip duplicate onMessage: -1001714667923_4265772_in
[33m[2026-09-19T15:15:08.411] [INFO] - [Starting direct file download in chunks of 65536 at 0, stride 65536][0m
[TG-UB] NewMessage from -1001714667923 text: 早呀
[TG-UB] Incoming message: -1001714667923 早呀
[TG-UB] Incoming message: -1001714667923 早呀
[TG-UB] Skip duplicate onMessage: -1001714667923_4265773_in
[33m[2026-09-19T15:15:15.393] [INFO] - [Starting direct file download in chunks of 65536 at 0, stride 65536][0m
[TG-UB] NewMessage from -1001714667923 text: 呢啲好野嚟😍
[TG-UB] Incoming message: -1001714667923 呢啲好野嚟😍
[TG-UB] Incoming message: -1001714667923 呢啲好野嚟😍
[TG-UB] Skip duplicate onMessage: -1001714667923_4265774_in
[33m[2026-09-19T15:15:17.247] [INFO] - [Starting direct file download in chunks of 65536 at 0, stride 65536][0m
[TG-UB] NewMessage from -1001714667923 text: 改口鋒快到哩🤭
[TG-UB] Incoming message: -1001714667923 改口鋒快到哩🤭
[TG-UB] Incoming message: -1001714667923 改口鋒快到哩🤭
[TG-UB] Skip duplicate onMessage: -1001714667923_4265775_in
[33m[2026-09-19T15:15:42.116] [INFO] - [Starting direct file download in chunks of 65536 at 0, stride 65536][0m
[TG-UB] Poll found message from -1001714667923 text: 改口鋒快到哩🤭
[TG-UB] Incoming message: -1001714667923 改口鋒快到哩🤭
[TG-UB] Skip duplicate onMessage: -1001714667923_4265775_in
[TG-UB] Poll found message from -1001714667923 text: 呢啲好野嚟😍
[TG-UB] Incoming message: -1001714667923 呢啲好野嚟😍
[TG-UB] Skip duplicate onMessage: -1001714667923_4265774_in
[TG-UB] Poll found message from -1001714667923 text: 早呀
[TG-UB] Incoming message: -1001714667923 早呀
[TG-UB] Skip duplicate onMessage: -1001714667923_4265773_in
[TG-UB] Poll found message from -1001714667923 text: 春虫虫
[TG-UB] Incoming message: -1001714667923 春虫虫
[TG-UB] Skip duplicate onMessage: -1001714667923_4265772_in
[TG-UB] Poll found message from -1001714667923 text: 二千幾三千蚊套果d🤭
[TG-UB] Incoming message: -1001714667923 二千幾三千蚊套果d🤭
[TG-UB] Skip duplicate onMessage: -1001714667923_4265771_in
[TG-UB] Poll found message from -1001714667923 text: 喲，早喎各位
[TG-UB] Incoming message: -1001714667923 喲，早喎各位
[TG-UB] Skip duplicate onMessage: -1001714667923_4265770_in
[TG-UB] Poll found message from -1001714667923 text: 咁慢
[TG-UB] Incoming message: -1001714667923 咁慢
[TG-UB] Skip duplicate onMessage: -1001714667923_4265769_in
[TG-UB] Poll found message from -1001714667923 text: 要啦🤭
[TG-UB] Incoming message: -1001714667923 要啦🤭
[TG-UB] Skip duplicate onMessage: -1001714667923_4265768_in
[TG-UB] Poll found message from -1001714667923 text: Miss
[TG-UB] Incoming message: -1001714667923 Miss
[TG-UB] Skip duplicate onMessage: -1001714667923_4265767_in
[TG-UB] Poll found message from -1001714667923 text: 要買貴d啦🤭🤭
[TG-UB] Incoming message: -1001714667923 要買貴d啦🤭🤭
[TG-UB] Skip duplicate onMessage: -1001714667923_4265766_in
[TG-UB] Poll found message from -1001714667923 text: 拿 你呢句又有d hurt喇
[TG-UB] Incoming message: -1001714667923 拿 你呢句又有d hurt喇
[TG-UB] Skip duplicate onMessage: -1001714667923_4265765_in
[TG-UB] Poll found message from -1001714667923 text: 大把呢啲🤭
[TG-UB] Incoming message: -1001714667923 大把呢啲🤭
[TG-UB] Skip duplicate onMessage: -1001714667923_4265764_in
[TG-UB] Poll found message from -1001714667923 text: 打款俾你買 點話喇😂
[TG-UB] Incoming message: -1001714667923 打款俾你買 點話喇😂
[TG-UB] Skip duplicate onMessage: -1001714667923_4265763_in
[TG-UB] NewMessage from -1001714667923 text: 冇改過
[TG-UB] Incoming message: -1001714667923 冇改過
[TG-UB] Incoming message: -1001714667923 冇改過
[TG-UB] Skip duplicate onMessage: -1001714667923_4265776_in
[33m[2026-09-19T15:15:57.402] [INFO] - [Starting direct file download in chunks of 65536 at 0, stride 65536][0m
[TG-UB] NewMessage from -1001714667923 text: 第2套？。？
[TG-UB] Incoming message: -1001714667923 第2套？。？
[TG-UB] Incoming message: -1001714667923 第2套？。？
[TG-UB] Skip duplicate onMessage: -1001714667923_4265777_in
[33m[2026-09-19T15:15:58.366] [INFO] - [Starting direct file download in chunks of 65536 at 0, stride 65536][0m
[TG-UB Media DEBUG] type=MessageMediaPhoto isOut=false hasRaw=true client=undef
[TG-UB Media] Downloading msgId=4265777 type=MessageMediaPhoto rawType=Message
[33m[2026-09-19T15:15:58.457] [INFO] - [Starting direct file download in chunks of 131072 at 0, stride 131072][0m
[TG-UB Media] Download result: buf=buffer:181167
[TG-UB] Media downloaded: 0940177abb68c14d6b63ed3bf4109dec.jpg
[TG-UB] NewMessage from -1001714667923 text: 啱啱食餓晚餐，傾緊咩話題？
[TG-UB] Incoming message: -1001714667923 啱啱食餓晚餐，傾緊咩話題？
[TG-UB] Incoming message: -1001714667923 啱啱食餓晚餐，傾緊咩話題？
[TG-UB] Skip duplicate onMessage: -1001714667923_4265778_in
[33m[2026-09-19T15:16:01.506] [INFO] - [Starting direct file download in chunks of 65536 at 0, stride 65536][0m
[TG-UB] NewMessage from -1001714667923 text: 正爆
[TG-UB] Incoming message: -1001714667923 正爆
[TG-UB] Incoming message: -1001714667923 正爆
[TG-UB] Skip duplicate onMessage: -1001714667923_4265779_in
[33m[2026-09-19T15:16:07.419] [INFO] - [Starting direct file download in chunks of 65536 at 0, stride 65536][0m
[TG-UB] NewMessage from -1001714667923 text: 冰依貝正正
[TG-UB] Incoming message: -1001714667923 冰依貝正正
[TG-UB] Incoming message: -1001714667923 冰依貝正正
[TG-UB] Skip duplicate onMessage: -1001714667923_4265780_in
[33m[2026-09-19T15:16:32.510] [INFO] - [Starting direct file download in chunks of 65536 at 0, stride 65536][0m
[TG-UB] NewMessage from -1001714667923 text: 勁呀 加碼 俾多D
[TG-UB] Incoming message: -1001714667923 勁呀 加碼 俾多D
[TG-UB] Incoming message: -1001714667923 勁呀 加碼 俾多D
[TG-UB] Skip duplicate onMessage: -1001714667923_4265781_in
[33m[2026-09-19T15:16:51.991] [INFO] - [Starting direct file download in chunks of 65536 at 0, stride 65536][0m
[TG-UB] NewMessage from -1001714667923 text: Missed
[TG-UB] Incoming message: -1001714667923 Missed
[TG-UB] Incoming message: -1001714667923 Missed
[TG-UB] Skip duplicate onMessage: -1001714667923_4265782_in
[33m[2026-09-19T15:16:53.611] [INFO] - [Starting direct file download in chunks of 65536 at 0, stride 65536][0m
[TG-UB] NewMessage from -1001714667923 text: 啱啱食飽晚餐，傾緊咩話題？
[TG-UB] Incoming message: -1001714667923 啱啱食飽晚餐，傾緊咩話題？
[TG-UB] NewMessage from -1001714667923 text: 
[TG-UB] Incoming message: -1001714667923 [MessageMediaDocument]
[TG-UB] Incoming message: -1001714667923 啱啱食飽晚餐，傾緊咩話題？
[TG-UB] Skip duplicate onMessage: -1001714667923_4265783_in
[33m[2026-09-19T15:16:56.232] [INFO] - [Starting direct file download in chunks of 65536 at 0, stride 65536][0m
[33m[2026-09-19T15:16:56.238] [INFO] - [Starting direct file download in chunks of 65536 at 0, stride 65536][0m
[TG-UB] Incoming message: -1001714667923 [MessageMediaDocument]
[TG-UB] Skip duplicate onMessage: -1001714667923_4265784_in
[TG-UB Media DEBUG] type=MessageMediaDocument isOut=false hasRaw=true client=undef
[TG-UB Media] Downloading msgId=4265784 type=MessageMediaDocument rawType=Message
[33m[2026-09-19T15:16:56.438] [INFO] - [Starting direct file download in chunks of 131072 at 0, stride 131072][0m
[33m[2026-09-19T15:16:56.440] [INFO] - [Connecting to 149.154.175.56:443/TCPFull...][0m
[33m[2026-09-19T15:16:56.644] [INFO] - [Connection to 149.154.175.56:443/TCPFull complete!][0m
[33m[2026-09-19T15:16:57.061] [INFO] - [File lives in another DC][0m
[TG-UB Media] Download result: buf=buffer:27255
[TG-UB] Media downloaded: 6a271417140abbf84167d6c9cb9ea9c6.jpg
[TG-UB] NewMessage from -1001714667923 text: 群p騙錢🤭
[TG-UB] Incoming message: -1001714667923 群p騙錢🤭
[TG-UB] Incoming message: -1001714667923 群p騙錢🤭
[TG-UB] Skip duplicate onMessage: -1001714667923_4265785_in
[33m[2026-09-19T15:17:20.217] [INFO] - [Starting direct file download in chunks of 65536 at 0, stride 65536][0m
[35m[2026-09-19T15:17:26.645] [WARN] - [Disconnecting...][0m
[33m[2026-09-19T15:17:26.645] [INFO] - [Disconnecting from 149.154.175.56:443/TCPFull...][0m
[33m[2026-09-19T15:17:26.645] [INFO] - [connection closed][0m
[TG-UB] NewMessage from -1001714667923 text: 哦哦，好多都系呃人嘅😂😂
[TG-UB] Incoming message: -1001714667923 哦哦，好多都系呃人嘅😂😂
[TG-UB] Incoming message: -1001714667923 哦哦，好多都系呃人嘅😂😂
[TG-UB] Skip duplicate onMessage: -1001714667923_4265786_in
[33m[2026-09-19T15:17:48.996] [INFO] - [Starting direct file download in chunks of 65536 at 0, stride 65536][0m
[TG-UB] NewMessage from -1001714667923 text: Miss you😝
[TG-UB] Incoming message: -1001714667923 Miss you😝
[TG-UB] Incoming message: -1001714667923 Miss you😝
[TG-UB] Skip duplicate onMessage: -1001714667923_4265787_in
[33m[2026-09-19T15:17:52.916] [INFO] - [Starting direct file download in chunks of 65536 at 0, stride 65536][0m
[TG-UB] Poll found message from -1001714667923 text: Miss you😝
[TG-UB] Incoming message: -1001714667923 Miss you😝
[TG-UB] Skip duplicate onMessage: -1001714667923_4265787_in
[TG-UB] Poll found message from -1001714667923 text: 哦哦，好多都系呃人嘅😂😂
[TG-UB] Incoming message: -1001714667923 哦哦，好多都系呃人嘅😂😂
[TG-UB] Skip duplicate onMessage: -1001714667923_4265786_in
[TG-UB] Poll found message from -1001714667923 text: 群p騙錢🤭
[TG-UB] Incoming message: -1001714667923 群p騙錢🤭
[TG-UB] Skip duplicate onMessage: -1001714667923_4265785_in
[TG-UB] Poll found message from -1001714667923 text: [media]
[TG-UB] Incoming message: -1001714667923 [media]
[TG-UB] Skip duplicate onMessage: -1001714667923_4265784_in
[TG-UB] Poll found message from -1001714667923 text: 啱啱食飽晚餐，傾緊咩話題？
[TG-UB] Incoming message: -1001714667923 啱啱食飽晚餐，傾緊咩話題？
[TG-UB] Skip duplicate onMessage: -1001714667923_4265783_in
[TG-UB] Poll found message from -1001714667923 text: Missed
[TG-UB] Incoming message: -1001714667923 Missed
[TG-UB] Skip duplicate onMessage: -1001714667923_4265782_in
[TG-UB] Poll found message from -1001714667923 text: 勁呀 加碼 俾多D
[TG-UB] Incoming message: -1001714667923 勁呀 加碼 俾多D
[TG-UB] Skip duplicate onMessage: -1001714667923_4265781_in
[TG-UB] Poll found message from -1001714667923 text: 冰依貝正正
[TG-UB] Incoming message: -1001714667923 冰依貝正正
[TG-UB] Skip duplicate onMessage: -1001714667923_4265780_in
[TG-UB] Poll found message from -1001714667923 text: 正爆
[TG-UB] Incoming message: -1001714667923 正爆
[TG-UB] Skip duplicate onMessage: -1001714667923_4265779_in
[TG-UB] Poll found message from -1001714667923 text: 冇改過
[TG-UB] Incoming message: -1001714667923 冇改過
[TG-UB] Skip duplicate onMessage: -1001714667923_4265776_in
[TG-UB] NewMessage from -1001714667923 text: miss
[TG-UB] Incoming message: -1001714667923 miss
[TG-UB] Incoming message: -1001714667923 miss
[TG-UB] Skip duplicate onMessage: -1001714667923_4265788_in
[33m[2026-09-19T15:18:02.799] [INFO] - [Starting direct file download in chunks of 65536 at 0, stride 65536][0m
[TG-UB] NewMessage from -1001714667923 text: 特別系畀訂金先個啲
[TG-UB] Incoming message: -1001714667923 特別系畀訂金先個啲
[TG-UB] Incoming message: -1001714667923 特別系畀訂金先個啲
[TG-UB] Skip duplicate onMessage: -1001714667923_4265789_in
[33m[2026-09-19T15:18:08.572] [INFO] - [Starting direct file download in chunks of 65536 at 0, stride 65536][0m
[TG-UB] NewMessage from -1001714667923 text: 大家睇清楚d先😂😂
[TG-UB] Incoming message: -1001714667923 大家睇清楚d先😂😂
[TG-UB] Incoming message: -1001714667923 大家睇清楚d先😂😂
[TG-UB] Skip duplicate onMessage: -1001714667923_4265790_in
[33m[2026-09-19T15:18:20.601] [INFO] - [Starting direct file download in chunks of 65536 at 0, stride 65536][0m
[TG-UB] NewMessage from -1001714667923 text: 佢係🍋🫖，不是🍋
[TG-UB] Incoming message: -1001714667923 佢係🍋🫖，不是🍋
[33m[2026-09-19T15:18:42.619] [INFO] - [Starting direct file download in chunks of 65536 at 0, stride 65536][0m
[TG-UB] Incoming message: -1001714667923 佢係🍋🫖，不是🍋
[TG-UB] Skip duplicate onMessage: -1001714667923_4265791_in
[TG-UB] NewMessage from -1001714667923 text: 正常 咁都要warm up 吓
[TG-UB] Incoming message: -1001714667923 正常 咁都要warm up 吓
[33m[2026-09-19T15:18:51.823] [INFO] - [Starting direct file download in chunks of 65536 at 0, stride 65536][0m
[TG-UB] Incoming message: -1001714667923 正常 咁都要warm up 吓
[TG-UB] Skip duplicate onMessage: -1001714667923_4265792_in
[TG-UB] NewMessage from -1001714667923 text: 又變冒充喇🤭
[TG-UB] Incoming message: -1001714667923 又變冒充喇🤭
[TG-UB] Incoming message: -1001714667923 又變冒充喇🤭
[TG-UB] Skip duplicate onMessage: -1001714667923_4265793_in
[33m[2026-09-19T15:19:06.313] [INFO] - [Starting direct file download in chunks of 65536 at 0, stride 65536][0m
[TG-UB] NewMessage from -1001714667923 text: Again?
[TG-UB] Incoming message: -1001714667923 Again?
[TG-UB] Incoming message: -1001714667923 Again?
[TG-UB] Skip duplicate onMessage: -1001714667923_4265794_in
[33m[2026-09-19T15:19:16.257] [INFO] - [Starting direct file download in chunks of 65536 at 0, stride 65536][0m
[TG-UB] NewMessage from -1001714667923 text: again左
[TG-UB] Incoming message: -1001714667923 again左
[TG-UB] Incoming message: -1001714667923 again左
[TG-UB] Skip duplicate onMessage: -1001714667923_4265795_in
[33m[2026-09-19T15:19:38.223] [INFO] - [Starting direct file download in chunks of 65536 at 0, stride 65536][0m
[TG-UB] NewMessage from -1001714667923 text: Go
[TG-UB] Incoming message: -1001714667923 Go
[TG-UB] Incoming message: -1001714667923 Go
[TG-UB] Skip duplicate onMessage: -1001714667923_4265796_in
[33m[2026-09-19T15:19:50.626] [INFO] - [Starting direct file download in chunks of 65536 at 0, stride 65536][0m
[TG-UB] Poll found message from -1001714667923 text: Go
[TG-UB] Incoming message: -1001714667923 Go
[TG-UB] Skip duplicate onMessage: -1001714667923_4265796_in
[TG-UB] Poll found message from -1001714667923 text: again左
[TG-UB] Incoming message: -1001714667923 again左
[TG-UB] Skip duplicate onMessage: -1001714667923_4265795_in
[TG-UB] Poll found message from -1001714667923 text: Again?
[TG-UB] Incoming message: -1001714667923 Again?
[TG-UB] Skip duplicate onMessage: -1001714667923_4265794_in
[TG-UB] Poll found message from -1001714667923 text: 又變冒充喇🤭
[TG-UB] Incoming message: -1001714667923 又變冒充喇🤭
[TG-UB] Skip duplicate onMessage: -1001714667923_4265793_in
[TG-UB] Poll found message from -1001714667923 text: 正常 咁都要warm up 吓
[TG-UB] Incoming message: -1001714667923 正常 咁都要warm up 吓
[TG-UB] Skip duplicate onMessage: -1001714667923_4265792_in
[TG-UB] Poll found message from -1001714667923 text: 佢係🍋🫖，不是🍋
[TG-UB] Incoming message: -1001714667923 佢係🍋🫖，不是🍋
[TG-UB] Skip duplicate onMessage: -1001714667923_4265791_in
[TG-UB] Poll found message from -1001714667923 text: 大家睇清楚d先😂😂
[TG-UB] Incoming message: -1001714667923 大家睇清楚d先😂😂
[TG-UB] Skip duplicate onMessage: -1001714667923_4265790_in
[TG-UB] Poll found message from -1001714667923 text: 特別系畀訂金先個啲
[TG-UB] Incoming message: -1001714667923 特別系畀訂金先個啲
[TG-UB] Skip duplicate onMessage: -1001714667923_4265789_in
[TG-UB] Poll found message from -1001714667923 text: miss
[TG-UB] Incoming message: -1001714667923 miss
[TG-UB] Skip duplicate onMessage: -1001714667923_4265788_in
[TG-UB] NewMessage from -1001714667923 text: 俾次機會啦🫡
[TG-UB] Incoming message: -1001714667923 俾次機會啦🫡
[33m[2026-09-19T15:19:56.102] [INFO] - [Starting direct file download in chunks of 65536 at 0, stride 65536][0m
[TG-UB] Incoming message: -1001714667923 俾次機會啦🫡
[TG-UB] Skip duplicate onMessage: -1001714667923_4265797_in
[TG-UB] NewMessage from -1001714667923 text: 
[TG-UB] Incoming message: -1001714667923 [MessageMediaPhoto]
[TG-UB] Incoming message: -1001714667923 [MessageMediaPhoto]
[TG-UB] Skip duplicate onMessage: -1001714667923_4265798_in
[33m[2026-09-19T15:20:11.573] [INFO] - [Starting direct file download in chunks of 65536 at 0, stride 65536][0m
[TG-UB Media DEBUG] type=MessageMediaPhoto isOut=false hasRaw=true client=undef
[TG-UB Media] Downloading msgId=4265798 type=MessageMediaPhoto rawType=Message
[33m[2026-09-19T15:20:11.661] [INFO] - [Starting direct file download in chunks of 131072 at 0, stride 131072][0m
[TG-UB Media] Download result: buf=buffer:160296
[TG-UB] Media downloaded: 15f4b727f831efbdb59e05b2b600eff8.jpg
[TG-UB] NewMessage from -1001714667923 text: 嘩 有無閃？🤭
[TG-UB] Incoming message: -1001714667923 嘩 有無閃？🤭
[TG-UB] Incoming message: -1001714667923 嘩 有無閃？🤭
[TG-UB] Skip duplicate onMessage: -1001714667923_4265799_in
[33m[2026-09-19T15:20:18.916] [INFO] - [Starting direct file download in chunks of 65536 at 0, stride 65536][0m
[TG-UB] NewMessage from -1001714667923 text: 哇
[TG-UB] Incoming message: -1001714667923 哇
[TG-UB] Incoming message: -1001714667923 哇
[TG-UB] Skip duplicate onMessage: -1001714667923_4265800_in
[33m[2026-09-19T15:20:25.497] [INFO] - [Starting direct file download in chunks of 65536 at 0, stride 65536][0m
[TG-UB] NewMessage from -1001714667923 text: 重複咗喎
[TG-UB] Incoming message: -1001714667923 重複咗喎
[TG-UB] Incoming message: -1001714667923 重複咗喎
[TG-UB] Skip duplicate onMessage: -1001714667923_4265801_in
[33m[2026-09-19T15:20:27.249] [INFO] - [Starting direct file download in chunks of 65536 at 0, stride 65536][0m
[TG-UB] NewMessage from -1001714667923 text: 嘩 正👍
[TG-UB] Incoming message: -1001714667923 嘩 正👍
[TG-UB] Incoming message: -1001714667923 嘩 正👍
[TG-UB] Skip duplicate onMessage: -1001714667923_4265802_in
[33m[2026-09-19T15:20:28.694] [INFO] - [Starting direct file download in chunks of 65536 at 0, stride 65536][0m
[TG-UB] NewMessage from -1001714667923 text: Meow
[TG-UB] Incoming message: -1001714667923 Meow
[TG-UB] Incoming message: -1001714667923 Meow
[TG-UB] Skip duplicate onMessage: -1001714667923_4265803_in
[33m[2026-09-19T15:20:33.327] [INFO] - [Starting direct file download in chunks of 65536 at 0, stride 65536][0m
[TG-UB] NewMessage from -1001714667923 text: 佢叫哩張ma🤔
[TG-UB] Incoming message: -1001714667923 佢叫哩張ma🤔
[33m[2026-09-19T15:20:42.313] [INFO] - [Starting direct file download in chunks of 65536 at 0, stride 65536][0m
[TG-UB] Incoming message: -1001714667923 佢叫哩張ma🤔
[TG-UB] Skip duplicate onMessage: -1001714667923_4265804_in
[TG-UB] NewMessage from -1001714667923 text: 環保好
[TG-UB] Incoming message: -1001714667923 環保好
[TG-UB] Incoming message: -1001714667923 環保好
[TG-UB] Skip duplicate onMessage: -1001714667923_4265805_in
[33m[2026-09-19T15:20:50.048] [INFO] - [Starting direct file download in chunks of 65536 at 0, stride 65536][0m
[TG-UB] NewMessage from -1001714667923 text: 多謝大佬
[TG-UB] Incoming message: -1001714667923 多謝大佬
[TG-UB] Incoming message: -1001714667923 多謝大佬
[TG-UB] Skip duplicate onMessage: -1001714667923_4265806_in
[33m[2026-09-19T15:20:55.574] [INFO] - [Starting direct file download in chunks of 65536 at 0, stride 65536][0m
[TG-UB] NewMessage from -1001714667923 text: 咁冇計啦
[TG-UB] Incoming message: -1001714667923 咁冇計啦
[TG-UB] Incoming message: -1001714667923 咁冇計啦
[TG-UB] Skip duplicate onMessage: -1001714667923_4265807_in
[33m[2026-09-19T15:20:58.973] [INFO] - [Starting direct file download in chunks of 65536 at 0, stride 65536][0m
[35m[2026-09-19T15:21:28.974] [WARN] - [Disconnecting...][0m
[33m[2026-09-19T15:21:28.974] [INFO] - [Disconnecting from 91.108.56.183:443/TCPFull...][0m
[33m[2026-09-19T15:21:28.974] [INFO] - [connection closed][0m
[TG-UB] NewMessage from -1001714667923 text: 
[TG-UB] Incoming message: -1001714667923 [MessageMediaPhoto]
[TG-UB] Incoming message: -1001714667923 [MessageMediaPhoto]
[TG-UB] Skip duplicate onMessage: -1001714667923_4265808_in
[33m[2026-09-19T15:21:42.952] [INFO] - [Starting direct file download in chunks of 65536 at 0, stride 65536][0m
[33m[2026-09-19T15:21:42.952] [INFO] - [Connecting to 91.108.56.183:443/TCPFull...][0m
[33m[2026-09-19T15:21:43.018] [INFO] - [Connection to 91.108.56.183:443/TCPFull complete!][0m
[TG-UB Media DEBUG] type=MessageMediaPhoto isOut=false hasRaw=true client=undef
[TG-UB Media] Downloading msgId=4265808 type=MessageMediaPhoto rawType=Message
[33m[2026-09-19T15:21:43.172] [INFO] - [Starting direct file download in chunks of 131072 at 0, stride 131072][0m
[TG-UB Media] Download result: buf=buffer:43668
[TG-UB] Media downloaded: 26dfff16467fe45db1e2d997dd0be456.jpg
[TG-UB] Poll found message from -1001714667923 text: 咁冇計啦
[TG-UB] Incoming message: -1001714667923 咁冇計啦
[TG-UB] Skip duplicate onMessage: -1001714667923_4265807_in
[TG-UB] Poll found message from -1001714667923 text: 多謝大佬
[TG-UB] Incoming message: -1001714667923 多謝大佬
[TG-UB] Skip duplicate onMessage: -1001714667923_4265806_in
[TG-UB] Poll found message from -1001714667923 text: 環保好
[TG-UB] Incoming message: -1001714667923 環保好
[TG-UB] Skip duplicate onMessage: -1001714667923_4265805_in
[TG-UB] Poll found message from -1001714667923 text: 佢叫哩張ma🤔
[TG-UB] Incoming message: -1001714667923 佢叫哩張ma🤔
[TG-UB] Skip duplicate onMessage: -1001714667923_4265804_in
[TG-UB] Poll found message from -1001714667923 text: Meow
[TG-UB] Incoming message: -1001714667923 Meow
[TG-UB] Skip duplicate onMessage: -1001714667923_4265803_in
[TG-UB] Poll found message from -1001714667923 text: 嘩 正👍
[TG-UB] Incoming message: -1001714667923 嘩 正👍
[TG-UB] Skip duplicate onMessage: -1001714667923_4265802_in
[TG-UB] Poll found message from -1001714667923 text: 重複咗喎
[TG-UB] Incoming message: -1001714667923 重複咗喎
[TG-UB] Skip duplicate onMessage: -1001714667923_4265801_in
[TG-UB] Poll found message from -1001714667923 text: 哇
[TG-UB] Incoming message: -1001714667923 哇
[TG-UB] Skip duplicate onMessage: -1001714667923_4265800_in
[TG-UB] Poll found message from -1001714667923 text: 喂 有無閃？🤭
[TG-UB] Incoming message: -1001714667923 喂 有無閃？🤭
[TG-UB] Skip duplicate onMessage: -1001714667923_4265799_in
[TG-UB] Poll found message from -1001714667923 text: [media]
[TG-UB] Incoming message: -1001714667923 [media]
[TG-UB] Skip duplicate onMessage: -1001714667923_4265798_in
[TG-UB] Poll found message from -1001714667923 text: 俾次機會啦🫡
[TG-UB] Incoming message: -1001714667923 俾次機會啦🫡
[TG-UB] Skip duplicate onMessage: -1001714667923_4265797_in
[TG-UB] NewMessage from -1001714667923 text: 嗯
[TG-UB] Incoming message: -1001714667923 嗯
[TG-UB] Incoming message: -1001714667923 嗯
[TG-UB] Skip duplicate onMessage: -1001714667923_4265809_in
[33m[2026-09-19T15:22:01.129] [INFO] - [Starting direct file download in chunks of 65536 at 0, stride 65536][0m
[35m[2026-09-19T15:22:31.132] [WARN] - [Disconnecting...][0m
[33m[2026-09-19T15:22:31.132] [INFO] - [Disconnecting from 91.108.56.183:443/TCPFull...][0m
[33m[2026-09-19T15:22:31.132] [INFO] - [connection closed][0m
[TG-UB] NewMessage from -1001714667923 text: 起碼係真人先
[TG-UB] Incoming message: -1001714667923 起碼係真人先
[TG-UB] Incoming message: -1001714667923 起碼係真人先
[TG-UB] Skip duplicate onMessage: -1001714667923_4265810_in
[33m[2026-09-19T15:22:45.203] [INFO] - [Starting direct file download in chunks of 65536 at 0, stride 65536][0m
[33m[2026-09-19T15:22:45.204] [INFO] - [Connecting to 91.108.56.183:443/TCPFull...][0m
[33m[2026-09-19T15:22:45.270] [INFO] - [Connection to 91.108.56.183:443/TCPFull complete!][0m
[35m[2026-09-19T15:23:15.273] [WARN] - [Disconnecting...][0m
[33m[2026-09-19T15:23:15.273] [INFO] - [Disconnecting from 91.108.56.183:443/TCPFull...][0m
[33m[2026-09-19T15:23:15.274] [INFO] - [connection closed][0m
[TG-UB] Poll found message from -1001714667923 text: 起碼係真人先
[TG-UB] Incoming message: -1001714667923 起碼係真人先
[TG-UB] Skip duplicate onMessage: -1001714667923_4265810_in
[TG-UB] Poll found message from -1001714667923 text: 嗯
[TG-UB] Incoming message: -1001714667923 嗯
[TG-UB] Skip duplicate onMessage: -1001714667923_4265809_in
[TG-UB] NewMessage from -1001714667923 text: 我ai黎
[TG-UB] Incoming message: -1001714667923 我ai黎
[TG-UB] Incoming message: -1001714667923 我ai黎
[TG-UB] Skip duplicate onMessage: -1001714667923_4265811_in
[33m[2026-09-19T15:23:56.668] [INFO] - [Starting direct file download in chunks of 65536 at 0, stride 65536][0m
[33m[2026-09-19T15:23:56.668] [INFO] - [Connecting to 91.108.56.183:443/TCPFull...][0m
[33m[2026-09-19T15:23:56.735] [INFO] - [Connection to 91.108.56.183:443/TCPFull complete!][0m
[TG-UB] NewMessage from -1001714667923 text: 
[TG-UB] Incoming message: -1001714667923 [MessageMediaPhoto]
[33m[2026-09-19T15:24:07.369] [INFO] - [Starting direct file download in chunks of 65536 at 0, stride 65536][0m
[TG-UB] Incoming message: -1001714667923 [MessageMediaPhoto]
[TG-UB] Skip duplicate onMessage: -1001714667923_4265812_in
[TG-UB Media DEBUG] type=MessageMediaPhoto isOut=false hasRaw=true client=undef
[TG-UB Media] Downloading msgId=4265812 type=MessageMediaPhoto rawType=Message
[33m[2026-09-19T15:24:07.543] [INFO] - [Starting direct file download in chunks of 131072 at 0, stride 131072][0m
[TG-UB Media] Download result: buf=buffer:148489
[TG-UB] Media downloaded: 7ff5c6121c5c4df08aa73be5dbc86fc6.jpg
[TG-UB] NewMessage from -1001714667923 text: 包太實
[TG-UB] Incoming message: -1001714667923 包太實
[TG-UB] Incoming message: -1001714667923 包太實
[TG-UB] Skip duplicate onMessage: -1001714667923_4265813_in
[33m[2026-09-19T15:24:30.380] [INFO] - [Starting direct file download in chunks of 65536 at 0, stride 65536][0m
[TG-UB] NewMessage from -1001714667923 text: 個咀真系好靚
[TG-UB] Incoming message: -1001714667923 個咀真系好靚
[TG-UB] Incoming message: -1001714667923 個咀真系好靚
[TG-UB] Skip duplicate onMessage: -1001714667923_4265814_in
[33m[2026-09-19T15:24:44.083] [INFO] - [Starting direct file download in chunks of 65536 at 0, stride 65536][0m
[TG-UB] NewMessage from -1001714667923 text: 完全唔介意
[TG-UB] Incoming message: -1001714667923 完全唔介意
[TG-UB] Incoming message: -1001714667923 完全唔介意
[TG-UB] Skip duplicate onMessage: -1001714667923_4265815_in
[33m[2026-09-19T15:24:55.926] [INFO] - [Starting direct file download in chunks of 65536 at 0, stride 65536][0m
[TG-UB] NewMessage from -1001714667923 text: 好可愛
[TG-UB] Incoming message: -1001714667923 好可愛
[TG-UB] Incoming message: -1001714667923 好可愛
[TG-UB] Skip duplicate onMessage: -1001714667923_4265816_in
[33m[2026-09-19T15:24:57.473] [INFO] - [Starting direct file download in chunks of 65536 at 0, stride 65536][0m
[TG-UB] NewMessage from -1001714667923 text: 嘩 好lady
[TG-UB] Incoming message: -1001714667923 嘩 好lady
[TG-UB] Incoming message: -1001714667923 嘩 好lady
[TG-UB] Skip duplicate onMessage: -1001714667923_4265817_in
[33m[2026-09-19T15:25:10.449] [INFO] - [Starting direct file download in chunks of 65536 at 0, stride 65536][0m
[TG-UB] NewMessage from -1001714667923 text: 出街，唔算實吧
[TG-UB] Incoming message: -1001714667923 出街，唔算實吧
[TG-UB] Incoming message: -1001714667923 出街，唔算實吧
[TG-UB] Skip duplicate onMessage: -1001714667923_4265818_in
[33m[2026-09-19T15:25:22.207] [INFO] - [Starting direct file download in chunks of 65536 at 0, stride 65536][0m
[TG-UB] NewMessage from -1001714667923 text: 有女睇就得啦😂
[TG-UB] Incoming message: -1001714667923 有女睇就得啦😂
[TG-UB] Incoming message: -1001714667923 有女睇就得啦😂
[TG-UB] Skip duplicate onMessage: -1001714667923_4265819_in
[33m[2026-09-19T15:25:24.447] [INFO] - [Starting direct file download in chunks of 65536 at 0, stride 65536][0m
[Automation Scheduler] Running check at 2026-09-19T15:25:50.070Z
[TG-UB] Poll found message from -1001714667923 text: 有女睇就得啦😂
[TG-UB] Incoming message: -1001714667923 有女睇就得啦😂
[TG-UB] Skip duplicate onMessage: -1001714667923_4265819_in
[TG-UB] Poll found message from -1001714667923 text: 出街，唔算實吧
[TG-UB] Incoming message: -1001714667923 出街，唔算實吧
[TG-UB] Skip duplicate onMessage: -1001714667923_4265818_in
[TG-UB] Poll found message from -1001714667923 text: 嘩 好lady
[TG-UB] Incoming message: -1001714667923 嘩 好lady
[TG-UB] Skip duplicate onMessage: -1001714667923_4265817_in
[TG-UB] Poll found message from -1001714667923 text: 好可愛
[TG-UB] Incoming message: -1001714667923 好可愛
[TG-UB] Skip duplicate onMessage: -1001714667923_4265816_in
[TG-UB] Poll found message from -1001714667923 text: 完全唔介意
[TG-UB] Incoming message: -1001714667923 完全唔介意
[TG-UB] Skip duplicate onMessage: -1001714667923_4265815_in
[TG-UB] Poll found message from -1001714667923 text: 個咀真系好靚
[TG-UB] Incoming message: -1001714667923 個咀真系好靚
[TG-UB] Skip duplicate onMessage: -1001714667923_4265814_in
[TG-UB] Poll found message from -1001714667923 text: 包太實
[TG-UB] Incoming message: -1001714667923 包太實
[TG-UB] Skip duplicate onMessage: -1001714667923_4265813_in
[TG-UB] Poll found message from -1001714667923 text: [media]
[TG-UB] Incoming message: -1001714667923 [media]
[TG-UB] Skip duplicate onMessage: -1001714667923_4265812_in
[TG-UB] Poll found message from -1001714667923 text: 我ai黎
[TG-UB] Incoming message: -1001714667923 我ai黎
[TG-UB] Skip duplicate onMessage: -1001714667923_4265811_in
[35m[2026-09-19T15:25:54.448] [WARN] - [Disconnecting...][0m
[33m[2026-09-19T15:25:54.448] [INFO] - [Disconnecting from 91.108.56.183:443/TCPFull...][0m
[33m[2026-09-19T15:25:54.448] [INFO] - [connection closed][0m
[TG-UB] NewMessage from -1001714667923 text: 冇錯，有靚女睇就得😂
[TG-UB] Incoming message: -1001714667923 冇錯，有靚女睇就得😂
[TG-UB] Incoming message: -1001714667923 冇錯，有靚女睇就得😂
[TG-UB] Skip duplicate onMessage: -1001714667923_4265820_in
[33m[2026-09-19T15:26:00.267] [INFO] - [Starting direct file download in chunks of 65536 at 0, stride 65536][0m
[33m[2026-09-19T15:26:00.267] [INFO] - [Connecting to 91.108.56.183:443/TCPFull...][0m
[33m[2026-09-19T15:26:00.334] [INFO] - [Connection to 91.108.56.183:443/TCPFull complete!][0m
[TG-UB] NewMessage from -1001714667923 text: 條仔褲頭實
[TG-UB] Incoming message: -1001714667923 條仔褲頭實
[TG-UB] Incoming message: -1001714667923 條仔褲頭實
[TG-UB] Skip duplicate onMessage: -1001714667923_4265821_in
[33m[2026-09-19T15:26:23.387] [INFO] - [Starting direct file download in chunks of 65536 at 0, stride 65536][0m
[TG-UB] NewMessage from -1001714667923 text: 用咀解開？
[TG-UB] Incoming message: -1001714667923 用咀解開？
[TG-UB] Incoming message: -1001714667923 用咀解開？
[TG-UB] Skip duplicate onMessage: -1001714667923_4265822_in
[33m[2026-09-19T15:26:43.443] [INFO] - [Starting direct file download in chunks of 65536 at 0, stride 65536][0m
[35m[2026-09-19T15:27:13.444] [WARN] - [Disconnecting...][0m
[33m[2026-09-19T15:27:13.445] [INFO] - [Disconnecting from 91.108.56.183:443/TCPFull...][0m
[33m[2026-09-19T15:27:13.445] [INFO] - [connection closed][0m
[TG-UB] NewMessage from -1001714667923 text: 
[TG-UB] Incoming message: -1001714667923 [MessageMediaPhoto]
[TG-UB] Incoming message: -1001714667923 [MessageMediaPhoto]
[TG-UB] Skip duplicate onMessage: -1001714667923_4265823_in
[33m[2026-09-19T15:27:38.546] [INFO] - [Starting direct file download in chunks of 65536 at 0, stride 65536][0m
[33m[2026-09-19T15:27:38.546] [INFO] - [Connecting to 91.108.56.183:443/TCPFull...][0m
[33m[2026-09-19T15:27:38.613] [INFO] - [Connection to 91.108.56.183:443/TCPFull complete!][0m
[TG-UB Media DEBUG] type=MessageMediaPhoto isOut=false hasRaw=true client=undef
[TG-UB Media] Downloading msgId=4265823 type=MessageMediaPhoto rawType=Message
[33m[2026-09-19T15:27:38.767] [INFO] - [Starting direct file download in chunks of 131072 at 0, stride 131072][0m
[TG-UB Media] Download result: buf=buffer:40438
[TG-UB] Media downloaded: fe3d9eb6feba890d0430b7120c9f2e16.jpg
[TG-UB] Poll found message from -1001714667923 text: [media]
[TG-UB] Incoming message: -1001714667923 [media]
[TG-UB] Skip duplicate onMessage: -1001714667923_4265823_in
[TG-UB] Poll found message from -1001714667923 text: 用咀解開？
[TG-UB] Incoming message: -1001714667923 用咀解開？
[TG-UB] Skip duplicate onMessage: -1001714667923_4265822_in
[TG-UB] Poll found message from -1001714667923 text: 條仔褲頭實
[TG-UB] Incoming message: -1001714667923 條仔褲頭實
[TG-UB] Skip duplicate onMessage: -1001714667923_4265821_in
[TG-UB] Poll found message from -1001714667923 text: 冇錯，有靚女睇就得😂
[TG-UB] Incoming message: -1001714667923 冇錯，有靚女睇就得😂
[TG-UB] Skip duplicate onMessage: -1001714667923_4265820_in
[35m[2026-09-19T15:28:08.769] [WARN] - [Disconnecting...][0m
[33m[2026-09-19T15:28:08.769] [INFO] - [Disconnecting from 91.108.56.183:443/TCPFull...][0m
[33m[2026-09-19T15:28:08.769] [INFO] - [connection closed][0m
[TG-UB] NewMessage from -1001714667923 text: 晒到雙色手😂
[TG-UB] Incoming message: -1001714667923 晒到雙色手😂
[TG-UB] Incoming message: -1001714667923 晒到雙色手😂
[TG-UB] Skip duplicate onMessage: -1001714667923_4265824_in
[33m[2026-09-19T15:28:35.314] [INFO] - [Starting direct file download in chunks of 65536 at 0, stride 65536][0m
[33m[2026-09-19T15:28:35.314] [INFO] - [Connecting to 91.108.56.183:443/TCPFull...][0m
[33m[2026-09-19T15:28:35.381] [INFO] - [Connection to 91.108.56.183:443/TCPFull complete!][0m
[35m[2026-09-19T15:29:05.385] [WARN] - [Disconnecting...][0m
[33m[2026-09-19T15:29:05.385] [INFO] - [Disconnecting from 91.108.56.183:443/TCPFull...][0m
[33m[2026-09-19T15:29:05.385] [INFO] - [connection closed][0m
[TG-UB] Poll found message from -1001714667923 text: 晒到雙色手😂
[TG-UB] Incoming message: -1001714667923 晒到雙色手😂
[TG-UB] Skip duplicate onMessage: -1001714667923_4265824_in
[TG-UB] NewMessage from -1001714667923 text: 點解概
[TG-UB] Incoming message: -1001714667923 點解概
[TG-UB] Incoming message: -1001714667923 點解概
[TG-UB] Skip duplicate onMessage: -1001714667923_4265825_in
[33m[2026-09-19T15:30:18.262] [INFO] - [Starting direct file download in chunks of 65536 at 0, stride 65536][0m
[33m[2026-09-19T15:30:18.262] [INFO] - [Connecting to 91.108.56.183:443/TCPFull...][0m
[33m[2026-09-19T15:30:18.328] [INFO] - [Connection to 91.108.56.183:443/TCPFull complete!][0m
[35m[2026-09-19T15:30:48.329] [WARN] - [Disconnecting...][0m
[33m[2026-09-19T15:30:48.329] [INFO] - [Disconnecting from 91.108.56.183:443/TCPFull...][0m
[33m[2026-09-19T15:30:48.330] [INFO] - [connection closed][0m
[TG-UB] NewMessage from -1001714667923 text: 師兄返地盤？
[TG-UB] Incoming message: -1001714667923 師兄返地盤？
[TG-UB] Incoming message: -1001714667923 師兄返地盤？
[TG-UB] Skip duplicate onMessage: -1001714667923_4265826_in
[33m[2026-09-19T15:31:37.640] [INFO] - [Starting direct file download in chunks of 65536 at 0, stride 65536][0m
[33m[2026-09-19T15:31:37.640] [INFO] - [Connecting to 91.108.56.183:443/TCPFull...][0m
[33m[2026-09-19T15:31:37.706] [INFO] - [Connection to 91.108.56.183:443/TCPFull complete!][0m
[TG-UB] Poll found message from -1001714667923 text: 師兄返地盤？
[TG-UB] Incoming message: -1001714667923 師兄返地盤？
[TG-UB] Skip duplicate onMessage: -1001714667923_4265826_in
[TG-UB] Poll found message from -1001714667923 text: 點解概
[TG-UB] Incoming message: -1001714667923 點解概
[TG-UB] Skip duplicate onMessage: -1001714667923_4265825_in
[35m[2026-09-19T15:32:07.707] [WARN] - [Disconnecting...][0m
[33m[2026-09-19T15:32:07.707] [INFO] - [Disconnecting from 91.108.56.183:443/TCPFull...][0m
[33m[2026-09-19T15:32:07.707] [INFO] - [connection closed][0m
[TG-UB] NewMessage from -1001714667923 text: 晒陽光浴😂
[TG-UB] Incoming message: -1001714667923 晒陽光浴😂
[TG-UB] Incoming message: -1001714667923 晒陽光浴😂
[TG-UB] Skip duplicate onMessage: -1001714667923_4265827_in
[33m[2026-09-19T15:32:17.383] [INFO] - [Starting direct file download in chunks of 65536 at 0, stride 65536][0m
[33m[2026-09-19T15:32:17.383] [INFO] - [Connecting to 91.108.56.183:443/TCPFull...][0m
[33m[2026-09-19T15:32:17.450] [INFO] - [Connection to 91.108.56.183:443/TCPFull complete!][0m
[TG-UB] NewMessage from -1001714667923 text: 一時時，唔全系
[TG-UB] Incoming message: -1001714667923 一時時，唔全系
[TG-UB] Incoming message: -1001714667923 一時時，唔全系
[TG-UB] Skip duplicate onMessage: -1001714667923_4265828_in
[33m[2026-09-19T15:32:42.705] [INFO] - [Starting direct file download in chunks of 65536 at 0, stride 65536][0m
[TG-UB] NewMessage from -1001714667923 text: 唔好咁猴急 人多
[TG-UB] Incoming message: -1001714667923 唔好咁猴急 人多
[TG-UB] Incoming message: -1001714667923 唔好咁猴急 人多
[TG-UB] Skip duplicate onMessage: -1001714667923_4265829_in
[33m[2026-09-19T15:32:46.495] [INFO] - [Starting direct file download in chunks of 65536 at 0, stride 65536][0m
[TG-UB] NewMessage from -1001714667923 text: 咁個人陽光d?
[TG-UB] Incoming message: -1001714667923 咁個人陽光d?
[TG-UB] Incoming message: -1001714667923 咁個人陽光d?
[TG-UB] Skip duplicate onMessage: -1001714667923_4265830_in
[33m[2026-09-19T15:32:47.566] [INFO] - [Starting direct file download in chunks of 65536 at 0, stride 65536][0m
[35m[2026-09-19T15:33:17.567] [WARN] - [Disconnecting...][0m
[33m[2026-09-19T15:33:17.568] [INFO] - [Disconnecting from 91.108.56.183:443/TCPFull...][0m
[33m[2026-09-19T15:33:17.568] [INFO] - [connection closed][0m
[TG-UB] NewMessage from -1001714667923 text: 做下心心手啫 唔駛下下一埋就含
[TG-UB] Incoming message: -1001714667923 做下心心手啫 唔駛下下一埋就含
[TG-UB] Incoming message: -1001714667923 做下心心手啫 唔駛下下一埋就含
[TG-UB] Skip duplicate onMessage: -1001714667923_4265831_in
[33m[2026-09-19T15:33:30.097] [INFO] - [Starting direct file download in chunks of 65536 at 0, stride 65536][0m
[33m[2026-09-19T15:33:30.097] [INFO] - [Connecting to 91.108.56.183:443/TCPFull...][0m
[33m[2026-09-19T15:33:30.164] [INFO] - [Connection to 91.108.56.183:443/TCPFull complete!][0m
[TG-UB] NewMessage from -1001714667923 text: 
[TG-UB] Incoming message: -1001714667923 [MessageMediaDocument]
[TG-UB] Incoming message: -1001714667923 [MessageMediaDocument]
[TG-UB] Skip duplicate onMessage: -1001714667923_4265832_in
[33m[2026-09-19T15:33:40.732] [INFO] - [Starting direct file download in chunks of 65536 at 0, stride 65536][0m
[TG-UB Media DEBUG] type=MessageMediaDocument isOut=false hasRaw=true client=undef
[TG-UB Media] Downloading msgId=4265832 type=MessageMediaDocument rawType=Message
[33m[2026-09-19T15:33:40.840] [INFO] - [Starting direct file download in chunks of 131072 at 0, stride 131072][0m
[33m[2026-09-19T15:33:40.841] [INFO] - [Connecting to 149.154.175.56:443/TCPFull...][0m
[33m[2026-09-19T15:33:41.042] [INFO] - [Connection to 149.154.175.56:443/TCPFull complete!][0m
[33m[2026-09-19T15:33:41.254] [INFO] - [File lives in another DC][0m
[TG-UB Media] Download result: buf=buffer:18476
[TG-UB] Media downloaded: 652893ee3d2a887743b524a2956ecd95.jpg
[TG-UB] Poll found message from -1001714667923 text: [media]
[TG-UB] Incoming message: -1001714667923 [media]
[TG-UB] Skip duplicate onMessage: -1001714667923_4265832_in
[TG-UB] Poll found message from -1001714667923 text: 做下心心手啫 唔駛下下一埋就含
[TG-UB] Incoming message: -1001714667923 做下心心手啫 唔駛下下一埋就含
[TG-UB] Skip duplicate onMessage: -1001714667923_4265831_in
[TG-UB] Poll found message from -1001714667923 text: 咁個人陽光d?
[TG-UB] Incoming message: -1001714667923 咁個人陽光d?
[TG-UB] Skip duplicate onMessage: -1001714667923_4265830_in
[TG-UB] Poll found message from -1001714667923 text: 唔好咁猴急 人多
[TG-UB] Incoming message: -1001714667923 唔好咁猴急 人多
[TG-UB] Skip duplicate onMessage: -1001714667923_4265829_in
[TG-UB] Poll found message from -1001714667923 text: 一時時，唔全系
[TG-UB] Incoming message: -1001714667923 一時時，唔全系
[TG-UB] Skip duplicate onMessage: -1001714667923_4265828_in
[TG-UB] Poll found message from -1001714667923 text: 晒陽光浴😂
[TG-UB] Incoming message: -1001714667923 晒陽光浴😂
[TG-UB] Skip duplicate onMessage: -1001714667923_4265827_in
[TG-UB] NewMessage from -1001714667923 text: 睇上去古天樂咁嘅膚色😂算唔算陽光
[TG-UB] Incoming message: -1001714667923 睇上去古天樂咁嘅膚色😂算唔算陽光
[TG-UB] Incoming message: -1001714667923 睇上去古天樂咁嘅膚色😂算唔算陽光
[TG-UB] Skip duplicate onMessage: -1001714667923_4265833_in
[33m[2026-09-19T15:34:05.872] [INFO] - [Starting direct file download in chunks of 65536 at 0, stride 65536][0m
[35m[2026-09-19T15:34:11.045] [WARN] - [Disconnecting...][0m
[33m[2026-09-19T15:34:11.045] [INFO] - [Disconnecting from 149.154.175.56:443/TCPFull...][0m
[33m[2026-09-19T15:34:11.045] [INFO] - [connection closed][0m
[35m[2026-09-19T15:34:35.873] [WARN] - [Disconnecting...][0m
[33m[2026-09-19T15:34:35.873] [INFO] - [Disconnecting from 91.108.56.183:443/TCPFull...][0m
[33m[2026-09-19T15:34:35.873] [INFO] - [connection closed][0m
[TG-UB] NewMessage from -1001714667923 text: 算
[TG-UB] Incoming message: -1001714667923 算
[TG-UB] Incoming message: -1001714667923 算
[TG-UB] Skip duplicate onMessage: -1001714667923_4265834_in
[33m[2026-09-19T15:34:47.106] [INFO] - [Starting direct file download in chunks of 65536 at 0, stride 65536][0m
[33m[2026-09-19T15:34:47.106] [INFO] - [Connecting to 91.108.56.183:443/TCPFull...][0m
[33m[2026-09-19T15:34:47.173] [INFO] - [Connection to 91.108.56.183:443/TCPFull complete!][0m
[35m[2026-09-19T15:35:17.173] [WARN] - [Disconnecting...][0m
[33m[2026-09-19T15:35:17.173] [INFO] - [Disconnecting from 91.108.56.183:443/TCPFull...][0m
[33m[2026-09-19T15:35:17.174] [INFO] - [connection closed][0m
[TG-UB] NewMessage from -1001714667923 text: 咁樣總算有啲安慰😂😂冇香晒
[TG-UB] Incoming message: -1001714667923 咁樣總算有啲安慰😂😂冇香晒
[TG-UB] Incoming message: -1001714667923 咁樣總算有啲安慰😂😂冇香晒
[TG-UB] Skip duplicate onMessage: -1001714667923_4265835_in
[33m[2026-09-19T15:35:38.185] [INFO] - [Starting direct file download in chunks of 65536 at 0, stride 65536][0m
[33m[2026-09-19T15:35:38.186] [INFO] - [Connecting to 91.108.56.183:443/TCPFull...][0m
[33m[2026-09-19T15:35:38.252] [INFO] - [Connection to 91.108.56.183:443/TCPFull complete!][0m
[TG-UB] Poll found message from -1001714667923 text: 算
[TG-UB] Incoming message: -1001714667923 算
[TG-UB] Skip duplicate onMessage: -1001714667923_4265834_in
[TG-UB] Poll found message from -1001714667923 text: 睇上去古天樂咁嘅膚色😂算唔算陽光
[TG-UB] Incoming message: -1001714667923 睇上去古天樂咁嘅膚色😂算唔算陽光
[TG-UB] Skip duplicate onMessage: -1001714667923_4265833_in
[35m[2026-09-19T15:36:08.253] [WARN] - [Disconnecting...][0m
[33m[2026-09-19T15:36:08.253] [INFO] - [Disconnecting from 91.108.56.183:443/TCPFull...][0m
[33m[2026-09-19T15:36:08.253] [INFO] - [connection closed][0m
[TG-UB] NewMessage from -1001714667923 text: 咁都算有啲安慰😂😂冇白晒
[TG-UB] Incoming message: -1001714667923 咁都算有啲安慰😂😂冇白晒
[TG-UB] Incoming message: -1001714667923 咁都算有啲安慰😂😂冇白晒
[TG-UB] Skip duplicate onMessage: -1001714667923_4265836_in
[33m[2026-09-19T15:36:11.031] [INFO] - [Starting direct file download in chunks of 65536 at 0, stride 65536][0m
[33m[2026-09-19T15:36:11.031] [INFO] - [Connecting to 91.108.56.183:443/TCPFull...][0m
[33m[2026-09-19T15:36:11.097] [INFO] - [Connection to 91.108.56.183:443/TCPFull complete!][0m
[TG-UB] NewMessage from -1001714667923 text: 男人曬黑無人睇
[TG-UB] Incoming message: -1001714667923 男人曬黑無人睇
[TG-UB] Incoming message: -1001714667923 男人曬黑無人睇
[TG-UB] Skip duplicate onMessage: -1001714667923_4265837_in
[33m[2026-09-19T15:36:32.819] [INFO] - [Starting direct file download in chunks of 65536 at 0, stride 65536][0m
[TG-UB] NewMessage from -1001714667923 text: 女人就有
[TG-UB] Incoming message: -1001714667923 女人就有
[TG-UB] Incoming message: -1001714667923 女人就有
[TG-UB] Skip duplicate onMessage: -1001714667923_4265838_in
[33m[2026-09-19T15:36:38.068] [INFO] - [Starting direct file download in chunks of 65536 at 0, stride 65536][0m
[TG-UB] NewMessage from -1001714667923 text: 真
[TG-UB] Incoming message: -1001714667923 真
[TG-UB] Incoming message: -1001714667923 真
[TG-UB] Skip duplicate onMessage: -1001714667923_4265839_in
[33m[2026-09-19T15:36:47.820] [INFO] - [Starting direct file download in chunks of 65536 at 0, stride 65536][0m
[TG-UB] NewMessage from -1001714667923 text: 
[TG-UB] Incoming message: -1001714667923 [MessageMediaPhoto]
[TG-UB] Incoming message: -1001714667923 [MessageMediaPhoto]
[TG-UB] Skip duplicate onMessage: -1001714667923_4265840_in
[33m[2026-09-19T15:36:51.825] [INFO] - [Starting direct file download in chunks of 65536 at 0, stride 65536][0m
[TG-UB Media DEBUG] type=MessageMediaPhoto isOut=false hasRaw=true client=undef
[TG-UB Media] Downloading msgId=4265840 type=MessageMediaPhoto rawType=Message
[33m[2026-09-19T15:36:51.999] [INFO] - [Starting direct file download in chunks of 131072 at 0, stride 131072][0m
[TG-UB Media] Download result: buf=buffer:65125
[TG-UB] Media downloaded: aeb61536c8f93b5477dd537fc7d57d7d.jpg
[TG-UB] NewMessage from -1001714667923 text: 呃人果個 Jkoo Hhhh 應我機啦😂😂
[TG-UB] Incoming message: -1001714667923 呃人果個 Jkoo Hhhh 應我機啦😂😂
[TG-UB] Incoming message: -1001714667923 呃人果個 Jkoo Hhhh 應我機啦😂😂
[TG-UB] Skip duplicate onMessage: -1001714667923_4265841_in
[33m[2026-09-19T15:36:58.160] [INFO] - [Starting direct file download in chunks of 65536 at 0, stride 65536][0m
[TG-UB] NewMessage from -1001714667923 text: 魚網絲
[TG-UB] Incoming message: -1001714667923 魚網絲
[TG-UB] Incoming message: -1001714667923 魚網絲
[TG-UB] Skip duplicate onMessage: -1001714667923_4265842_in
[TG-UB] NewMessage from -1001714667923 text: 咁曬J有冇人睇😂
[TG-UB] Incoming message: -1001714667923 咁曬J有冇人睇😂
[33m[2026-09-19T15:37:09.569] [INFO] - [Starting direct file download in chunks of 65536 at 0, stride 65536][0m
[33m[2026-09-19T15:37:09.779] [INFO] - [Starting direct file download in chunks of 65536 at 0, stride 65536][0m
[TG-UB] Incoming message: -1001714667923 咁曬J有冇人睇😂
[TG-UB] Skip duplicate onMessage: -1001714667923_4265843_in
[TG-UB] NewMessage from -1001714667923 text: 睇
[TG-UB] Incoming message: -1001714667923 睇
[TG-UB] Incoming message: -1001714667923 睇
[TG-UB] Skip duplicate onMessage: -1001714667923_4265844_in
[33m[2026-09-19T15:37:22.570] [INFO] - [Starting direct file download in chunks of 65536 at 0, stride 65536][0m
[TG-UB] NewMessage from -1001714667923 text: 假漁網wow
[TG-UB] Incoming message: -1001714667923 假漁網wow
[TG-UB] Incoming message: -1001714667923 假漁網wow
[TG-UB] Skip duplicate onMessage: -1001714667923_4265845_in
[33m[2026-09-19T15:37:27.960] [INFO] - [Starting direct file download in chunks of 65536 at 0, stride 65536][0m
[TG-UB] NewMessage from -1001714667923 text: J死
[TG-UB] Incoming message: -1001714667923 J死
[TG-UB] Incoming message: -1001714667923 J死
[TG-UB] Skip duplicate onMessage: -1001714667923_4265846_in
[33m[2026-09-19T15:37:35.575] [INFO] - [Starting direct file download in chunks of 65536 at 0, stride 65536][0m
[TG-UB] NewMessage from -1001714667923 text: 長嘅有
有鳩屎嘅 都有🤭
[TG-UB] Incoming message: -1001714667923 長嘅有
有鳩屎嘅 都有🤭
[TG-UB] Incoming message: -1001714667923 長嘅有
有鳩屎嘅 都有🤭
[TG-UB] Skip duplicate onMessage: -1001714667923_4265847_in
[33m[2026-09-19T15:37:36.259] [INFO] - [Starting direct file download in chunks of 65536 at 0, stride 65536][0m
[TG-UB] NewMessage from -1001714667923 text: 
[TG-UB] Incoming message: -1001714667923 [MessageMediaPhoto]
[TG-UB] Incoming message: -1001714667923 [MessageMediaPhoto]
[TG-UB] Skip duplicate onMessage: -1001714667923_4265848_in
[33m[2026-09-19T15:37:52.180] [INFO] - [Starting direct file download in chunks of 65536 at 0, stride 65536][0m
[TG-UB Media DEBUG] type=MessageMediaPhoto isOut=false hasRaw=true client=undef
[TG-UB Media] Downloading msgId=4265848 type=MessageMediaPhoto rawType=Message
[33m[2026-09-19T15:37:52.294] [INFO] - [Starting direct file download in chunks of 131072 at 0, stride 131072][0m
[TG-UB Media] Download result: buf=buffer:33063
[TG-UB] Media downloaded: 35b653d99da21df6e6ef78ac06260888.jpg
[TG-UB] Poll found message from -1001714667923 text: [media]
[TG-UB] Incoming message: -1001714667923 [media]
[TG-UB] Skip duplicate onMessage: -1001714667923_4265848_in
[TG-UB] Poll found message from -1001714667923 text: 長嘅有
有鳩屎嘅 都有🤭
[TG-UB] Incoming message: -1001714667923 長嘅有
有鳩屎嘅 都有🤭
[TG-UB] Skip duplicate onMessage: -1001714667923_4265847_in
[TG-UB] Poll found message from -1001714667923 text: J死
[TG-UB] Incoming message: -1001714667923 J死
[TG-UB] Skip duplicate onMessage: -1001714667923_4265846_in
[TG-UB] Poll found message from -1001714667923 text: 假漁網wow
[TG-UB] Incoming message: -1001714667923 假漁網wow
[TG-UB] Skip duplicate onMessage: -1001714667923_4265845_in
[TG-UB] Poll found message from -1001714667923 text: 睇
[TG-UB] Incoming message: -1001714667923 睇
[TG-UB] Skip duplicate onMessage: -1001714667923_4265844_in
[TG-UB] Poll found message from -1001714667923 text: 咁曬J有冇人睇😂
[TG-UB] Incoming message: -1001714667923 咁曬J有冇人睇😂
[TG-UB] Skip duplicate onMessage: -1001714667923_4265843_in
[TG-UB] Poll found message from -1001714667923 text: 魚網絲
[TG-UB] Incoming message: -1001714667923 魚網絲
[TG-UB] Skip duplicate onMessage: -1001714667923_4265842_in
[TG-UB] Poll found message from -1001714667923 text: 呃人果個 Jkoo Hhhh 應我機啦😂😂
[TG-UB] Incoming message: -1001714667923 呃人果個 Jkoo Hhhh 應我機啦😂😂
[TG-UB] Skip duplicate onMessage: -1001714667923_4265841_in
[TG-UB] Poll found message from -1001714667923 text: [media]
[TG-UB] Incoming message: -1001714667923 [media]
[TG-UB] Skip duplicate onMessage: -1001714667923_4265840_in
[TG-UB] Poll found message from -1001714667923 text: 真
[TG-UB] Incoming message: -1001714667923 真
[TG-UB] Skip duplicate onMessage: -1001714667923_4265839_in
[TG-UB] Poll found message from -1001714667923 text: 女人就有
[TG-UB] Incoming message: -1001714667923 女人就有
[TG-UB] Skip duplicate onMessage: -1001714667923_4265838_in
[TG-UB] Poll found message from -1001714667923 text: 男人曬黑無人睇
[TG-UB] Incoming message: -1001714667923 男人曬黑無人睇
[TG-UB] Skip duplicate onMessage: -1001714667923_4265837_in
[TG-UB] Poll found message from -1001714667923 text: 咁都算有啲安慰😂😂冇白晒
[TG-UB] Incoming message: -1001714667923 咁都算有啲安慰😂😂冇白晒
[TG-UB] Skip duplicate onMessage: -1001714667923_4265836_in
[TG-UB] NewMessage from -1001714667923 text: 曬傷🤭
[TG-UB] Incoming message: -1001714667923 曬傷🤭
[TG-UB] Incoming message: -1001714667923 曬傷🤭
[TG-UB] Skip duplicate onMessage: -1001714667923_4265849_in
[33m[2026-09-19T15:37:58.131] [INFO] - [Starting direct file download in chunks of 65536 at 0, stride 65536][0m
[TG-UB] NewMessage from -1001714667923 text: 咁就唔得啦😂
[TG-UB] Incoming message: -1001714667923 咁就唔得啦😂
[TG-UB] Incoming message: -1001714667923 咁就唔得啦😂
[TG-UB] Skip duplicate onMessage: -1001714667923_4265850_in
[33m[2026-09-19T15:38:02.762] [INFO] - [Starting direct file download in chunks of 65536 at 0, stride 65536][0m
[TG-UB] NewMessage from -1001714667923 text: 兩樣我都冇
[TG-UB] Incoming message: -1001714667923 兩樣我都冇
[TG-UB] Incoming message: -1001714667923 兩樣我都冇
[TG-UB] Skip duplicate onMessage: -1001714667923_4265851_in
[33m[2026-09-19T15:38:06.170] [INFO] - [Starting direct file download in chunks of 65536 at 0, stride 65536][0m
[TG-UB] NewMessage from -1001714667923 text: 覬腳
[TG-UB] Incoming message: -1001714667923 覬腳
[TG-UB] Incoming message: -1001714667923 覬腳
[TG-UB] Skip duplicate onMessage: -1001714667923_4265852_in
[33m[2026-09-19T15:38:10.064] [INFO] - [Starting direct file download in chunks of 65536 at 0, stride 65536][0m
[TG-UB] NewMessage from -1001714667923 text: 堅
[TG-UB] Incoming message: -1001714667923 堅
[TG-UB] Incoming message: -1001714667923 堅
[TG-UB] Skip duplicate onMessage: -1001714667923_4265853_in
[33m[2026-09-19T15:38:22.643] [INFO] - [Starting direct file download in chunks of 65536 at 0, stride 65536][0m
[TG-UB] NewMessage from -1001714667923 text: 慳絲襪錢🤭
[TG-UB] Incoming message: -1001714667923 慳絲襪錢🤭
[TG-UB] Incoming message: -1001714667923 慳絲襪錢🤭
[TG-UB] Skip duplicate onMessage: -1001714667923_4265854_in
[33m[2026-09-19T15:38:36.377] [INFO] - [Starting direct file download in chunks of 65536 at 0, stride 65536][0m
[TG-UB] NewMessage from -1001714667923 text: 呢個真係正😍😍
[TG-UB] Incoming message: -1001714667923 呢個真係正😍😍
[TG-UB] Incoming message: -1001714667923 呢個真係正😍😍
[TG-UB] Skip duplicate onMessage: -1001714667923_4265855_in
[33m[2026-09-19T15:38:38.957] [INFO] - [Starting direct file download in chunks of 65536 at 0, stride 65536][0m
[TG-UB] NewMessage from -1001714667923 text: 🥲🥲
[TG-UB] Incoming message: -1001714667923 🥲🥲
[TG-UB] Incoming message: -1001714667923 🥲🥲
[TG-UB] Skip duplicate onMessage: -1001714667923_4265856_in
[33m[2026-09-19T15:38:50.070] [INFO] - [Starting direct file download in chunks of 65536 at 0, stride 65536][0m
[TG-UB] NewMessage from -1001714667923 text: 你玩開sm喎🤭
[TG-UB] Incoming message: -1001714667923 你玩開sm喎🤭
[TG-UB] Incoming message: -1001714667923 你玩開sm喎🤭
[TG-UB] Skip duplicate onMessage: -1001714667923_4265857_in
[33m[2026-09-19T15:38:57.656] [INFO] - [Starting direct file download in chunks of 65536 at 0, stride 65536][0m
[TG-UB] NewMessage from -1001714667923 text: 嘩
[TG-UB] Incoming message: -1001714667923 嘩
[TG-UB] Incoming message: -1001714667923 嘩
[TG-UB] Skip duplicate onMessage: -1001714667923_4265858_in
[33m[2026-09-19T15:39:13.278] [INFO] - [Starting direct file download in chunks of 65536 at 0, stride 65536][0m
[TG-UB] NewMessage from -1001714667923 text: 邊個講，冇咁嘅事
[TG-UB] Incoming message: -1001714667923 邊個講，冇咁嘅事
[TG-UB] Incoming message: -1001714667923 邊個講，冇咁嘅事
[TG-UB] Skip duplicate onMessage: -1001714667923_4265859_in
[TG-UB] NewMessage from -1001714667923 text: 紅卜卜
[TG-UB] Incoming message: -1001714667923 紅卜卜
[33m[2026-09-19T15:39:25.563] [INFO] - [Starting direct file download in chunks of 65536 at 0, stride 65536][0m
[33m[2026-09-19T15:39:25.766] [INFO] - [Starting direct file download in chunks of 65536 at 0, stride 65536][0m
[TG-UB] Incoming message: -1001714667923 紅卜卜
[TG-UB] Skip duplicate onMessage: -1001714667923_4265860_in
[TG-UB] Poll found message from -1001714667923 text: 紅卜卜
[TG-UB] Incoming message: -1001714667923 紅卜卜
[TG-UB] Skip duplicate onMessage: -1001714667923_4265860_in
[TG-UB] Poll found message from -1001714667923 text: 邊個講，冇咁嘅事
[TG-UB] Incoming message: -1001714667923 邊個講，冇咁嘅事
[TG-UB] Skip duplicate onMessage: -1001714667923_4265859_in
[TG-UB] Poll found message from -1001714667923 text: 嘩
[TG-UB] Incoming message: -1001714667923 嘩
[TG-UB] Skip duplicate onMessage: -1001714667923_4265858_in
[TG-UB] Poll found message from -1001714667923 text: 你玩開sm喎🤭
[TG-UB] Incoming message: -1001714667923 你玩開sm喎🤭
[TG-UB] Skip duplicate onMessage: -1001714667923_4265857_in
[TG-UB] Poll found message from -1001714667923 text: 🥲🥲
[TG-UB] Incoming message: -1001714667923 🥲🥲
[TG-UB] Skip duplicate onMessage: -1001714667923_4265856_in
[TG-UB] Poll found message from -1001714667923 text: 呢個真係正😍😍
[TG-UB] Incoming message: -1001714667923 呢個真係正😍😍
[TG-UB] Skip duplicate onMessage: -1001714667923_4265855_in
[TG-UB] Poll found message from -1001714667923 text: 慳絲襪錢🤭
[TG-UB] Incoming message: -1001714667923 慳絲襪錢🤭
[TG-UB] Skip duplicate onMessage: -1001714667923_4265854_in
[TG-UB] Poll found message from -1001714667923 text: 堅
[TG-UB] Incoming message: -1001714667923 堅
[TG-UB] Skip duplicate onMessage: -1001714667923_4265853_in
[TG-UB] Poll found message from -1001714667923 text: 兩樣我都冇
[TG-UB] Incoming message: -1001714667923 兩樣我都冇
[TG-UB] Skip duplicate onMessage: -1001714667923_4265851_in
[TG-UB] Poll found message from -1001714667923 text: 咁就唔得啦😂
[TG-UB] Incoming message: -1001714667923 咁就唔得啦😂
[TG-UB] Skip duplicate onMessage: -1001714667923_4265850_in
[TG-UB] Poll found message from -1001714667923 text: 曬傷🤭
[TG-UB] Incoming message: -1001714667923 曬傷🤭
[TG-UB] Skip duplicate onMessage: -1001714667923_4265849_in
[35m[2026-09-19T15:39:55.766] [WARN] - [Disconnecting...][0m
[33m[2026-09-19T15:39:55.766] [INFO] - [Disconnecting from 91.108.56.183:443/TCPFull...][0m
[33m[2026-09-19T15:39:55.766] [INFO] - [connection closed][0m
[TG-UB] NewMessage from -1001714667923 text: 
[TG-UB] Incoming message: -1001714667923 [MessageMediaPhoto]
[TG-UB] Incoming message: -1001714667923 [MessageMediaPhoto]
[TG-UB] Skip duplicate onMessage: -1001714667923_4265861_in
[33m[2026-09-19T15:42:15.957] [INFO] - [Starting direct file download in chunks of 65536 at 0, stride 65536][0m
[33m[2026-09-19T15:42:15.958] [INFO] - [Connecting to 91.108.56.183:443/TCPFull...][0m
[33m[2026-09-19T15:42:16.025] [INFO] - [Connection to 91.108.56.183:443/TCPFull complete!][0m
[TG-UB Media DEBUG] type=MessageMediaPhoto isOut=false hasRaw=true client=undef
[TG-UB Media] Downloading msgId=4265861 type=MessageMediaPhoto rawType=Message
[33m[2026-09-19T15:42:16.177] [INFO] - [Starting direct file download in chunks of 131072 at 0, stride 131072][0m
[TG-UB Media] Download result: buf=buffer:187640
[TG-UB] Media downloaded: f5976e81b19403adbcebf2c914b8504b.jpg
[TG-UB] NewMessage from -1001714667923 text: 正
[TG-UB] Incoming message: -1001714667923 正
[TG-UB] Incoming message: -1001714667923 正
[TG-UB] Skip duplicate onMessage: -1001714667923_4265862_in
[33m[2026-09-19T15:42:22.951] [INFO] - [Starting direct file download in chunks of 65536 at 0, stride 65536][0m
[TG-UB] NewMessage from -1001714667923 text: Wow
[TG-UB] Incoming message: -1001714667923 Wow
[TG-UB] Incoming message: -1001714667923 Wow
[TG-UB] Skip duplicate onMessage: -1001714667923_4265863_in
[33m[2026-09-19T15:42:30.713] [INFO] - [Starting direct file download in chunks of 65536 at 0, stride 65536][0m
[TG-UB] NewMessage from -1001714667923 text: 主人正丫
[TG-UB] Incoming message: -1001714667923 主人正丫
[TG-UB] Incoming message: -1001714667923 主人正丫
[TG-UB] Skip duplicate onMessage: -1001714667923_4265864_in
[33m[2026-09-19T15:42:34.539] [INFO] - [Starting direct file download in chunks of 65536 at 0, stride 65536][0m
[35m[2026-09-19T15:43:04.543] [WARN] - [Disconnecting...][0m
[33m[2026-09-19T15:43:04.543] [INFO] - [Disconnecting from 91.108.56.183:443/TCPFull...][0m
[33m[2026-09-19T15:43:04.544] [INFO] - [connection closed][0m
[TG-UB] NewMessage from -1001714667923 text: 
[TG-UB] Incoming message: -1001714667923 [MessageMediaPhoto]
[TG-UB] Incoming message: -1001714667923 [MessageMediaPhoto]
[TG-UB] Skip duplicate onMessage: -1001714667923_4265865_in
[33m[2026-09-19T15:43:31.841] [INFO] - [Starting direct file download in chunks of 65536 at 0, stride 65536][0m
[33m[2026-09-19T15:43:31.841] [INFO] - [Connecting to 91.108.56.183:443/TCPFull...][0m
[33m[2026-09-19T15:43:31.908] [INFO] - [Connection to 91.108.56.183:443/TCPFull complete!][0m
[TG-UB Media DEBUG] type=MessageMediaPhoto isOut=false hasRaw=true client=undef
[TG-UB Media] Downloading msgId=4265865 type=MessageMediaPhoto rawType=Message
[33m[2026-09-19T15:43:32.099] [INFO] - [Starting direct file download in chunks of 131072 at 0, stride 131072][0m
[TG-UB Media] Download result: buf=buffer:149593
[TG-UB] Media downloaded: eac5528c8682f8649a0e78a7c71c8b52.jpg
[TG-UB] Poll found message from -1001714667923 text: [media]
[TG-UB] Incoming message: -1001714667923 [media]
[TG-UB] Skip duplicate onMessage: -1001714667923_4265865_in
[TG-UB] Poll found message from -1001714667923 text: 主人正丫
[TG-UB] Incoming message: -1001714667923 主人正丫
[TG-UB] Skip duplicate onMessage: -1001714667923_4265864_in
[TG-UB] Poll found message from -1001714667923 text: Wow
[TG-UB] Incoming message: -1001714667923 Wow
[TG-UB] Skip duplicate onMessage: -1001714667923_4265863_in
[TG-UB] Poll found message from -1001714667923 text: 正
[TG-UB] Incoming message: -1001714667923 正
[TG-UB] Skip duplicate onMessage: -1001714667923_4265862_in
[35m[2026-09-19T15:44:02.381] [WARN] - [Disconnecting...][0m
[33m[2026-09-19T15:44:02.381] [INFO] - [Disconnecting from 91.108.56.183:443/TCPFull...][0m
[33m[2026-09-19T15:44:02.381] [INFO] - [connection closed][0m
[TG-UB] NewMessage from -1001714667923 text: E區係正的
[TG-UB] Incoming message: -1001714667923 E區係正的
[TG-UB] Incoming message: -1001714667923 E區係正的
[TG-UB] Skip duplicate onMessage: -1001714667923_4265866_in
[33m[2026-09-19T15:44:17.420] [INFO] - [Starting direct file download in chunks of 65536 at 0, stride 65536][0m
[33m[2026-09-19T15:44:17.420] [INFO] - [Connecting to 91.108.56.183:443/TCPFull...][0m
[33m[2026-09-19T15:44:17.486] [INFO] - [Connection to 91.108.56.183:443/TCPFull complete!][0m
[35m[2026-09-19T15:44:47.487] [WARN] - [Disconnecting...][0m
[33m[2026-09-19T15:44:47.487] [INFO] - [Disconnecting from 91.108.56.183:443/TCPFull...][0m
[33m[2026-09-19T15:44:47.488] [INFO] - [connection closed][0m
[TG-UB] NewMessage from -1001714667923 text: 我真係寫個服字俾佢
[TG-UB] Incoming message: -1001714667923 我真係寫個服字俾佢
[TG-UB] Incoming message: -1001714667923 我真係寫個服字俾佢
[TG-UB] Skip duplicate onMessage: -1001714667923_4265867_in
[33m[2026-09-19T15:45:31.933] [INFO] - [Starting direct file download in chunks of 65536 at 0, stride 65536][0m
[33m[2026-09-19T15:45:31.933] [INFO] - [Connecting to 91.108.56.183:443/TCPFull...][0m
[33m[2026-09-19T15:45:32.001] [INFO] - [Connection to 91.108.56.183:443/TCPFull complete!][0m
[TG-UB Media DEBUG] type=MessageMediaPhoto isOut=false hasRaw=true client=undef
[TG-UB Media] Downloading msgId=4265867 type=MessageMediaPhoto rawType=Message
[33m[2026-09-19T15:45:32.154] [INFO] - [Starting direct file download in chunks of 131072 at 0, stride 131072][0m
[TG-UB Media] Download result: buf=buffer:212952
[TG-UB] Media downloaded: 33a1ab8c690efcaf11620c374ebedfc5.jpg
[TG-UB] Poll found message from -1001714667923 text: 我真係寫個服字俾佢
[TG-UB] Incoming message: -1001714667923 我真係寫個服字俾佢
[TG-UB] Skip duplicate onMessage: -1001714667923_4265867_in
[TG-UB] Poll found message from -1001714667923 text: E區係正的
[TG-UB] Incoming message: -1001714667923 E區係正的
[TG-UB] Skip duplicate onMessage: -1001714667923_4265866_in
[35m[2026-09-19T15:46:02.479] [WARN] - [Disconnecting...][0m
[33m[2026-09-19T15:46:02.479] [INFO] - [Disconnecting from 91.108.56.183:443/TCPFull...][0m
[33m[2026-09-19T15:46:02.479] [INFO] - [connection closed][0m
[TG-UB] NewMessage from -1001714667923 text: 呃$
[TG-UB] Incoming message: -1001714667923 呃$
[TG-UB] Incoming message: -1001714667923 呃$
[TG-UB] Skip duplicate onMessage: -1001714667923_4265868_in
[33m[2026-09-19T15:46:59.626] [INFO] - [Starting direct file download in chunks of 65536 at 0, stride 65536][0m
[33m[2026-09-19T15:46:59.627] [INFO] - [Connecting to 91.108.56.183:443/TCPFull...][0m
[33m[2026-09-19T15:46:59.693] [INFO] - [Connection to 91.108.56.183:443/TCPFull complete!][0m
[TG-UB] NewMessage from -1001714667923 text: 你問佢要幾多😂
[TG-UB] Incoming message: -1001714667923 你問佢要幾多😂
[TG-UB] Incoming message: -1001714667923 你問佢要幾多😂
[TG-UB] Skip duplicate onMessage: -1001714667923_4265869_in
[33m[2026-09-19T15:47:03.297] [INFO] - [Starting direct file download in chunks of 65536 at 0, stride 65536][0m
[TG-UB] NewMessage from -1001714667923 text: 👍
[TG-UB] Incoming message: -1001714667923 👍
[TG-UB] Incoming message: -1001714667923 👍
[TG-UB] Skip duplicate onMessage: -1001714667923_4265870_in
[33m[2026-09-19T15:47:07.002] [INFO] - [Starting direct file download in chunks of 65536 at 0, stride 65536][0m
[TG-UB] NewMessage from -1001714667923 text: 
[TG-UB] Incoming message: -1001714667923 [MessageMediaPhoto]
[TG-UB] Incoming message: -1001714667923 [MessageMediaPhoto]
[TG-UB] Skip duplicate onMessage: -1001714667923_4265871_in
[33m[2026-09-19T15:47:15.718] [INFO] - [Starting direct file download in chunks of 65536 at 0, stride 65536][0m
[TG-UB Media DEBUG] type=MessageMediaPhoto isOut=false hasRaw=true client=undef
[TG-UB Media] Downloading msgId=4265871 type=MessageMediaPhoto rawType=Message
[33m[2026-09-19T15:47:15.827] [INFO] - [Starting direct file download in chunks of 131072 at 0, stride 131072][0m
[TG-UB Media] Download result: buf=buffer:210923
[TG-UB] Media downloaded: 4b78f2be671de9b9a2c5910d9864cb27.jpg
[TG-UB] NewMessage from -1001714667923 text: 
[TG-UB] Incoming message: -1001714667923 [MessageMediaPhoto]
[TG-UB] Incoming message: -1001714667923 [MessageMediaPhoto]
[TG-UB] Skip duplicate onMessage: -1001714667923_4265872_in
[33m[2026-09-19T15:47:20.130] [INFO] - [Starting direct file download in chunks of 65536 at 0, stride 65536][0m
[TG-UB Media DEBUG] type=MessageMediaPhoto isOut=false hasRaw=true client=undef
[TG-UB Media] Downloading msgId=4265872 type=MessageMediaPhoto rawType=Message
[33m[2026-09-19T15:47:20.218] [INFO] - [Starting direct file download in chunks of 131072 at 0, stride 131072][0m
[TG-UB Media] Download result: buf=buffer:253886
[TG-UB] Media downloaded: 27e1d4e65d2919c9f834526e04f0881e.jpg
[TG-UB] NewMessage from -1001714667923 text: 4p有個處女
[TG-UB] Incoming message: -1001714667923 4p有個處女
[TG-UB] Incoming message: -1001714667923 4p有個處女
[TG-UB] Skip duplicate onMessage: -1001714667923_4265873_in
[33m[2026-09-19T15:47:30.030] [INFO] - [Starting direct file download in chunks of 65536 at 0, stride 65536][0m
[TG-UB] NewMessage from -1001714667923 text: 正
[TG-UB] Incoming message: -1001714667923 正
[TG-UB] Incoming message: -1001714667923 正
[TG-UB] Skip duplicate onMessage: -1001714667923_4265874_in
[33m[2026-09-19T15:47:33.067] [INFO] - [Starting direct file download in chunks of 65536 at 0, stride 65536][0m
[TG-UB] NewMessage from -1001714667923 text: 冇底
[TG-UB] Incoming message: -1001714667923 冇底
[TG-UB] Incoming message: -1001714667923 冇底
[TG-UB] Skip duplicate onMessage: -1001714667923_4265875_in
[33m[2026-09-19T15:47:45.977] [INFO] - [Starting direct file download in chunks of 65536 at 0, stride 65536][0m
[TG-UB] Poll found message from -1001714667923 text: 冇底
[TG-UB] Incoming message: -1001714667923 冇底
[TG-UB] Skip duplicate onMessage: -1001714667923_4265875_in
[TG-UB] Poll found message from -1001714667923 text: 正
[TG-UB] Incoming message: -1001714667923 正
[TG-UB] Skip duplicate onMessage: -1001714667923_4265874_in
[TG-UB] Poll found message from -1001714667923 text: 4p有個處女
[TG-UB] Incoming message: -1001714667923 4p有個處女
[TG-UB] Skip duplicate onMessage: -1001714667923_4265873_in
[TG-UB] Poll found message from -1001714667923 text: [media]
[TG-UB] Incoming message: -1001714667923 [media]
[TG-UB] Skip duplicate onMessage: -1001714667923_4265872_in
[TG-UB] Poll found message from -1001714667923 text: [media]
[TG-UB] Incoming message: -1001714667923 [media]
[TG-UB] Skip duplicate onMessage: -1001714667923_4265871_in
[TG-UB] Poll found message from -1001714667923 text: 👍
[TG-UB] Incoming message: -1001714667923 👍
[TG-UB] Skip duplicate onMessage: -1001714667923_4265870_in
[TG-UB] Poll found message from -1001714667923 text: 你問佢要幾多😂
[TG-UB] Incoming message: -1001714667923 你問佢要幾多😂
[TG-UB] Skip duplicate onMessage: -1001714667923_4265869_in
[TG-UB] Poll found message from -1001714667923 text: 呃$
[TG-UB] Incoming message: -1001714667923 呃$
[TG-UB] Skip duplicate onMessage: -1001714667923_4265868_in
[TG-UB] NewMessage from -1001714667923 text: 真定假吖？
[TG-UB] Incoming message: -1001714667923 真定假吖？
[TG-UB] Incoming message: -1001714667923 真定假吖？
[TG-UB] Skip duplicate onMessage: -1001714667923_4265876_in
[33m[2026-09-19T15:48:00.484] [INFO] - [Starting direct file download in chunks of 65536 at 0, stride 65536][0m
[TG-UB] NewMessage from -1001714667923 text: ？。？
[TG-UB] Incoming message: -1001714667923 ？。？
[TG-UB] Incoming message: -1001714667923 ？。？
[TG-UB] Skip duplicate onMessage: -1001714667923_4265877_in
[33m[2026-09-19T15:48:08.256] [INFO] - [Starting direct file download in chunks of 65536 at 0, stride 65536][0m
[TG-UB] NewMessage from -1001714667923 text: 🐒 8p
[TG-UB] Incoming message: -1001714667923 🐒 8p
[TG-UB] Incoming message: -1001714667923 🐒 8p
[TG-UB] Skip duplicate onMessage: -1001714667923_4265878_in
[33m[2026-09-19T15:48:09.969] [INFO] - [Starting direct file download in chunks of 65536 at 0, stride 65536][0m
[TG-UB] NewMessage from -1001714667923 text: 
[TG-UB] Incoming message: -1001714667923 [MessageMediaPhoto]
[TG-UB] Incoming message: -1001714667923 [MessageMediaPhoto]
[TG-UB] Skip duplicate onMessage: -1001714667923_4265879_in
[33m[2026-09-19T15:48:14.219] [INFO] - [Starting direct file download in chunks of 65536 at 0, stride 65536][0m
[TG-UB Media DEBUG] type=MessageMediaPhoto isOut=false hasRaw=true client=undef
[TG-UB Media] Downloading msgId=4265879 type=MessageMediaPhoto rawType=Message
[33m[2026-09-19T15:48:14.319] [INFO] - [Starting direct file download in chunks of 131072 at 0, stride 131072][0m
[TG-UB Media] Download result: buf=buffer:158382
[TG-UB] Media downloaded: d35a173290e0ce08e61e30732c8116bf.jpg
[TG-UB] NewMessage from -1001714667923 text: 我衝
[TG-UB] Incoming message: -1001714667923 我衝
[TG-UB] Incoming message: -1001714667923 我衝
[TG-UB] Skip duplicate onMessage: -1001714667923_4265880_in
[33m[2026-09-19T15:48:33.597] [INFO] - [Starting direct file download in chunks of 65536 at 0, stride 65536][0m
[TG-UB] NewMessage from -1001714667923 text: 你信🤭
[TG-UB] Incoming message: -1001714667923 你信🤭
[TG-UB] Incoming message: -1001714667923 你信🤭
[TG-UB] Skip duplicate onMessage: -1001714667923_4265881_in
[33m[2026-09-19T15:48:37.246] [INFO] - [Starting direct file download in chunks of 65536 at 0, stride 65536][0m
[TG-UB] NewMessage from -1001714667923 text: 影得太辛苦啦
[TG-UB] Incoming message: -1001714667923 影得太辛苦啦
[TG-UB] Incoming message: -1001714667923 影得太辛苦啦
[TG-UB] Skip duplicate onMessage: -1001714667923_4265882_in
[33m[2026-09-19T15:48:44.273] [INFO] - [Starting direct file download in chunks of 65536 at 0, stride 65536][0m
[TG-UB] NewMessage from -1001714667923 text: 求介🙏🙏🙏
[TG-UB] Incoming message: -1001714667923 求介🙏🙏🙏
[TG-UB] Incoming message: -1001714667923 求介🙏🙏🙏
[TG-UB] Skip duplicate onMessage: -1001714667923_4265883_in
[33m[2026-09-19T15:48:49.361] [INFO] - [Starting direct file download in chunks of 65536 at 0, stride 65536][0m
[TG-UB] NewMessage from -1001714667923 text: 頭先先講緊
[TG-UB] Incoming message: -1001714667923 頭先先講緊
[TG-UB] Incoming message: -1001714667923 頭先先講緊
[TG-UB] Skip duplicate onMessage: -1001714667923_4265884_in
[33m[2026-09-19T15:48:52.871] [INFO] - [Starting direct file download in chunks of 65536 at 0, stride 65536][0m
[TG-UB] NewMessage from -1001714667923 text: 都仲有人信😂
[TG-UB] Incoming message: -1001714667923 都仲有人信😂
[TG-UB] Incoming message: -1001714667923 都仲有人信😂
[TG-UB] Skip duplicate onMessage: -1001714667923_4265885_in
[33m[2026-09-19T15:49:15.435] [INFO] - [Starting direct file download in chunks of 65536 at 0, stride 65536][0m
[TG-UB] NewMessage from -1001714667923 text: 唔信
[TG-UB] Incoming message: -1001714667923 唔信
[TG-UB] Incoming message: -1001714667923 唔信
[TG-UB] Skip duplicate onMessage: -1001714667923_4265886_in
[33m[2026-09-19T15:49:18.715] [INFO] - [Starting direct file download in chunks of 65536 at 0, stride 65536][0m
[TG-UB] NewMessage from -1001714667923 text: 係我就唔信啦
[TG-UB] Incoming message: -1001714667923 係我就唔信啦
[TG-UB] Incoming message: -1001714667923 係我就唔信啦
[TG-UB] Skip duplicate onMessage: -1001714667923_4265887_in
[33m[2026-09-19T15:49:23.100] [INFO] - [Starting direct file download in chunks of 65536 at 0, stride 65536][0m
[TG-UB] NewMessage from -1001714667923 text: 佢玩我咪陪佢玩吓囉
[TG-UB] Incoming message: -1001714667923 佢玩我咪陪佢玩吓囉
[TG-UB] Incoming message: -1001714667923 佢玩我咪陪佢玩吓囉
[TG-UB] Skip duplicate onMessage: -1001714667923_4265888_in
[33m[2026-09-19T15:49:37.681] [INFO] - [Starting direct file download in chunks of 65536 at 0, stride 65536][0m
[TG-UB] NewMessage from -1001714667923 text: 佢頭先block咗我㗎 跟住又hi返我😂😂
[TG-UB] Incoming message: -1001714667923 佢頭先block咗我㗎 跟住又hi返我😂😂
[TG-UB] Incoming message: -1001714667923 佢頭先block咗我㗎 跟住又hi返我😂😂
[TG-UB] Skip duplicate onMessage: -1001714667923_4265889_in
[33m[2026-09-19T15:49:50.056] [INFO] - [Starting direct file download in chunks of 65536 at 0, stride 65536][0m
[TG-UB] Poll found message from -1001714667923 text: [media]
[TG-UB] Incoming message: -1001714667923 [media]
[TG-UB] Poll found message from -1001714667923 text: 佢頭先block咗我㗎 跟住又hi返我😂😂
[TG-UB] Incoming message: -1001714667923 佢頭先block咗我㗎 跟住又hi返我😂😂
[TG-UB] Skip duplicate onMessage: -1001714667923_4265889_in
[TG-UB] Poll found message from -1001714667923 text: 佢玩我咪陪佢玩吓囉
[TG-UB] Incoming message: -1001714667923 佢玩我咪陪佢玩吓囉
[TG-UB] Skip duplicate onMessage: -1001714667923_4265888_in
[TG-UB] Poll found message from -1001714667923 text: 係我就唔信啦
[TG-UB] Incoming message: -1001714667923 係我就唔信啦
[TG-UB] Skip duplicate onMessage: -1001714667923_4265887_in
[TG-UB] Poll found message from -1001714667923 text: 唔信
[TG-UB] Incoming message: -1001714667923 唔信
[TG-UB] Skip duplicate onMessage: -1001714667923_4265886_in
[TG-UB] Poll found message from -1001714667923 text: 都仲有人信😂
[TG-UB] Incoming message: -1001714667923 都仲有人信😂
[TG-UB] Skip duplicate onMessage: -1001714667923_4265885_in
[TG-UB] Poll found message from -1001714667923 text: 頭先先講緊
[TG-UB] Incoming message: -1001714667923 頭先先講緊
[TG-UB] Skip duplicate onMessage: -1001714667923_4265884_in
[TG-UB] Poll found message from -1001714667923 text: 求介🙏🙏🙏
[TG-UB] Incoming message: -1001714667923 求介🙏🙏🙏
[TG-UB] Skip duplicate onMessage: -1001714667923_4265883_in
[TG-UB] Poll found message from -1001714667923 text: 影得太辛苦啦
[TG-UB] Incoming message: -1001714667923 影得太辛苦啦
[TG-UB] Skip duplicate onMessage: -1001714667923_4265882_in
[TG-UB] Poll found message from -1001714667923 text: 你信🤭
[TG-UB] Incoming message: -1001714667923 你信🤭
[TG-UB] Skip duplicate onMessage: -1001714667923_4265881_in
[TG-UB] Poll found message from -1001714667923 text: 我衝
[TG-UB] Incoming message: -1001714667923 我衝
[TG-UB] Skip duplicate onMessage: -1001714667923_4265880_in
[TG-UB] Poll found message from -1001714667923 text: 🐒 8p
[TG-UB] Incoming message: -1001714667923 🐒 8p
[TG-UB] Skip duplicate onMessage: -1001714667923_4265878_in
[TG-UB] Poll found message from -1001714667923 text: ？。？
[TG-UB] Incoming message: -1001714667923 ？。？
[TG-UB] Skip duplicate onMessage: -1001714667923_4265877_in
[TG-UB] Poll found message from -1001714667923 text: 真定假吖？
[TG-UB] Incoming message: -1001714667923 真定假吖？
[TG-UB] Skip duplicate onMessage: -1001714667923_4265876_in
[33m[2026-09-19T15:49:53.906] [INFO] - [Starting direct file download in chunks of 65536 at 0, stride 65536][0m
[TG-UB] NewMessage from -1001714667923 text: 
[TG-UB] Incoming message: -1001714667923 [MessageMediaPhoto]
[TG-UB] Skip duplicate onMessage: -1001714667923_4265890_in
[TG-UB Media DEBUG] type=MessageMediaPhoto isOut=false hasRaw=true client=undef
[TG-UB Media] Downloading msgId=4265890 type=MessageMediaPhoto rawType=Message
[33m[2026-09-19T15:49:53.997] [INFO] - [Starting direct file download in chunks of 131072 at 0, stride 131072][0m
[TG-UB] Incoming message: -1001714667923 [MessageMediaPhoto]
[TG-UB] Skip duplicate onMessage: -1001714667923_4265890_in
[TG-UB Media] Download result: buf=buffer:224877
[TG-UB] Media downloaded: ed3e372a5f1dbc4296857e33e393b72e.jpg
[TG-UB] NewMessage from -1001714667923 text: 信唔過
[TG-UB] Incoming message: -1001714667923 信唔過
[TG-UB] Incoming message: -1001714667923 信唔過
[TG-UB] Skip duplicate onMessage: -1001714667923_4265891_in
[33m[2026-09-19T15:49:55.085] [INFO] - [Starting direct file download in chunks of 65536 at 0, stride 65536][0m
[TG-UB] NewMessage from -1001714667923 text: 你叫佢 咁多女仔 aa 開間房
[TG-UB] Incoming message: -1001714667923 你叫佢 咁多女仔 aa 開間房
[TG-UB] Incoming message: -1001714667923 你叫佢 咁多女仔 aa 開間房
[TG-UB] Skip duplicate onMessage: -1001714667923_4265892_in
[33m[2026-09-19T15:50:01.923] [INFO] - [Starting direct file download in chunks of 65536 at 0, stride 65536][0m
[TG-UB] NewMessage from -1001714667923 text: 你事後俾房錢
[TG-UB] Incoming message: -1001714667923 你事後俾房錢
[TG-UB] Incoming message: -1001714667923 你事後俾房錢
[TG-UB] Skip duplicate onMessage: -1001714667923_4265893_in
[33m[2026-09-19T15:50:12.611] [INFO] - [Starting direct file download in chunks of 65536 at 0, stride 65536][0m
[TG-UB] NewMessage from -1001714667923 text: 嘩
[TG-UB] Incoming message: -1001714667923 嘩
[TG-UB] Incoming message: -1001714667923 嘩
[TG-UB] Skip duplicate onMessage: -1001714667923_4265894_in
[33m[2026-09-19T15:50:13.092] [INFO] - [Starting direct file download in chunks of 65536 at 0, stride 65536][0m
[TG-UB] NewMessage from -1001714667923 text: 
[TG-UB] Incoming message: -1001714667923 [MessageMediaDocument]
[TG-UB] Incoming message: -1001714667923 [MessageMediaDocument]
[TG-UB] Skip duplicate onMessage: -1001714667923_4265895_in
[33m[2026-09-19T15:50:14.486] [INFO] - [Starting direct file download in chunks of 65536 at 0, stride 65536][0m
[TG-UB Media DEBUG] type=MessageMediaDocument isOut=false hasRaw=true client=undef
[TG-UB Media] Downloading msgId=4265895 type=MessageMediaDocument rawType=Message
[33m[2026-09-19T15:50:14.642] [INFO] - [Starting direct file download in chunks of 131072 at 0, stride 131072][0m
[33m[2026-09-19T15:50:14.642] [INFO] - [Connecting to 149.154.175.56:443/TCPFull...][0m
[33m[2026-09-19T15:50:14.836] [INFO] - [Connection to 149.154.175.56:443/TCPFull complete!][0m
[33m[2026-09-19T15:50:15.036] [INFO] - [File lives in another DC][0m
[TG-UB Media] Download result: buf=buffer:129985
[TG-UB] Media downloaded: b8cff8d814c0258c44c51d19f6097de3.jpg
[TG-UB] NewMessage from -1001714667923 text: 呢啲未夠十八已經唔處啦🙈
[TG-UB] Incoming message: -1001714667923 呢啲未夠十八已經唔處啦🙈
[TG-UB] NewMessage from -1001714667923 text: ai
[TG-UB] Incoming message: -1001714667923 ai
[TG-UB] Incoming message: -1001714667923 呢啲未夠十八已經唔處啦🙈
[TG-UB] Skip duplicate onMessage: -1001714667923_4265896_in
[33m[2026-09-19T15:50:27.036] [INFO] - [Starting direct file download in chunks of 65536 at 0, stride 65536][0m
[33m[2026-09-19T15:50:27.039] [INFO] - [Starting direct file download in chunks of 65536 at 0, stride 65536][0m
[TG-UB] Incoming message: -1001714667923 ai
[TG-UB] Skip duplicate onMessage: -1001714667923_4265897_in
[TG-UB] NewMessage from -1001714667923 text: 唔可信
[TG-UB] Incoming message: -1001714667923 唔可信
[TG-UB] Incoming message: -1001714667923 唔可信
[TG-UB] Skip duplicate onMessage: -1001714667923_4265898_in
[33m[2026-09-19T15:50:28.260] [INFO] - [Starting direct file download in chunks of 65536 at 0, stride 65536][0m
[TG-UB] NewMessage from -1001714667923 text: 做乜block你？
[TG-UB] Incoming message: -1001714667923 做乜block你？
[TG-UB] NewMessage from -1001714667923 text: 睇肉大學？
[TG-UB] Incoming message: -1001714667923 睇肉大學？
[TG-UB] Incoming message: -1001714667923 做乜block你？
[TG-UB] Skip duplicate onMessage: -1001714667923_4265899_in
[33m[2026-09-19T15:50:36.590] [INFO] - [Starting direct file download in chunks of 65536 at 0, stride 65536][0m
[33m[2026-09-19T15:50:36.591] [INFO] - [Starting direct file download in chunks of 65536 at 0, stride 65536][0m
[TG-UB] Incoming message: -1001714667923 睇肉大學？
[TG-UB] Skip duplicate onMessage: -1001714667923_4265900_in
[TG-UB] NewMessage from -1001714667923 text: 樣唔錯喎
[TG-UB] Incoming message: -1001714667923 樣唔錯喎
[TG-UB] Incoming message: -1001714667923 樣唔錯喎
[TG-UB] Skip duplicate onMessage: -1001714667923_4265901_in
[33m[2026-09-19T15:50:40.353] [INFO] - [Starting direct file download in chunks of 65536 at 0, stride 65536][0m
[35m[2026-09-19T15:50:44.837] [WARN] - [Disconnecting...][0m
[33m[2026-09-19T15:50:44.837] [INFO] - [Disconnecting from 149.154.175.56:443/TCPFull...][0m
[33m[2026-09-19T15:50:44.837] [INFO] - [connection closed][0m
[TG-UB] NewMessage from -1001714667923 text: 假到死啲相
[TG-UB] Incoming message: -1001714667923 假到死啲相
[TG-UB] NewMessage from -1001714667923 text: 
[TG-UB] Incoming message: -1001714667923 [MessageMediaPhoto]
[TG-UB] Incoming message: -1001714667923 假到死啲相
[TG-UB] Skip duplicate onMessage: -1001714667923_4265902_in
[33m[2026-09-19T15:50:57.929] [INFO] - [Starting direct file download in chunks of 65536 at 0, stride 65536][0m
[33m[2026-09-19T15:50:57.930] [INFO] - [Starting direct file download in chunks of 65536 at 0, stride 65536][0m
[TG-UB] Incoming message: -1001714667923 [MessageMediaPhoto]
[TG-UB] Skip duplicate onMessage: -1001714667923_4265903_in
[TG-UB Media DEBUG] type=MessageMediaPhoto isOut=false hasRaw=true client=undef
[TG-UB Media] Downloading msgId=4265903 type=MessageMediaPhoto rawType=Message
[33m[2026-09-19T15:50:58.179] [INFO] - [Starting direct file download in chunks of 131072 at 0, stride 131072][0m
[TG-UB Media] Download result: buf=buffer:122125
[TG-UB] Media downloaded: ad925161aee42d112099d3f43b7aa77b.jpg
[TG-UB] NewMessage from -1001714667923 text: 唔似ai？。？
[TG-UB] Incoming message: -1001714667923 唔似ai？。？
[TG-UB] Incoming message: -1001714667923 唔似ai？。？
[TG-UB] Skip duplicate onMessage: -1001714667923_4265904_in
[33m[2026-09-19T15:51:01.508] [INFO] - [Starting direct file download in chunks of 65536 at 0, stride 65536][0m
[TG-UB] NewMessage from -1001714667923 text: 依家一人過住250俾我
[TG-UB] Incoming message: -1001714667923 依家一人過住250俾我
[TG-UB] Incoming message: -1001714667923 依家一人過住250俾我
[TG-UB] Skip duplicate onMessage: -1001714667923_4265905_in
[33m[2026-09-19T15:51:12.750] [INFO] - [Starting direct file download in chunks of 65536 at 0, stride 65536][0m
[TG-UB] NewMessage from -1001714667923 text: 正
[TG-UB] Incoming message: -1001714667923 正
[TG-UB] Incoming message: -1001714667923 正
[TG-UB] Skip duplicate onMessage: -1001714667923_4265906_in
[33m[2026-09-19T15:51:16.193] [INFO] - [Starting direct file download in chunks of 65536 at 0, stride 65536][0m
[TG-UB] NewMessage from -1001714667923 text: 約玩🙋‍♂
[TG-UB] Incoming message: -1001714667923 約玩🙋‍♂
[TG-UB] Incoming message: -1001714667923 約玩🙋‍♂
[TG-UB] Skip duplicate onMessage: -1001714667923_4265907_in
[33m[2026-09-19T15:51:35.773] [INFO] - [Starting direct file download in chunks of 65536 at 0, stride 65536][0m
[TG-UB] Poll found message from -1001714667923 text: 約玩🙋‍♂
[TG-UB] Incoming message: -1001714667923 約玩🙋‍♂
[TG-UB] Skip duplicate onMessage: -1001714667923_4265907_in
[TG-UB] Poll found message from -1001714667923 text: 正
[TG-UB] Incoming message: -1001714667923 正
[TG-UB] Skip duplicate onMessage: -1001714667923_4265906_in
[TG-UB] Poll found message from -1001714667923 text: 依家一人過住250俾我
[TG-UB] Incoming message: -1001714667923 依家一人過住250俾我
[TG-UB] Skip duplicate onMessage: -1001714667923_4265905_in
[TG-UB] Poll found message from -1001714667923 text: 唔似ai咩？。？
[TG-UB] Incoming message: -1001714667923 唔似ai咩？。？
[TG-UB] Skip duplicate onMessage: -1001714667923_4265904_in
[TG-UB] Poll found message from -1001714667923 text: [media]
[TG-UB] Incoming message: -1001714667923 [media]
[TG-UB] Skip duplicate onMessage: -1001714667923_4265903_in
[TG-UB] Poll found message from -1001714667923 text: 假到死啲相
[TG-UB] Incoming message: -1001714667923 假到死啲相
[TG-UB] Skip duplicate onMessage: -1001714667923_4265902_in
[TG-UB] Poll found message from -1001714667923 text: 樣唔錯喎
[TG-UB] Incoming message: -1001714667923 樣唔錯喎
[TG-UB] Skip duplicate onMessage: -1001714667923_4265901_in
[TG-UB] Poll found message from -1001714667923 text: 睇肉大學？
[TG-UB] Incoming message: -1001714667923 睇肉大學？
[TG-UB] Skip duplicate onMessage: -1001714667923_4265900_in
[TG-UB] Poll found message from -1001714667923 text: 做乜block你？
[TG-UB] Incoming message: -1001714667923 做乜block你？
[TG-UB] Skip duplicate onMessage: -1001714667923_4265899_in
[TG-UB] Poll found message from -1001714667923 text: 唔可信
[TG-UB] Incoming message: -1001714667923 唔可信
[TG-UB] Skip duplicate onMessage: -1001714667923_4265898_in
[TG-UB] Poll found message from -1001714667923 text: ai
[TG-UB] Incoming message: -1001714667923 ai
[TG-UB] Skip duplicate onMessage: -1001714667923_4265897_in
[TG-UB] Poll found message from -1001714667923 text: 呢啲未夠十八已經唔處啦🙈
[TG-UB] Incoming message: -1001714667923 呢啲未夠十八已經唔處啦🙈
[TG-UB] Skip duplicate onMessage: -1001714667923_4265896_in
[TG-UB] Poll found message from -1001714667923 text: 嘩
[TG-UB] Incoming message: -1001714667923 嘩
[TG-UB] Skip duplicate onMessage: -1001714667923_4265894_in
[TG-UB] Poll found message from -1001714667923 text: 你事後俾房錢
[TG-UB] Incoming message: -1001714667923 你事後俾房錢
[TG-UB] Skip duplicate onMessage: -1001714667923_4265893_in
[TG-UB] Poll found message from -1001714667923 text: 你叫佢 咁多女仔 aa 開間房
[TG-UB] Incoming message: -1001714667923 你叫佢 咁多女仔 aa 開間房
[TG-UB] Skip duplicate onMessage: -1001714667923_4265892_in
[TG-UB] Poll found message from -1001714667923 text: 信唔過
[TG-UB] Incoming message: -1001714667923 信唔過
[TG-UB] Skip duplicate onMessage: -1001714667923_4265891_in
[TG-UB] NewMessage from -1001714667923 text: 唔似
[TG-UB] Incoming message: -1001714667923 唔似
[TG-UB] Incoming message: -1001714667923 唔似
[TG-UB] Skip duplicate onMessage: -1001714667923_4265908_in
[33m[2026-09-19T15:52:04.700] [INFO] - [Starting direct file download in chunks of 65536 at 0, stride 65536][0m
[TG-UB] NewMessage from -1001714667923 text: 250x3?
[TG-UB] Incoming message: -1001714667923 250x3?
[TG-UB] Incoming message: -1001714667923 250x3?
[TG-UB] Skip duplicate onMessage: -1001714667923_4265909_in
[33m[2026-09-19T15:52:09.904] [INFO] - [Starting direct file download in chunks of 65536 at 0, stride 65536][0m
[TG-UB] NewMessage from -1001714667923 text: 俾個觀眾席你哋
[TG-UB] Incoming message: -1001714667923 俾個觀眾席你哋
[TG-UB] Incoming message: -1001714667923 俾個觀眾席你哋
[TG-UB] Skip duplicate onMessage: -1001714667923_4265910_in
[33m[2026-09-19T15:52:22.291] [INFO] - [Starting direct file download in chunks of 65536 at 0, stride 65536][0m
[TG-UB] NewMessage from -1001714667923 text: 咁睇你去馬
[TG-UB] Incoming message: -1001714667923 咁睇你去馬
[TG-UB] Incoming message: -1001714667923 咁睇你去馬
[TG-UB] Skip duplicate onMessage: -1001714667923_4265911_in
[33m[2026-09-19T15:52:24.009] [INFO] - [Starting direct file download in chunks of 65536 at 0, stride 65536][0m
[TG-UB] NewMessage from -1001714667923 text: 約到話我知😍
[TG-UB] Incoming message: -1001714667923 約到話我知😍
[TG-UB] Incoming message: -1001714667923 約到話我知😍
[TG-UB] Skip duplicate onMessage: -1001714667923_4265912_in
[33m[2026-09-19T15:52:26.406] [INFO] - [Starting direct file download in chunks of 65536 at 0, stride 65536][0m
[TG-UB] NewMessage from -1001714667923 text: 去佢老味
[TG-UB] Incoming message: -1001714667923 去佢老味
[TG-UB] Incoming message: -1001714667923 去佢老味
[TG-UB] Skip duplicate onMessage: -1001714667923_4265913_in
[33m[2026-09-19T15:52:36.732] [INFO] - [Starting direct file download in chunks of 65536 at 0, stride 65536][0m
[TG-UB] NewMessage from -1001714667923 text: 
[TG-UB] Incoming message: -1001714667923 [MessageMediaDocument]
[TG-UB] Incoming message: -1001714667923 [MessageMediaDocument]
[TG-UB] Skip duplicate onMessage: -1001714667923_4265914_in
[33m[2026-09-19T15:52:43.230] [INFO] - [Starting direct file download in chunks of 65536 at 0, stride 65536][0m
[TG-UB Media DEBUG] type=MessageMediaDocument isOut=false hasRaw=true client=undef
[TG-UB Media] Downloading msgId=4265914 type=MessageMediaDocument rawType=Message
[33m[2026-09-19T15:52:43.316] [INFO] - [Starting direct file download in chunks of 131072 at 0, stride 131072][0m
[33m[2026-09-19T15:52:43.316] [INFO] - [Connecting to 149.154.175.56:443/TCPFull...][0m
[33m[2026-09-19T15:52:43.514] [INFO] - [Connection to 149.154.175.56:443/TCPFull complete!][0m
[33m[2026-09-19T15:52:43.720] [INFO] - [File lives in another DC][0m
[33m[2026-09-19T15:52:43.721] [INFO] - [Connecting to 149.154.167.41:443/TCPFull...][0m
[33m[2026-09-19T15:52:47.528] [INFO] - [Connection to 149.154.167.41:443/TCPFull complete!][0m
[33m[2026-09-19T15:52:47.528] [INFO] - [Exporting authorization for data center 149.154.167.41 with layer 198][0m
[TG-UB Media] Download result: buf=buffer:5272
[TG-UB] Media downloaded: d06fd2663265bcdb282f579faaa8669d.jpg
[TG-UB] NewMessage from -1001714667923 text: 多謝哂先😂😂😂
[TG-UB] Incoming message: -1001714667923 多謝哂先😂😂😂
[TG-UB] Incoming message: -1001714667923 多謝哂先😂😂😂
[TG-UB] Skip duplicate onMessage: -1001714667923_4265915_in
[33m[2026-09-19T15:52:59.208] [INFO] - [Starting direct file download in chunks of 65536 at 0, stride 65536][0m
[35m[2026-09-19T15:53:13.515] [WARN] - [Disconnecting...][0m
[33m[2026-09-19T15:53:13.515] [INFO] - [Disconnecting from 149.154.175.56:443/TCPFull...][0m
[33m[2026-09-19T15:53:13.515] [INFO] - [connection closed][0m
[35m[2026-09-19T15:53:18.404] [WARN] - [Disconnecting...][0m
[33m[2026-09-19T15:53:18.405] [INFO] - [Disconnecting from 149.154.167.41:443/TCPFull...][0m
[33m[2026-09-19T15:53:18.405] [INFO] - [connection closed][0m
[TG-UB] NewMessage from -1001714667923 text: 邊有甘易約到
[TG-UB] Incoming message: -1001714667923 邊有甘易約到
[TG-UB] Incoming message: -1001714667923 邊有甘易約到
[TG-UB] Skip duplicate onMessage: -1001714667923_4265916_in
[33m[2026-09-19T15:53:21.385] [INFO] - [Starting direct file download in chunks of 65536 at 0, stride 65536][0m
[TG-UB] NewMessage from -1001714667923 text: 師兄去見識下 再同大家分享感受👏
[TG-UB] Incoming message: -1001714667923 師兄去見識下 再同大家分享感受👏
[TG-UB] Incoming message: -1001714667923 師兄去見識下 再同大家分享感受👏
[TG-UB] Skip duplicate onMessage: -1001714667923_4265917_in
[33m[2026-09-19T15:53:28.944] [INFO] - [Starting direct file download in chunks of 65536 at 0, stride 65536][0m
[TG-UB] NewMessage from -1001714667923 text: 我扮問佢係咪有party😂😂
[TG-UB] Incoming message: -1001714667923 我扮問佢係咪有party😂😂
[TG-UB] Incoming message: -1001714667923 我扮問佢係咪有party😂😂
[TG-UB] Skip duplicate onMessage: -1001714667923_4265918_in
[33m[2026-09-19T15:53:34.695] [INFO] - [Starting direct file download in chunks of 65536 at 0, stride 65536][0m
[TG-UB] NewMessage from -1001714667923 text: 有恆心🙈
[TG-UB] Incoming message: -1001714667923 有恆心🙈
[TG-UB] Incoming message: -1001714667923 有恆心🙈
[TG-UB] Skip duplicate onMessage: -1001714667923_4265919_in
[33m[2026-09-19T15:53:35.690] [INFO] - [Starting direct file download in chunks of 65536 at 0, stride 65536][0m
[TG-UB] NewMessage from -1001714667923 text: 
[TG-UB] Incoming message: -1001714667923 [MessageMediaPhoto]
[TG-UB] Incoming message: -1001714667923 [MessageMediaPhoto]
[TG-UB] Skip duplicate onMessage: -1001714667923_4265920_in
[33m[2026-09-19T15:53:38.256] [INFO] - [Starting direct file download in chunks of 65536 at 0, stride 65536][0m
[TG-UB Media DEBUG] type=MessageMediaPhoto isOut=false hasRaw=true client=undef
[TG-UB Media] Downloading msgId=4265920 type=MessageMediaPhoto rawType=Message
[33m[2026-09-19T15:53:38.353] [INFO] - [Starting direct file download in chunks of 131072 at 0, stride 131072][0m
[TG-UB Media] Download result: buf=buffer:80618
[TG-UB] Media downloaded: 5047d11b666d3013a4efd5ac7fdca1c7.jpg
[TG-UB] Poll found message from -1001714667923 text: [media]
[TG-UB] Incoming message: -1001714667923 [media]
[TG-UB] Skip duplicate onMessage: -1001714667923_4265920_in
[TG-UB] Poll found message from -1001714667923 text: 有恆心🙈
[TG-UB] Incoming message: -1001714667923 有恆心🙈
[TG-UB] Skip duplicate onMessage: -1001714667923_4265919_in
[TG-UB] Poll found message from -1001714667923 text: 我扮問佢係咪有party😂😂
[TG-UB] Incoming message: -1001714667923 我扮問佢係咪有party😂😂
[TG-UB] Skip duplicate onMessage: -1001714667923_4265918_in
[TG-UB] Poll found message from -1001714667923 text: 師兄去見識下 再同大家分享感受👏
[TG-UB] Incoming message: -1001714667923 師兄去見識下 再同大家分享感受👏
[TG-UB] Skip duplicate onMessage: -1001714667923_4265917_in
[TG-UB] Poll found message from -1001714667923 text: 邊有甘易約到
[TG-UB] Incoming message: -1001714667923 邊有甘易約到
[TG-UB] Skip duplicate onMessage: -1001714667923_4265916_in
[TG-UB] Poll found message from -1001714667923 text: 多謝哂先😂😂😂
[TG-UB] Incoming message: -1001714667923 多謝哂先😂😂😂
[TG-UB] Skip duplicate onMessage: -1001714667923_4265915_in
[TG-UB] Poll found message from -1001714667923 text: [media]
[TG-UB] Incoming message: -1001714667923 [media]
[TG-UB] Skip duplicate onMessage: -1001714667923_4265914_in
[TG-UB] Poll found message from -1001714667923 text: 去佢老味
[TG-UB] Incoming message: -1001714667923 去佢老味
[TG-UB] Skip duplicate onMessage: -1001714667923_4265913_in
[TG-UB] Poll found message from -1001714667923 text: 約到話我知😍
[TG-UB] Incoming message: -1001714667923 約到話我知😍
[TG-UB] Skip duplicate onMessage: -1001714667923_4265912_in
[TG-UB] Poll found message from -1001714667923 text: 咁睇你去馬
[TG-UB] Incoming message: -1001714667923 咁睇你去馬
[TG-UB] Skip duplicate onMessage: -1001714667923_4265911_in
[TG-UB] Poll found message from -1001714667923 text: 俾個觀眾席你哋
[TG-UB] Incoming message: -1001714667923 俾個觀眾席你哋
[TG-UB] Skip duplicate onMessage: -1001714667923_4265910_in
[TG-UB] Poll found message from -1001714667923 text: 250x3?
[TG-UB] Incoming message: -1001714667923 250x3?
[TG-UB] Skip duplicate onMessage: -1001714667923_4265909_in
[TG-UB] Poll found message from -1001714667923 text: 唔似
[TG-UB] Incoming message: -1001714667923 唔似
[TG-UB] Skip duplicate onMessage: -1001714667923_4265908_in
[TG-UB] NewMessage from -1001714667923 text: 轉咗人喎
[TG-UB] Incoming message: -1001714667923 轉咗人喎
[TG-UB] Incoming message: -1001714667923 轉咗人喎
[TG-UB] Skip duplicate onMessage: -1001714667923_4265921_in
[33m[2026-09-19T15:54:02.727] [INFO] - [Starting direct file download in chunks of 65536 at 0, stride 65536][0m
[TG-UB] NewMessage from -1001714667923 text: 🤣🤣假到呢
[TG-UB] Incoming message: -1001714667923 🤣🤣假到呢
[TG-UB] Incoming message: -1001714667923 🤣🤣假到呢
[TG-UB] Skip duplicate onMessage: -1001714667923_4265922_in
[33m[2026-09-19T15:54:07.565] [INFO] - [Starting direct file download in chunks of 65536 at 0, stride 65536][0m
[TG-UB] NewMessage from -1001714667923 text: 整過下？🤔
[TG-UB] Incoming message: -1001714667923 整過下？🤔
[TG-UB] Incoming message: -1001714667923 整過下？🤔
[TG-UB] Skip duplicate onMessage: -1001714667923_4265923_in
[33m[2026-09-19T15:54:19.238] [INFO] - [Starting direct file download in chunks of 65536 at 0, stride 65536][0m
[TG-UB] NewMessage from -1001714667923 text: 
[TG-UB] Incoming message: -1001714667923 [MessageMediaPhoto]
[TG-UB] Incoming message: -1001714667923 [MessageMediaPhoto]
[TG-UB] Skip duplicate onMessage: -1001714667923_4265924_in
[33m[2026-09-19T15:54:24.105] [INFO] - [Starting direct file download in chunks of 65536 at 0, stride 65536][0m
[TG-UB Media DEBUG] type=MessageMediaPhoto isOut=false hasRaw=true client=undef
[TG-UB Media] Downloading msgId=4265924 type=MessageMediaPhoto rawType=Message
[33m[2026-09-19T15:54:24.191] [INFO] - [Starting direct file download in chunks of 131072 at 0, stride 131072][0m
[TG-UB Media] Download result: buf=buffer:219977
[TG-UB] Media downloaded: 28e52796bb8ca8987e1e2452aad4d7b7.jpg
[TG-UB] NewMessage from -1001714667923 text: 依家600
[TG-UB] Incoming message: -1001714667923 依家600
[TG-UB] Incoming message: -1001714667923 依家600
[TG-UB] Skip duplicate onMessage: -1001714667923_4265925_in
[33m[2026-09-19T15:54:31.504] [INFO] - [Starting direct file download in chunks of 65536 at 0, stride 65536][0m
[TG-UB] NewMessage from -1001714667923 text: 😆😆
[TG-UB] Incoming message: -1001714667923 😆😆
[TG-UB] Incoming message: -1001714667923 😆😆
[TG-UB] Skip duplicate onMessage: -1001714667923_4265926_in
[33m[2026-09-19T15:54:53.947] [INFO] - [Starting direct file download in chunks of 65536 at 0, stride 65536][0m
[TG-UB] NewMessage from -1001714667923 text: 點信
[TG-UB] Incoming message: -1001714667923 點信
[33m[2026-09-19T15:54:55.753] [INFO] - [Starting direct file download in chunks of 65536 at 0, stride 65536][0m
[TG-UB] Incoming message: -1001714667923 點信
[TG-UB] Skip duplicate onMessage: -1001714667923_4265927_in
[TG-UB] NewMessage from -1001714667923 text: 正
[TG-UB] Incoming message: -1001714667923 正
[TG-UB] Incoming message: -1001714667923 正
[TG-UB] Skip duplicate onMessage: -1001714667923_4265928_in
[33m[2026-09-19T15:54:56.182] [INFO] - [Starting direct file download in chunks of 65536 at 0, stride 65536][0m
[TG-UB] NewMessage from -1001714667923 text: 250加價到600😂
[TG-UB] Incoming message: -1001714667923 250加價到600😂
[TG-UB] Incoming message: -1001714667923 250加價到600😂
[TG-UB] Skip duplicate onMessage: -1001714667923_4265929_in
[33m[2026-09-19T15:55:14.857] [INFO] - [Starting direct file download in chunks of 65536 at 0, stride 65536][0m
[TG-UB] NewMessage from -1001714667923 text: 考完試居然有小小興奮😂😂
[TG-UB] Incoming message: -1001714667923 考完試居然有小小興奮😂😂
[TG-UB] Incoming message: -1001714667923 考完試居然有小小興奮😂😂
[TG-UB] Skip duplicate onMessage: -1001714667923_4265930_in
[33m[2026-09-19T15:55:18.352] [INFO] - [Starting direct file download in chunks of 65536 at 0, stride 65536][0m
[TG-UB] NewMessage from -1001714667923 text: 妖媽
[TG-UB] Incoming message: -1001714667923 妖媽
[TG-UB] Incoming message: -1001714667923 妖媽
[TG-UB] Skip duplicate onMessage: -1001714667923_4265931_in
[33m[2026-09-19T15:55:20.181] [INFO] - [Starting direct file download in chunks of 65536 at 0, stride 65536][0m
[TG-UB] NewMessage from -1001714667923 text: 差600佢自己去入咗去咪夠囉
[TG-UB] Incoming message: -1001714667923 差600佢自己去入咗去咪夠囉
[TG-UB] Incoming message: -1001714667923 差600佢自己去入咗去咪夠囉
[TG-UB] Skip duplicate onMessage: -1001714667923_4265932_in
[33m[2026-09-19T15:55:22.013] [INFO] - [Starting direct file download in chunks of 65536 at 0, stride 65536][0m
[TG-UB] NewMessage from -1001714667923 text: 
[TG-UB] Incoming message: -1001714667923 [MessageMediaDocument]
[TG-UB] Incoming message: -1001714667923 [MessageMediaDocument]
[TG-UB] Skip duplicate onMessage: -1001714667923_4265933_in
[33m[2026-09-19T15:55:23.830] [INFO] - [Starting direct file download in chunks of 65536 at 0, stride 65536][0m
[TG-UB Media DEBUG] type=MessageMediaDocument isOut=false hasRaw=true client=undef
[TG-UB Media] Downloading msgId=4265933 type=MessageMediaDocument rawType=Message
[33m[2026-09-19T15:55:23.920] [INFO] - [Starting direct file download in chunks of 131072 at 0, stride 131072][0m
[33m[2026-09-19T15:55:23.920] [INFO] - [Connecting to 149.154.175.56:443/TCPFull...][0m
[33m[2026-09-19T15:55:24.117] [INFO] - [Connection to 149.154.175.56:443/TCPFull complete!][0m
[33m[2026-09-19T15:55:24.322] [INFO] - [File lives in another DC][0m
[TG-UB Media] Download result: buf=buffer:3127165
[TG-UB] Media downloaded: b3761a39fcb0caaae9eebef1e150c52e.jpg
[TG-UB] NewMessage from -1001714667923 text: 
[TG-UB] Incoming message: -1001714667923 [MessageMediaPhoto]
[TG-UB] Incoming message: -1001714667923 [MessageMediaPhoto]
[TG-UB] Skip duplicate onMessage: -1001714667923_4265934_in
[33m[2026-09-19T15:55:36.435] [INFO] - [Starting direct file download in chunks of 65536 at 0, stride 65536][0m
[TG-UB Media DEBUG] type=MessageMediaPhoto isOut=false hasRaw=true client=undef
[TG-UB Media] Downloading msgId=4265934 type=MessageMediaPhoto rawType=Message
[33m[2026-09-19T15:55:36.524] [INFO] - [Starting direct file download in chunks of 131072 at 0, stride 131072][0m
[TG-UB Media] Download result: buf=buffer:198358
[TG-UB] Media downloaded: 40dcf018f732c43278fd2b6430efec0e.jpg
[TG-UB] NewMessage from -1001714667923 text: 我唔明
[TG-UB] Incoming message: -1001714667923 我唔明
[TG-UB] Incoming message: -1001714667923 我唔明
[TG-UB] Skip duplicate onMessage: -1001714667923_4265935_in
[33m[2026-09-19T15:55:40.642] [INFO] - [Starting direct file download in chunks of 65536 at 0, stride 65536][0m
[TG-UB] NewMessage from -1001714667923 text: 無套中出
[TG-UB] Incoming message: -1001714667923 無套中出
[TG-UB] Incoming message: -1001714667923 無套中出
[TG-UB] Skip duplicate onMessage: -1001714667923_4265936_in
[33m[2026-09-19T15:55:45.095] [INFO] - [Starting direct file download in chunks of 65536 at 0, stride 65536][0m
[Automation Scheduler] Running check at 2026-09-19T15:55:50.071Z
[TG-UB] Poll found message from -1001714667923 text: 無套中出
[TG-UB] Incoming message: -1001714667923 無套中出
[TG-UB] Skip duplicate onMessage: -1001714667923_4265936_in
[TG-UB] Poll found message from -1001714667923 text: 我唔明
[TG-UB] Incoming message: -1001714667923 我唔明
[TG-UB] Skip duplicate onMessage: -1001714667923_4265935_in
[TG-UB] Poll found message from -1001714667923 text: [media]
[TG-UB] Incoming message: -1001714667923 [media]
[TG-UB] Skip duplicate onMessage: -1001714667923_4265934_in
[TG-UB] Poll found message from -1001714667923 text: [media]
[TG-UB] Incoming message: -1001714667923 [media]
[TG-UB] Skip duplicate onMessage: -1001714667923_4265933_in
[TG-UB] Poll found message from -1001714667923 text: 差600佢自己去入咗去咪夠囉
[TG-UB] Incoming message: -1001714667923 差600佢自己去入咗去咪夠囉
[TG-UB] Skip duplicate onMessage: -1001714667923_4265932_in
[TG-UB] Poll found message from -1001714667923 text: 妖媽
[TG-UB] Incoming message: -1001714667923 妖媽
[TG-UB] Skip duplicate onMessage: -1001714667923_4265931_in
[TG-UB] Poll found message from -1001714667923 text: 考完試居然有小小興奮😂😂
[TG-UB] Incoming message: -1001714667923 考完試居然有小小興奮😂😂
[TG-UB] Skip duplicate onMessage: -1001714667923_4265930_in
[TG-UB] Poll found message from -1001714667923 text: 250加價到600😂
[TG-UB] Incoming message: -1001714667923 250加價到600😂
[TG-UB] Skip duplicate onMessage: -1001714667923_4265929_in
[TG-UB] Poll found message from -1001714667923 text: 正
[TG-UB] Incoming message: -1001714667923 正
[TG-UB] Skip duplicate onMessage: -1001714667923_4265928_in
[TG-UB] Poll found message from -1001714667923 text: 點信
[TG-UB] Incoming message: -1001714667923 點信
[TG-UB] Skip duplicate onMessage: -1001714667923_4265927_in
[TG-UB] Poll found message from -1001714667923 text: 😆😆
[TG-UB] Incoming message: -1001714667923 😆😆
[TG-UB] Skip duplicate onMessage: -1001714667923_4265926_in
[TG-UB] Poll found message from -1001714667923 text: 依家600
[TG-UB] Incoming message: -1001714667923 依家600
[TG-UB] Skip duplicate onMessage: -1001714667923_4265925_in
[TG-UB] Poll found message from -1001714667923 text: [media]
[TG-UB] Incoming message: -1001714667923 [media]
[TG-UB] Skip duplicate onMessage: -1001714667923_4265924_in
[TG-UB] Poll found message from -1001714667923 text: 整過下？🤔
[TG-UB] Incoming message: -1001714667923 整過下？🤔
[TG-UB] Skip duplicate onMessage: -1001714667923_4265923_in
[TG-UB] Poll found message from -1001714667923 text: 🤣🤣假到呢
[TG-UB] Incoming message: -1001714667923 🤣🤣假到呢
[TG-UB] Skip duplicate onMessage: -1001714667923_4265922_in
[TG-UB] Poll found message from -1001714667923 text: 轉咗人喎
[TG-UB] Incoming message: -1001714667923 轉咗人喎
[TG-UB] Skip duplicate onMessage: -1001714667923_4265921_in
[35m[2026-09-19T15:55:54.118] [WARN] - [Disconnecting...][0m
[33m[2026-09-19T15:55:54.118] [INFO] - [Disconnecting from 149.154.175.56:443/TCPFull...][0m
[33m[2026-09-19T15:55:54.119] [INFO] - [connection closed][0m
[TG-UB] NewMessage from -1001714667923 text: 仲可以兩穴🤭
[TG-UB] Incoming message: -1001714667923 仲可以兩穴🤭
[TG-UB] Incoming message: -1001714667923 仲可以兩穴🤭
[TG-UB] Skip duplicate onMessage: -1001714667923_4265937_in
[33m[2026-09-19T15:56:09.134] [INFO] - [Starting direct file download in chunks of 65536 at 0, stride 65536][0m
[TG-UB] NewMessage from -1001714667923 text: 條女已經冇感覺
[TG-UB] Incoming message: -1001714667923 條女已經冇感覺
[TG-UB] Incoming message: -1001714667923 條女已經冇感覺
[TG-UB] Skip duplicate onMessage: -1001714667923_4265938_in
[33m[2026-09-19T15:56:16.184] [INFO] - [Starting direct file download in chunks of 65536 at 0, stride 65536][0m
[35m[2026-09-19T15:56:46.185] [WARN] - [Disconnecting...][0m
[33m[2026-09-19T15:56:46.185] [INFO] - [Disconnecting from 91.108.56.183:443/TCPFull...][0m
[33m[2026-09-19T15:56:46.185] [INFO] - [connection closed][0m
[TG-UB] NewMessage from -1001714667923 text: 任務：噴水 用個樽裝住再自己飲返
[TG-UB] Incoming message: -1001714667923 任務：噴水 用個樽裝住再自己飲返
[TG-UB] Incoming message: -1001714667923 任務：噴水 用個樽裝住再自己飲返
[TG-UB] Skip duplicate onMessage: -1001714667923_4265939_in
[33m[2026-09-19T15:56:52.869] [INFO] - [Starting direct file download in chunks of 65536 at 0, stride 65536][0m
[33m[2026-09-19T15:56:52.869] [INFO] - [Connecting to 91.108.56.183:443/TCPFull...][0m
[33m[2026-09-19T15:56:52.936] [INFO] - [Connection to 91.108.56.183:443/TCPFull complete!][0m
[TG-UB] NewMessage from -1001714667923 text: 轉頭會唔會又加錢😂😂
[TG-UB] Incoming message: -1001714667923 轉頭會唔會又加錢😂😂
[TG-UB] Incoming message: -1001714667923 轉頭會唔會又加錢😂😂
[TG-UB] Skip duplicate onMessage: -1001714667923_4265940_in
[33m[2026-09-19T15:56:53.927] [INFO] - [Starting direct file download in chunks of 65536 at 0, stride 65536][0m
[TG-UB] NewMessage from -1001714667923 text: 睇吓邊個控制唔到自己啦
[TG-UB] Incoming message: -1001714667923 睇吓邊個控制唔到自己啦
[TG-UB] Incoming message: -1001714667923 睇吓邊個控制唔到自己啦
[TG-UB] Skip duplicate onMessage: -1001714667923_4265941_in
[33m[2026-09-19T15:57:07.873] [INFO] - [Starting direct file download in chunks of 65536 at 0, stride 65536][0m
[TG-UB] NewMessage from -1001714667923 text: 
[TG-UB] Incoming message: -1001714667923 [MessageMediaDocument]
[TG-UB] Incoming message: -1001714667923 [MessageMediaDocument]
[TG-UB] Skip duplicate onMessage: -1001714667923_4265942_in
[33m[2026-09-19T15:57:14.460] [INFO] - [Starting direct file download in chunks of 65536 at 0, stride 65536][0m
[TG-UB Media DEBUG] type=MessageMediaDocument isOut=false hasRaw=true client=undef
[TG-UB Media] Downloading msgId=4265942 type=MessageMediaDocument rawType=Message
[33m[2026-09-19T15:57:14.633] [INFO] - [Starting direct file download in chunks of 131072 at 0, stride 131072][0m
[33m[2026-09-19T15:57:14.633] [INFO] - [Connecting to 149.154.175.56:443/TCPFull...][0m
[33m[2026-09-19T15:57:14.827] [INFO] - [Connection to 149.154.175.56:443/TCPFull complete!][0m
[33m[2026-09-19T15:57:15.033] [INFO] - [File lives in another DC][0m
[TG-UB] NewMessage from -1001714667923 text: 肯定加，加到1200😂
[TG-UB] Incoming message: -1001714667923 肯定加，加到1200😂
[TG-UB] Incoming message: -1001714667923 肯定加，加到1200😂
[TG-UB] Skip duplicate onMessage: -1001714667923_4265943_in
[33m[2026-09-19T15:57:22.868] [INFO] - [Starting direct file download in chunks of 65536 at 0, stride 65536][0m
[TG-UB Media] Download result: buf=buffer:16125706
[TG-UB] Media downloaded: 6fb9324c445c396ee15c0e9f4d2b6308.jpg
[35m[2026-09-19T15:57:44.828] [WARN] - [Disconnecting...][0m
[33m[2026-09-19T15:57:44.828] [INFO] - [Disconnecting from 149.154.175.56:443/TCPFull...][0m
[33m[2026-09-19T15:57:44.828] [INFO] - [connection closed][0m
[TG-UB] Poll found message from -1001714667923 text: 肯定加，加到1200😂
[TG-UB] Incoming message: -1001714667923 肯定加，加到1200😂
[TG-UB] Skip duplicate onMessage: -1001714667923_4265943_in
[TG-UB] Poll found message from -1001714667923 text: [media]
[TG-UB] Incoming message: -1001714667923 [media]
[TG-UB] Skip duplicate onMessage: -1001714667923_4265942_in
[TG-UB] Poll found message from -1001714667923 text: 睇吓邊個控制唔到自己啦
[TG-UB] Incoming message: -1001714667923 睇吓邊個控制唔到自己啦
[TG-UB] Skip duplicate onMessage: -1001714667923_4265941_in
[TG-UB] Poll found message from -1001714667923 text: 轉頭會唔會又加錢😂😂
[TG-UB] Incoming message: -1001714667923 轉頭會唔會又加錢😂😂
[TG-UB] Skip duplicate onMessage: -1001714667923_4265940_in
[TG-UB] Poll found message from -1001714667923 text: 任務：噴水 用個樽裝住再自己飲返
[TG-UB] Incoming message: -1001714667923 任務：噴水 用個樽裝住再自己飲返
[TG-UB] Skip duplicate onMessage: -1001714667923_4265939_in
[TG-UB] Poll found message from -1001714667923 text: 條女已經冇感覺
[TG-UB] Incoming message: -1001714667923 條女已經冇感覺
[TG-UB] Skip duplicate onMessage: -1001714667923_4265938_in
[TG-UB] Poll found message from -1001714667923 text: 仲可以兩穴🤭
[TG-UB] Incoming message: -1001714667923 仲可以兩穴🤭
[TG-UB] Skip duplicate onMessage: -1001714667923_4265937_in
[TG-UB] NewMessage from -1001714667923 text: 似系無盡頭😂
[TG-UB] Incoming message: -1001714667923 似系無盡頭😂
[TG-UB] Incoming message: -1001714667923 似系無盡頭😂
[TG-UB] Skip duplicate onMessage: -1001714667923_4265944_in
[33m[2026-09-19T15:57:59.459] [INFO] - [Starting direct file download in chunks of 65536 at 0, stride 65536][0m
[TG-UB] NewMessage from -1001714667923 text: 閃下先🤭🤭
[TG-UB] Incoming message: -1001714667923 閃下先🤭🤭
[TG-UB] Incoming message: -1001714667923 閃下先🤭🤭
[TG-UB] Skip duplicate onMessage: -1001714667923_4265945_in
[33m[2026-09-19T15:58:17.225] [INFO] - [Starting direct file download in chunks of 65536 at 0, stride 65536][0m
[TG-UB Media DEBUG] type=MessageMediaPhoto isOut=false hasRaw=true client=undef
[TG-UB Media] Downloading msgId=4265945 type=MessageMediaPhoto rawType=Message
[33m[2026-09-19T15:58:17.314] [INFO] - [Starting direct file download in chunks of 131072 at 0, stride 131072][0m
[TG-UB Media] Download result: buf=buffer:73751
[TG-UB] Media downloaded: 91bbb7df4fde29c1948132f1c24676e5.jpg
[TG-UB] NewMessage from -1001714667923 text: 正
[TG-UB] Incoming message: -1001714667923 正
[TG-UB] Incoming message: -1001714667923 正
[TG-UB] Skip duplicate onMessage: -1001714667923_4265946_in
[33m[2026-09-19T15:58:23.511] [INFO] - [Starting direct file download in chunks of 65536 at 0, stride 65536][0m
[TG-UB] NewMessage from -1001714667923 text: 黑旗袍
[TG-UB] Incoming message: -1001714667923 黑旗袍
[TG-UB] Incoming message: -1001714667923 黑旗袍
[TG-UB] Skip duplicate onMessage: -1001714667923_4265947_in
[33m[2026-09-19T15:58:33.055] [INFO] - [Starting direct file download in chunks of 65536 at 0, stride 65536][0m
[TG-UB] NewMessage from -1001714667923 text: 先收咗你600先,再黎其他+錢服務
[TG-UB] Incoming message: -1001714667923 先收咗你600先,再黎其他+錢服務
[TG-UB] Incoming message: -1001714667923 先收咗你600先,再黎其他+錢服務
[TG-UB] Skip duplicate onMessage: -1001714667923_4265948_in
[33m[2026-09-19T15:58:43.663] [INFO] - [Starting direct file download in chunks of 65536 at 0, stride 65536][0m
[TG-UB] NewMessage from -1001714667923 text: 大
[TG-UB] Incoming message: -1001714667923 大
[TG-UB] Incoming message: -1001714667923 大
[TG-UB] Skip duplicate onMessage: -1001714667923_4265949_in
[33m[2026-09-19T15:58:57.973] [INFO] - [Starting direct file download in chunks of 65536 at 0, stride 65536][0m
[TG-UB] NewMessage from -1001714667923 text: 羨慕👍
[TG-UB] Incoming message: -1001714667923 羨慕👍
[TG-UB] Incoming message: -1001714667923 羨慕👍
[TG-UB] Skip duplicate onMessage: -1001714667923_4265950_in
[33m[2026-09-19T15:58:59.705] [INFO] - [Starting direct file download in chunks of 65536 at 0, stride 65536][0m
[TG-UB] NewMessage from -1001714667923 text: 約炮🙋‍♂
[TG-UB] Incoming message: -1001714667923 約炮🙋‍♂
[TG-UB] Incoming message: -1001714667923 約炮🙋‍♂
[TG-UB] Skip duplicate onMessage: -1001714667923_4265951_in
[33m[2026-09-19T15:59:00.428] [INFO] - [Starting direct file download in chunks of 65536 at 0, stride 65536][0m
[TG-UB] NewMessage from -1001714667923 text: 上樓前要再俾多次錢
[TG-UB] Incoming message: -1001714667923 上樓前要再俾多次錢
[TG-UB] Incoming message: -1001714667923 上樓前要再俾多次錢
[TG-UB] Skip duplicate onMessage: -1001714667923_4265952_in
[33m[2026-09-19T15:59:20.924] [INFO] - [Starting direct file download in chunks of 65536 at 0, stride 65536][0m
[TG-UB] NewMessage from -1001714667923 text: 有頭腦
[TG-UB] Incoming message: -1001714667923 有頭腦
[TG-UB] Incoming message: -1001714667923 有頭腦
[TG-UB] Skip duplicate onMessage: -1001714667923_4265953_in
[33m[2026-09-19T15:59:23.765] [INFO] - [Starting direct file download in chunks of 65536 at 0, stride 65536][0m
[TG-UB] NewMessage from -1001714667923 text: 
[TG-UB] Incoming message: -1001714667923 [MessageMediaPhoto]
[TG-UB] Incoming message: -1001714667923 [MessageMediaPhoto]
[TG-UB] Skip duplicate onMessage: -1001714667923_4265954_in
[33m[2026-09-19T15:59:29.610] [INFO] - [Starting direct file download in chunks of 65536 at 0, stride 65536][0m
[TG-UB Media DEBUG] type=MessageMediaPhoto isOut=false hasRaw=true client=undef
[TG-UB Media] Downloading msgId=4265954 type=MessageMediaPhoto rawType=Message
[33m[2026-09-19T15:59:29.703] [INFO] - [Starting direct file download in chunks of 131072 at 0, stride 131072][0m
[TG-UB Media] Download result: buf=buffer:257837
[TG-UB] Media downloaded: d4a05ef5685178669b0a20ac106d23ff.jpg
[TG-UB] NewMessage from -1001714667923 text: 無理了 一睇就炸
[TG-UB] Incoming message: -1001714667923 無理了 一睇就炸
[TG-UB] Incoming message: -1001714667923 無理了 一睇就炸
[TG-UB] Skip duplicate onMessage: -1001714667923_4265955_in
[33m[2026-09-19T15:59:33.781] [INFO] - [Starting direct file download in chunks of 65536 at 0, stride 65536][0m
[TG-UB] NewMessage from -1001714667923 text: WOW
[TG-UB] Incoming message: -1001714667923 WOW
[TG-UB] Incoming message: -1001714667923 WOW
[TG-UB] Skip duplicate onMessage: -1001714667923_4265956_in
[33m[2026-09-19T15:59:41.534] [INFO] - [Starting direct file download in chunks of 65536 at 0, stride 65536][0m
[TG-UB] NewMessage from -1001714667923 text: 乂波波
[TG-UB] Incoming message: -1001714667923 乂波波
[TG-UB] Incoming message: -1001714667923 乂波波
[TG-UB] Skip duplicate onMessage: -1001714667923_4265957_in
[33m[2026-09-19T15:59:45.337] [INFO] - [Starting direct file download in chunks of 65536 at 0, stride 65536][0m
[TG-UB] Poll found message from -1001714667923 text: 乂波波
[TG-UB] Incoming message: -1001714667923 乂波波
[TG-UB] Skip duplicate onMessage: -1001714667923_4265957_in
[TG-UB] Poll found message from -1001714667923 text: WOW
[TG-UB] Incoming message: -1001714667923 WOW
[TG-UB] Skip duplicate onMessage: -1001714667923_4265956_in
[TG-UB] Poll found message from -1001714667923 text: 無理了 一睇就炸
[TG-UB] Incoming message: -1001714667923 無理了 一睇就炸
[TG-UB] Skip duplicate onMessage: -1001714667923_4265955_in
[TG-UB] Poll found message from -1001714667923 text: [media]
[TG-UB] Incoming message: -1001714667923 [media]
[TG-UB] Skip duplicate onMessage: -1001714667923_4265954_in
[TG-UB] Poll found message from -1001714667923 text: 有頭腦
[TG-UB] Incoming message: -1001714667923 有頭腦
[TG-UB] Skip duplicate onMessage: -1001714667923_4265953_in
[TG-UB] Poll found message from -1001714667923 text: 上樓前要再俾多次錢
[TG-UB] Incoming message: -1001714667923 上樓前要再俾多次錢
[TG-UB] Skip duplicate onMessage: -1001714667923_4265952_in
[TG-UB] Poll found message from -1001714667923 text: 約炮🙋‍♂
[TG-UB] Incoming message: -1001714667923 約炮🙋‍♂
[TG-UB] Skip duplicate onMessage: -1001714667923_4265951_in
[TG-UB] Poll found message from -1001714667923 text: 羨慕👍
[TG-UB] Incoming message: -1001714667923 羨慕👍
[TG-UB] Skip duplicate onMessage: -1001714667923_4265950_in
[TG-UB] Poll found message from -1001714667923 text: 大
[TG-UB] Incoming message: -1001714667923 大
[TG-UB] Skip duplicate onMessage: -1001714667923_4265949_in
[TG-UB] Poll found message from -1001714667923 text: 先收咗你600先,再黎其他+錢服務
[TG-UB] Incoming message: -1001714667923 先收咗你600先,再黎其他+錢服務
[TG-UB] Skip duplicate onMessage: -1001714667923_4265948_in
[TG-UB] Poll found message from -1001714667923 text: 黑旗袍
[TG-UB] Incoming message: -1001714667923 黑旗袍
[TG-UB] Skip duplicate onMessage: -1001714667923_4265947_in
[TG-UB] Poll found message from -1001714667923 text: 正
[TG-UB] Incoming message: -1001714667923 正
[TG-UB] Skip duplicate onMessage: -1001714667923_4265946_in
[TG-UB] Poll found message from -1001714667923 text: 閃下先🤭🤭
[TG-UB] Incoming message: -1001714667923 閃下先🤭🤭
[TG-UB] Skip duplicate onMessage: -1001714667923_4265945_in
[TG-UB] Poll found message from -1001714667923 text: 似系無盡頭😂
[TG-UB] Incoming message: -1001714667923 似系無盡頭😂
[TG-UB] Skip duplicate onMessage: -1001714667923_4265944_in
[TG-UB] NewMessage from -1001714667923 text: 太勁 3個頭
[TG-UB] Incoming message: -1001714667923 太勁 3個頭
[TG-UB] Incoming message: -1001714667923 太勁 3個頭
[TG-UB] Skip duplicate onMessage: -1001714667923_4265958_in
[33m[2026-09-19T15:59:57.911] [INFO] - [Starting direct file download in chunks of 65536 at 0, stride 65536][0m
[TG-UB] NewMessage from -1001714667923 text: 砌大波妹
[TG-UB] Incoming message: -1001714667923 砌大波妹
[TG-UB] Incoming message: -1001714667923 砌大波妹
[TG-UB] Skip duplicate onMessage: -1001714667923_4265959_in
[33m[2026-09-19T16:00:00.053] [INFO] - [Starting direct file download in chunks of 65536 at 0, stride 65536][0m
[TG-UB] NewMessage from -1001714667923 text: 可PM我🙋‍♂
[TG-UB] Incoming message: -1001714667923 可PM我🙋‍♂
[TG-UB] Incoming message: -1001714667923 可PM我🙋‍♂
[TG-UB] Skip duplicate onMessage: -1001714667923_4265960_in
[33m[2026-09-19T16:00:15.488] [INFO] - [Starting direct file download in chunks of 65536 at 0, stride 65536][0m
[TG-UB] NewMessage from -1001714667923 text: 想認識
[TG-UB] Incoming message: -1001714667923 想認識
[TG-UB] Incoming message: -1001714667923 想認識
[TG-UB] Skip duplicate onMessage: -1001714667923_4265961_in
[33m[2026-09-19T16:00:34.302] [INFO] - [Starting direct file download in chunks of 65536 at 0, stride 65536][0m
[TG-UB] NewMessage from -1001714667923 text: Wow，真是大
[TG-UB] Incoming message: -1001714667923 Wow，真是大
[TG-UB] Incoming message: -1001714667923 Wow，真是大
[TG-UB] Skip duplicate onMessage: -1001714667923_4265962_in
[33m[2026-09-19T16:00:38.955] [INFO] - [Starting direct file download in chunks of 65536 at 0, stride 65536][0m
[TG-UB] NewMessage from -1001714667923 text: DM
[TG-UB] Incoming message: -1001714667923 DM
[TG-UB] Incoming message: -1001714667923 DM
[TG-UB] Skip duplicate onMessage: -1001714667923_4265963_in
[33m[2026-09-19T16:00:39.762] [INFO] - [Starting direct file download in chunks of 65536 at 0, stride 65536][0m
[TG-UB] NewMessage from -1001714667923 text: 快咗啦，咁掠水都得唔夠㗎
[TG-UB] Incoming message: -1001714667923 快咗啦，咁掠水都得唔夠㗎
[33m[2026-09-19T16:00:45.736] [INFO] - [Starting direct file download in chunks of 65536 at 0, stride 65536][0m
[TG-UB] Incoming message: -1001714667923 快咗啦，咁掠水都得唔夠㗎
[TG-UB] Skip duplicate onMessage: -1001714667923_4265964_in
[35m[2026-09-19T16:01:15.737] [WARN] - [Disconnecting...][0m
[33m[2026-09-19T16:01:15.737] [INFO] - [Disconnecting from 91.108.56.183:443/TCPFull...][0m
[33m[2026-09-19T16:01:15.738] [INFO] - [connection closed][0m
[TG-UB] NewMessage from -1001714667923 text: 好耐冇遇到大波妹了😍
[TG-UB] Incoming message: -1001714667923 好耐冇遇到大波妹了😍
[TG-UB] Incoming message: -1001714667923 好耐冇遇到大波妹了😍
[TG-UB] Skip duplicate onMessage: -1001714667923_4265965_in
[33m[2026-09-19T16:01:22.459] [INFO] - [Starting direct file download in chunks of 65536 at 0, stride 65536][0m
[33m[2026-09-19T16:01:22.459] [INFO] - [Connecting to 91.108.56.183:443/TCPFull...][0m
[33m[2026-09-19T16:01:22.525] [INFO] - [Connection to 91.108.56.183:443/TCPFull complete!][0m
[35m[2026-09-19T16:01:52.527] [WARN] - [Disconnecting...][0m
[33m[2026-09-19T16:01:52.527] [INFO] - [Disconnecting from 91.108.56.183:443/TCPFull...][0m
[33m[2026-09-19T16:01:52.528] [INFO] - [connection closed][0m
[TG-UB] Poll found message from -1001714667923 text: 好耐冇遇到大波妹了😍
[TG-UB] Incoming message: -1001714667923 好耐冇遇到大波妹了😍
[TG-UB] Skip duplicate onMessage: -1001714667923_4265965_in
[TG-UB] Poll found message from -1001714667923 text: 快咗啦，咁掠水唔夠㗎
[TG-UB] Incoming message: -1001714667923 快咗啦，咁掠水唔夠㗎
[TG-UB] Skip duplicate onMessage: -1001714667923_4265964_in
[TG-UB] Poll found message from -1001714667923 text: DM
[TG-UB] Incoming message: -1001714667923 DM
[TG-UB] Skip duplicate onMessage: -1001714667923_4265963_in
[TG-UB] Poll found message from -1001714667923 text: Wow，真是大
[TG-UB] Incoming message: -1001714667923 Wow，真是大
[TG-UB] Skip duplicate onMessage: -1001714667923_4265962_in
[TG-UB] Poll found message from -1001714667923 text: 想認識
[TG-UB] Incoming message: -1001714667923 想認識
[TG-UB] Skip duplicate onMessage: -1001714667923_4265961_in
[TG-UB] Poll found message from -1001714667923 text: 可PM我🙋‍♂
[TG-UB] Incoming message: -1001714667923 可PM我🙋‍♂
[TG-UB] Skip duplicate onMessage: -1001714667923_4265960_in
[TG-UB] Poll found message from -1001714667923 text: 砌大波妹
[TG-UB] Incoming message: -1001714667923 砌大波妹
[TG-UB] Skip duplicate onMessage: -1001714667923_4265959_in
[TG-UB] Poll found message from -1001714667923 text: 太勁 3個頭
[TG-UB] Incoming message: -1001714667923 太勁 3個頭
[TG-UB] Skip duplicate onMessage: -1001714667923_4265958_in
[TG-UB] NewMessage from -1001714667923 text: 大
[TG-UB] Incoming message: -1001714667923 大
[TG-UB] Incoming message: -1001714667923 大
[TG-UB] Skip duplicate onMessage: -1001714667923_4265966_in
[33m[2026-09-19T16:02:02.467] [INFO] - [Starting direct file download in chunks of 65536 at 0, stride 65536][0m
[33m[2026-09-19T16:02:02.468] [INFO] - [Connecting to 91.108.56.183:443/TCPFull...][0m
[33m[2026-09-19T16:02:02.534] [INFO] - [Connection to 91.108.56.183:443/TCPFull complete!][0m
[TG-UB] NewMessage from -1001714667923 text: 黑旗袍好好看
[TG-UB] Incoming message: -1001714667923 黑旗袍好好看
[TG-UB] Incoming message: -1001714667923 黑旗袍好好看
[TG-UB] Skip duplicate onMessage: -1001714667923_4265967_in
[33m[2026-09-19T16:02:06.182] [INFO] - [Starting direct file download in chunks of 65536 at 0, stride 65536][0m
[TG-UB] NewMessage from -1001714667923 text: 有啲abc feel
[TG-UB] Incoming message: -1001714667923 有啲abc feel
[TG-UB] Incoming message: -1001714667923 有啲abc feel
[TG-UB] Skip duplicate onMessage: -1001714667923_4265968_in
[33m[2026-09-19T16:02:07.145] [INFO] - [Starting direct file download in chunks of 65536 at 0, stride 65536][0m
[TG-UB] NewMessage from -1001714667923 text: 凌導演,有咩高見😂
[TG-UB] Incoming message: -1001714667923 凌導演,有咩高見😂
[TG-UB] Incoming message: -1001714667923 凌導演,有咩高見😂
[TG-UB] Skip duplicate onMessage: -1001714667923_4265969_in
[33m[2026-09-19T16:02:11.888] [INFO] - [Starting direct file download in chunks of 65536 at 0, stride 65536][0m
[35m[2026-09-19T16:02:41.889] [WARN] - [Disconnecting...][0m
[33m[2026-09-19T16:02:41.889] [INFO] - [Disconnecting from 91.108.56.183:443/TCPFull...][0m
[33m[2026-09-19T16:02:41.889] [INFO] - [connection closed][0m
[TG-UB] NewMessage from -1001714667923 text: 我刪咗佢啦喎 佢俾我睇張相似大陸妹子
[TG-UB] Incoming message: -1001714667923 我刪咗佢啦喎 佢俾我睇張相似大陸妹子
[TG-UB] Incoming message: -1001714667923 我刪咗佢啦喎 佢俾我睇張相似大陸妹子
[TG-UB] Skip duplicate onMessage: -1001714667923_4265970_in
[33m[2026-09-19T16:03:04.416] [INFO] - [Starting direct file download in chunks of 65536 at 0, stride 65536][0m
[33m[2026-09-19T16:03:04.416] [INFO] - [Connecting to 91.108.56.183:443/TCPFull...][0m
[33m[2026-09-19T16:03:04.483] [INFO] - [Connection to 91.108.56.183:443/TCPFull complete!][0m
[35m[2026-09-19T16:03:34.484] [WARN] - [Disconnecting...][0m
[33m[2026-09-19T16:03:34.484] [INFO] - [Disconnecting from 91.108.56.183:443/TCPFull...][0m
[33m[2026-09-19T16:03:34.485] [INFO] - [connection closed][0m
[Socket] User 1 disconnected (socket: 8j3APrNvlE3NgMJJAAAB, reason: ping timeout)
[TG-UB] Poll found message from -1001714667923 text: 我刪咗佢啦喎 佢俾我睇張相似大陸妹子
[TG-UB] Incoming message: -1001714667923 我刪咗佢啦喎 佢俾我睇張相似大陸妹子
[TG-UB] Skip duplicate onMessage: -1001714667923_4265970_in
[TG-UB] Poll found message from -1001714667923 text: 凌導演,有咩高見😂
[TG-UB] Incoming message: -1001714667923 凌導演,有咩高見😂
[TG-UB] Skip duplicate onMessage: -1001714667923_4265969_in
[TG-UB] Poll found message from -1001714667923 text: 有啲abc feel
[TG-UB] Incoming message: -1001714667923 有啲abc feel
[TG-UB] Skip duplicate onMessage: -1001714667923_4265968_in
[TG-UB] Poll found message from -1001714667923 text: 黑旗袍好好看
[TG-UB] Incoming message: -1001714667923 黑旗袍好好看
[TG-UB] Skip duplicate onMessage: -1001714667923_4265967_in
[TG-UB] Poll found message from -1001714667923 text: 大
[TG-UB] Incoming message: -1001714667923 大
[TG-UB] Skip duplicate onMessage: -1001714667923_4265966_in
[TG-UB] NewMessage from -1001714667923 text: 晒傷咁，皮膚有啲興
[TG-UB] Incoming message: -1001714667923 晒傷咁，皮膚有啲興
[TG-UB] Incoming message: -1001714667923 晒傷咁，皮膚有啲興
[TG-UB] Skip duplicate onMessage: -1001714667923_4265971_in
[33m[2026-09-19T16:04:41.633] [INFO] - [Starting direct file download in chunks of 65536 at 0, stride 65536][0m
[33m[2026-09-19T16:04:41.633] [INFO] - [Connecting to 91.108.56.183:443/TCPFull...][0m
[33m[2026-09-19T16:04:41.700] [INFO] - [Connection to 91.108.56.183:443/TCPFull complete!][0m
[TG-UB] NewMessage from -1001714667923 text: 600係預約費，到樓下再俾600，上到去原來係紅姨嗰type😂，反正嚟都嚟咗入去，加其他服務再每樣
[TG-UB] Incoming message: -1001714667923 600係預約費，到樓下再俾600，上到去原來係紅姨嗰type😂，反正嚟都嚟咗入去，加其他服務再每樣
[TG-UB] Incoming message: -1001714667923 600係預約費，到樓下再俾600，上到去原來係紅姨嗰type😂，反正嚟都嚟咗入去，加其他服務再每樣
[TG-UB] Skip duplicate onMessage: -1001714667923_4265972_in
[33m[2026-09-19T16:04:42.804] [INFO] - [Starting direct file download in chunks of 65536 at 0, stride 65536][0m
[Socket] User 1 connected (socket: fkc4XBZUy3R-4S72AABc)
[WA Sync] wa_whatsapp1_mtc3zz7c synced 8 contacts
[TG-UB] NewMessage from -1001714667923 text: 一睇就知係大陸妹
[TG-UB] Incoming message: -1001714667923 一睇就知係大陸妹
[TG-UB] Incoming message: -1001714667923 一睇就知係大陸妹
[TG-UB] Skip duplicate onMessage: -1001714667923_4265973_in
[33m[2026-09-19T16:05:01.173] [INFO] - [Starting direct file download in chunks of 65536 at 0, stride 65536][0m
[35m[2026-09-19T16:05:31.174] [WARN] - [Disconnecting...][0m
[33m[2026-09-19T16:05:31.174] [INFO] - [Disconnecting from 91.108.56.183:443/TCPFull...][0m
[33m[2026-09-19T16:05:31.174] [INFO] - [connection closed][0m
[TG-UB] NewMessage from -1001714667923 text: 預咗唔出現架喇
[TG-UB] Incoming message: -1001714667923 預咗唔出現架喇
[TG-UB] Incoming message: -1001714667923 預咗唔出現架喇
[TG-UB] Skip duplicate onMessage: -1001714667923_4265974_in
[33m[2026-09-19T16:05:47.160] [INFO] - [Starting direct file download in chunks of 65536 at 0, stride 65536][0m
[33m[2026-09-19T16:05:47.161] [INFO] - [Connecting to 91.108.56.183:443/TCPFull...][0m
[33m[2026-09-19T16:05:47.228] [INFO] - [Connection to 91.108.56.183:443/TCPFull complete!][0m
[TG-UB] Poll found message from -1001714667923 text: 預咗唔出現架喇
[TG-UB] Incoming message: -1001714667923 預咗唔出現架喇
[TG-UB] Skip duplicate onMessage: -1001714667923_4265974_in
[TG-UB] Poll found message from -1001714667923 text: 一睇就知係大陸妹
[TG-UB] Incoming message: -1001714667923 一睇就知係大陸妹
[TG-UB] Skip duplicate onMessage: -1001714667923_4265973_in
[TG-UB] Poll found message from -1001714667923 text: 600係預約費，到樓下再俾600，上到去原來係紅姨嗰type😂，反正嚟都嚟咗入去，加其他服務再每樣
[TG-UB] Incoming message: -1001714667923 600係預約費，到樓下再俾600，上到去原來係紅姨嗰type😂，反正嚟都嚟咗入去，加其他服務再每樣
[TG-UB] Skip duplicate onMessage: -1001714667923_4265972_in
[TG-UB] Poll found message from -1001714667923 text: 晒傷咁，皮膚有啲興
[TG-UB] Incoming message: -1001714667923 晒傷咁，皮膚有啲興
[TG-UB] Skip duplicate onMessage: -1001714667923_4265971_in
[TG-UB] NewMessage from -1001714667923 text: 咁可能人哋真係有呢😂
[TG-UB] Incoming message: -1001714667923 咁可能人哋真係有呢😂
[TG-UB] Incoming message: -1001714667923 咁可能人哋真係有呢😂
[TG-UB] Skip duplicate onMessage: -1001714667923_4265975_in
[33m[2026-09-19T16:06:03.186] [INFO] - [Starting direct file download in chunks of 65536 at 0, stride 65536][0m
[TG-UB] NewMessage from -1001714667923 text: 佢開我1400 睇到就怪
[TG-UB] Incoming message: -1001714667923 佢開我1400 睇到就怪
[TG-UB] Incoming message: -1001714667923 佢開我1400 睇到就怪
[TG-UB] Skip duplicate onMessage: -1001714667923_4265976_in
[33m[2026-09-19T16:06:04.996] [INFO] - [Starting direct file download in chunks of 65536 at 0, stride 65536][0m
[TG-UB] NewMessage from -1001714667923 text: 重點
[TG-UB] Incoming message: -1001714667923 重點
[TG-UB] Incoming message: -1001714667923 重點
[TG-UB] Skip duplicate onMessage: -1001714667923_4265977_in
[33m[2026-09-19T16:06:08.902] [INFO] - [Starting direct file download in chunks of 65536 at 0, stride 65536][0m
[TG-UB] NewMessage from -1001714667923 text: 有女主動埋身都唔一定好野
[TG-UB] Incoming message: -1001714667923 有女主動埋身都唔一定好野
[TG-UB] Incoming message: -1001714667923 有女主動埋身都唔一定好野
[TG-UB] Skip duplicate onMessage: -1001714667923_4265978_in
[33m[2026-09-19T16:06:29.897] [INFO] - [Starting direct file download in chunks of 65536 at 0, stride 65536][0m
[TG-UB] NewMessage from -1001714667923 text: 😝,俾你揀呢？
[TG-UB] Incoming message: -1001714667923 😝,俾你揀呢？
[TG-UB] Incoming message: -1001714667923 😝,俾你揀呢？
[TG-UB] Skip duplicate onMessage: -1001714667923_4265979_in
[33m[2026-09-19T16:06:39.041] [INFO] - [Starting direct file download in chunks of 65536 at 0, stride 65536][0m
[TG-UB] NewMessage from -1001714667923 text: 仲未計酒店錢🤣
[TG-UB] Incoming message: -1001714667923 仲未計酒店錢🤣
[TG-UB] Incoming message: -1001714667923 仲未計酒店錢🤣
[TG-UB] Skip duplicate onMessage: -1001714667923_4265980_in
[33m[2026-09-19T16:06:40.523] [INFO] - [Starting direct file download in chunks of 65536 at 0, stride 65536][0m
[TG-UB] NewMessage from -1001714667923 text: 
[TG-UB] Incoming message: -1001714667923 [MessageMediaDocument]
[TG-UB] Incoming message: -1001714667923 [MessageMediaDocument]
[TG-UB] Skip duplicate onMessage: -1001714667923_4265981_in
[33m[2026-09-19T16:06:55.404] [INFO] - [Starting direct file download in chunks of 65536 at 0, stride 65536][0m
[TG-UB Media DEBUG] type=MessageMediaDocument isOut=false hasRaw=true client=undef
[TG-UB Media] Downloading msgId=4265981 type=MessageMediaDocument rawType=Message
[33m[2026-09-19T16:06:55.511] [INFO] - [Starting direct file download in chunks of 131072 at 0, stride 131072][0m
[33m[2026-09-19T16:06:55.511] [INFO] - [Connecting to 149.154.175.56:443/TCPFull...][0m
[33m[2026-09-19T16:06:55.699] [INFO] - [Connection to 149.154.175.56:443/TCPFull complete!][0m
[33m[2026-09-19T16:06:55.899] [INFO] - [File lives in another DC][0m
[TG-UB] NewMessage from -1001714667923 text: 一睇就知唔會去啦
[TG-UB] Incoming message: -1001714667923 一睇就知唔會去啦
[TG-UB] Incoming message: -1001714667923 一睇就知唔會去啦
[TG-UB] Skip duplicate onMessage: -1001714667923_4265982_in
[33m[2026-09-19T16:07:03.018] [INFO] - [Starting direct file download in chunks of 65536 at 0, stride 65536][0m
[TG-UB] NewMessage from -1001714667923 text: WOW
[TG-UB] Incoming message: -1001714667923 WOW
[TG-UB] Incoming message: -1001714667923 WOW
[TG-UB] Skip duplicate onMessage: -1001714667923_4265983_in
[33m[2026-09-19T16:07:11.675] [INFO] - [Starting direct file download in chunks of 65536 at 0, stride 65536][0m
[TG-UB Media] Download result: buf=buffer:7971210
[TG-UB] Media downloaded: b020a59c96b5bc598f836e62d04d6601.jpg
[TG-UB] NewMessage from -1001714667923 text: 咁怕羞🤭🤭🤭🤭
[TG-UB] Incoming message: -1001714667923 咁怕羞🤭🤭🤭🤭
[TG-UB] Incoming message: -1001714667923 咁怕羞🤭🤭🤭🤭
[TG-UB] Skip duplicate onMessage: -1001714667923_4265984_in
[33m[2026-09-19T16:07:21.486] [INFO] - [Starting direct file download in chunks of 65536 at 0, stride 65536][0m
[35m[2026-09-19T16:07:25.700] [WARN] - [Disconnecting...][0m
[33m[2026-09-19T16:07:25.700] [INFO] - [Disconnecting from 149.154.175.56:443/TCPFull...][0m
[33m[2026-09-19T16:07:25.700] [INFO] - [connection closed][0m
[TG-UB] NewMessage from -1001714667923 text: 
[TG-UB] Incoming message: -1001714667923 [MessageMediaDocument]
[TG-UB] Incoming message: -1001714667923 [MessageMediaDocument]
[TG-UB] Skip duplicate onMessage: -1001714667923_4265985_in
[33m[2026-09-19T16:07:48.029] [INFO] - [Starting direct file download in chunks of 65536 at 0, stride 65536][0m
[TG-UB Media DEBUG] type=MessageMediaDocument isOut=false hasRaw=true client=undef
[TG-UB Media] Downloading msgId=4265985 type=MessageMediaDocument rawType=Message
[33m[2026-09-19T16:07:48.165] [INFO] - [Starting direct file download in chunks of 131072 at 0, stride 131072][0m
[33m[2026-09-19T16:07:48.165] [INFO] - [Connecting to 149.154.175.56:443/TCPFull...][0m
[33m[2026-09-19T16:07:48.359] [INFO] - [Connection to 149.154.175.56:443/TCPFull complete!][0m
[33m[2026-09-19T16:07:48.565] [INFO] - [File lives in another DC][0m
[TG-UB Media] Download result: buf=buffer:1548376
[TG-UB] Media downloaded: e82e84634b9e2b0729d8ddc4bf492849.jpg
[TG-UB] Poll found message from -1001714667923 text: [media]
[TG-UB] Incoming message: -1001714667923 [media]
[TG-UB] Skip duplicate onMessage: -1001714667923_4265985_in
[TG-UB] Poll found message from -1001714667923 text: 咁怕羞🤭🤭🤭🤭
[TG-UB] Incoming message: -1001714667923 咁怕羞🤭🤭🤭🤭
[TG-UB] Skip duplicate onMessage: -1001714667923_4265984_in
[TG-UB] Poll found message from -1001714667923 text: WOW
[TG-UB] Incoming message: -1001714667923 WOW
[TG-UB] Skip duplicate onMessage: -1001714667923_4265983_in
[TG-UB] Poll found message from -1001714667923 text: 一睇就知唔會去啦
[TG-UB] Incoming message: -1001714667923 一睇就知唔會去啦
[TG-UB] Skip duplicate onMessage: -1001714667923_4265982_in
[TG-UB] Poll found message from -1001714667923 text: [media]
[TG-UB] Incoming message: -1001714667923 [media]
[TG-UB] Skip duplicate onMessage: -1001714667923_4265981_in
[TG-UB] Poll found message from -1001714667923 text: 仲未計酒店錢🤣
[TG-UB] Incoming message: -1001714667923 仲未計酒店錢🤣
[TG-UB] Skip duplicate onMessage: -1001714667923_4265980_in
[TG-UB] Poll found message from -1001714667923 text: 😝,俾你揀呢？
[TG-UB] Incoming message: -1001714667923 😝,俾你揀呢？
[TG-UB] Skip duplicate onMessage: -1001714667923_4265979_in
[TG-UB] Poll found message from -1001714667923 text: 有女主動埋身都唔一定好野
[TG-UB] Incoming message: -1001714667923 有女主動埋身都唔一定好野
[TG-UB] Skip duplicate onMessage: -1001714667923_4265978_in
[TG-UB] Poll found message from -1001714667923 text: 重點
[TG-UB] Incoming message: -1001714667923 重點
[TG-UB] Skip duplicate onMessage: -1001714667923_4265977_in
[TG-UB] Poll found message from -1001714667923 text: 佢開我1400 睇到就怪
[TG-UB] Incoming message: -1001714667923 佢開我1400 睇到就怪
[TG-UB] Skip duplicate onMessage: -1001714667923_4265976_in
[TG-UB] Poll found message from -1001714667923 text: 咁可能人哋真係有呢😂
[TG-UB] Incoming message: -1001714667923 咁可能人哋真係有呢😂
[TG-UB] Skip duplicate onMessage: -1001714667923_4265975_in
[35m[2026-09-19T16:08:18.360] [WARN] - [Disconnecting...][0m
[33m[2026-09-19T16:08:18.361] [INFO] - [Disconnecting from 149.154.175.56:443/TCPFull...][0m
[33m[2026-09-19T16:08:18.361] [INFO] - [connection closed][0m
[35m[2026-09-19T16:08:21.967] [WARN] - [Disconnecting...][0m
[33m[2026-09-19T16:08:21.967] [INFO] - [Disconnecting from 91.108.56.183:443/TCPFull...][0m
[33m[2026-09-19T16:08:21.968] [INFO] - [connection closed][0m
[TG-UB] NewMessage from -1001714667923 text: 大膽
[TG-UB] Incoming message: -1001714667923 大膽
[TG-UB] Incoming message: -1001714667923 大膽
[TG-UB] Skip duplicate onMessage: -1001714667923_4265986_in
[33m[2026-09-19T16:08:27.999] [INFO] - [Starting direct file download in chunks of 65536 at 0, stride 65536][0m
[33m[2026-09-19T16:08:28.000] [INFO] - [Connecting to 91.108.56.183:443/TCPFull...][0m
[33m[2026-09-19T16:08:28.066] [INFO] - [Connection to 91.108.56.183:443/TCPFull complete!][0m
[TG-UB] NewMessage from -1001714667923 text: 好正
[TG-UB] Incoming message: -1001714667923 好正
[TG-UB] Incoming message: -1001714667923 好正
[TG-UB] Skip duplicate onMessage: -1001714667923_4265987_in
[33m[2026-09-19T16:08:30.349] [INFO] - [Starting direct file download in chunks of 65536 at 0, stride 65536][0m
[TG-UB] NewMessage from -1001714667923 text: Wow
[TG-UB] Incoming message: -1001714667923 Wow
[TG-UB] Incoming message: -1001714667923 Wow
[TG-UB] Skip duplicate onMessage: -1001714667923_4265988_in
[33m[2026-09-19T16:08:41.997] [INFO] - [Starting direct file download in chunks of 65536 at 0, stride 65536][0m
[TG-UB] NewMessage from -1001714667923 text: 追劇咁追🙈
[TG-UB] Incoming message: -1001714667923 追劇咁追🙈
[TG-UB] Incoming message: -1001714667923 追劇咁追🙈
[TG-UB] Skip duplicate onMessage: -1001714667923_4265989_in
[33m[2026-09-19T16:08:47.860] [INFO] - [Starting direct file download in chunks of 65536 at 0, stride 65536][0m
[35m[2026-09-19T16:09:17.863] [WARN] - [Disconnecting...][0m
[33m[2026-09-19T16:09:17.863] [INFO] - [Disconnecting from 91.108.56.183:443/TCPFull...][0m
[33m[2026-09-19T16:09:17.864] [INFO] - [connection closed][0m
[TG-UB] NewMessage from -1001714667923 text: 一定有人咁樣賴過嘢
[TG-UB] Incoming message: -1001714667923 一定有人咁樣賴過嘢
[TG-UB] Incoming message: -1001714667923 一定有人咁樣賴過嘢
[TG-UB] Skip duplicate onMessage: -1001714667923_4265990_in
[33m[2026-09-19T16:09:24.275] [INFO] - [Starting direct file download in chunks of 65536 at 0, stride 65536][0m
[33m[2026-09-19T16:09:24.275] [INFO] - [Connecting to 91.108.56.183:443/TCPFull...][0m
[33m[2026-09-19T16:09:24.342] [INFO] - [Connection to 91.108.56.183:443/TCPFull complete!][0m
[TG-UB] NewMessage from -1001714667923 text: 好少騙徒
[TG-UB] Incoming message: -1001714667923 好少騙徒
[TG-UB] Incoming message: -1001714667923 好少騙徒
[TG-UB] Skip duplicate onMessage: -1001714667923_4265991_in
[33m[2026-09-19T16:09:36.044] [INFO] - [Starting direct file download in chunks of 65536 at 0, stride 65536][0m
[TG-UB] Poll found message from -1001714667923 text: 好少騙徒
[TG-UB] Incoming message: -1001714667923 好少騙徒
[TG-UB] Skip duplicate onMessage: -1001714667923_4265991_in
[TG-UB] Poll found message from -1001714667923 text: 一定有人咁樣賴過嘢
[TG-UB] Incoming message: -1001714667923 一定有人咁樣賴過嘢
[TG-UB] Skip duplicate onMessage: -1001714667923_4265990_in
[TG-UB] Poll found message from -1001714667923 text: 追劇咁追🙈
[TG-UB] Incoming message: -1001714667923 追劇咁追🙈
[TG-UB] Skip duplicate onMessage: -1001714667923_4265989_in
[TG-UB] Poll found message from -1001714667923 text: Wow
[TG-UB] Incoming message: -1001714667923 Wow
[TG-UB] Skip duplicate onMessage: -1001714667923_4265988_in
[TG-UB] Poll found message from -1001714667923 text: 好正
[TG-UB] Incoming message: -1001714667923 好正
[TG-UB] Skip duplicate onMessage: -1001714667923_4265987_in
[TG-UB] Poll found message from -1001714667923 text: 大膽
[TG-UB] Incoming message: -1001714667923 大膽
[TG-UB] Skip duplicate onMessage: -1001714667923_4265986_in
[35m[2026-09-19T16:10:06.044] [WARN] - [Disconnecting...][0m
[33m[2026-09-19T16:10:06.044] [INFO] - [Disconnecting from 91.108.56.183:443/TCPFull...][0m
[33m[2026-09-19T16:10:06.045] [INFO] - [connection closed][0m
[TG-UB] NewMessage from -1001714667923 text: 咁靚，仲要送上門
[TG-UB] Incoming message: -1001714667923 咁靚，仲要送上門
[TG-UB] Incoming message: -1001714667923 咁靚，仲要送上門
[TG-UB] Skip duplicate onMessage: -1001714667923_4265992_in
[33m[2026-09-19T16:10:07.168] [INFO] - [Starting direct file download in chunks of 65536 at 0, stride 65536][0m
[33m[2026-09-19T16:10:07.168] [INFO] - [Connecting to 91.108.56.183:443/TCPFull...][0m
[33m[2026-09-19T16:10:07.234] [INFO] - [Connection to 91.108.56.183:443/TCPFull complete!][0m
[TG-UB] NewMessage from -1001714667923 text: 有錢俾人呃不如去食大餐
[TG-UB] Incoming message: -1001714667923 有錢俾人呃不如去食大餐
[TG-UB] Incoming message: -1001714667923 有錢俾人呃不如去食大餐
[TG-UB] Skip duplicate onMessage: -1001714667923_4265993_in
[33m[2026-09-19T16:10:08.045] [INFO] - [Starting direct file download in chunks of 65536 at 0, stride 65536][0m
[TG-UB] NewMessage from -1001714667923 text: 正常啊！
[TG-UB] Incoming message: -1001714667923 正常啊！
[TG-UB] Incoming message: -1001714667923 正常啊！
[TG-UB] Skip duplicate onMessage: -1001714667923_4265994_in
[33m[2026-09-19T16:10:11.575] [INFO] - [Starting direct file download in chunks of 65536 at 0, stride 65536][0m
[TG-UB] NewMessage from -1001714667923 text: 賴咗嘢點會同人講
[TG-UB] Incoming message: -1001714667923 賴咗嘢點會同人講
[TG-UB] Incoming message: -1001714667923 賴咗嘢點會同人講
[TG-UB] Skip duplicate onMessage: -1001714667923_4265995_in
[33m[2026-09-19T16:10:35.991] [INFO] - [Starting direct file download in chunks of 65536 at 0, stride 65536][0m
[TG-UB] NewMessage from -1001714667923 text: 坐定定 ～～唔準郁🤭🤭
[TG-UB] Incoming message: -1001714667923 坐定定 ～～唔準郁🤭🤭
[TG-UB] Incoming message: -1001714667923 坐定定 ～～唔準郁🤭🤭
[TG-UB] Skip duplicate onMessage: -1001714667923_4265996_in
[33m[2026-09-19T16:10:40.905] [INFO] - [Starting direct file download in chunks of 65536 at 0, stride 65536][0m
[TG-UB Media DEBUG] type=MessageMediaPhoto isOut=false hasRaw=true client=undef
[TG-UB Media] Downloading msgId=4265996 type=MessageMediaPhoto rawType=Message
[33m[2026-09-19T16:10:41.056] [INFO] - [Starting direct file download in chunks of 131072 at 0, stride 131072][0m
[TG-UB Media] Download result: buf=buffer:48230
[TG-UB] Media downloaded: 1e49bbb164fbf0a84028a32f71b5e3c2.jpg
[TG-UB] NewMessage from -1001714667923 text: 嘩嘩嘩
[TG-UB] Incoming message: -1001714667923 嘩嘩嘩
[TG-UB] Incoming message: -1001714667923 嘩嘩嘩
[TG-UB] Skip duplicate onMessage: -1001714667923_4265997_in
[33m[2026-09-19T16:10:58.861] [INFO] - [Starting direct file download in chunks of 65536 at 0, stride 65536][0m
[TG-UB] NewMessage from -1001714667923 text: 靚pat
[TG-UB] Incoming message: -1001714667923 靚pat
[TG-UB] NewMessage from -1001714667923 text: 就係唔聽你講
[TG-UB] Incoming message: -1001714667923 就係唔聽你講
[TG-UB] Incoming message: -1001714667923 靚pat
[TG-UB] Skip duplicate onMessage: -1001714667923_4265998_in
[33m[2026-09-19T16:11:03.371] [INFO] - [Starting direct file download in chunks of 65536 at 0, stride 65536][0m
[33m[2026-09-19T16:11:03.373] [INFO] - [Starting direct file download in chunks of 65536 at 0, stride 65536][0m
[TG-UB] Incoming message: -1001714667923 就係唔聽你講
[TG-UB] Skip duplicate onMessage: -1001714667923_4265999_in
[TG-UB] NewMessage from -1001714667923 text: 有郁既？🤭🤭🤭
[TG-UB] Incoming message: -1001714667923 有郁既？🤭🤭🤭
[TG-UB] Incoming message: -1001714667923 有郁既？🤭🤭🤭
[TG-UB] Skip duplicate onMessage: -1001714667923_4266000_in
[33m[2026-09-19T16:11:10.025] [INFO] - [Starting direct file download in chunks of 65536 at 0, stride 65536][0m
[TG-UB] NewMessage from -1001714667923 text: 我準備好
[TG-UB] Incoming message: -1001714667923 我準備好
[TG-UB] Incoming message: -1001714667923 我準備好
[TG-UB] Skip duplicate onMessage: -1001714667923_4266001_in
[33m[2026-09-19T16:11:11.206] [INFO] - [Starting direct file download in chunks of 65536 at 0, stride 65536][0m
[TG-UB] NewMessage from -1001714667923 text: 
[TG-UB] Incoming message: -1001714667923 [MessageMediaDocument]
[TG-UB] Incoming message: -1001714667923 [MessageMediaDocument]
[TG-UB] Skip duplicate onMessage: -1001714667923_4266002_in
[33m[2026-09-19T16:11:14.953] [INFO] - [Starting direct file download in chunks of 65536 at 0, stride 65536][0m
[TG-UB Media DEBUG] type=MessageMediaDocument isOut=false hasRaw=true client=undef
[TG-UB Media] Downloading msgId=4266002 type=MessageMediaDocument rawType=Message
[33m[2026-09-19T16:11:15.115] [INFO] - [Starting direct file download in chunks of 131072 at 0, stride 131072][0m
[33m[2026-09-19T16:11:15.115] [INFO] - [Connecting to 149.154.175.56:443/TCPFull...][0m
[33m[2026-09-19T16:11:15.309] [INFO] - [Connection to 149.154.175.56:443/TCPFull complete!][0m
[33m[2026-09-19T16:11:15.513] [INFO] - [File lives in another DC][0m
[TG-UB Media] Download result: buf=buffer:1298
[TG-UB] Media downloaded: a860881b5a3f68b165b54d6c7952dabf.jpg
[TG-UB] NewMessage from -1001714667923 text: 哇
[TG-UB] Incoming message: -1001714667923 哇
[TG-UB] Incoming message: -1001714667923 哇
[TG-UB] Skip duplicate onMessage: -1001714667923_4266003_in
[33m[2026-09-19T16:11:20.678] [INFO] - [Starting direct file download in chunks of 65536 at 0, stride 65536][0m
[TG-UB] NewMessage from -1001714667923 text: 會同警察講🤭
[TG-UB] Incoming message: -1001714667923 會同警察講🤭
[TG-UB] Incoming message: -1001714667923 會同警察講🤭
[TG-UB] Skip duplicate onMessage: -1001714667923_4266004_in
[33m[2026-09-19T16:11:38.616] [INFO] - [Starting direct file download in chunks of 65536 at 0, stride 65536][0m
[35m[2026-09-19T16:11:45.310] [WARN] - [Disconnecting...][0m
[33m[2026-09-19T16:11:45.311] [INFO] - [Disconnecting from 149.154.175.56:443/TCPFull...][0m
[33m[2026-09-19T16:11:45.311] [INFO] - [connection closed][0m
[TG-UB] Poll found message from -1001714667923 text: 會同警察講🤭
[TG-UB] Incoming message: -1001714667923 會同警察講🤭
[TG-UB] Skip duplicate onMessage: -1001714667923_4266004_in
[TG-UB] Poll found message from -1001714667923 text: 哇
[TG-UB] Incoming message: -1001714667923 哇
[TG-UB] Skip duplicate onMessage: -1001714667923_4266003_in
[TG-UB] Poll found message from -1001714667923 text: [media]
[TG-UB] Incoming message: -1001714667923 [media]
[TG-UB] Skip duplicate onMessage: -1001714667923_4266002_in
[TG-UB] Poll found message from -1001714667923 text: 我準備好
[TG-UB] Incoming message: -1001714667923 我準備好
[TG-UB] Skip duplicate onMessage: -1001714667923_4266001_in
[TG-UB] Poll found message from -1001714667923 text: 有郁既？🤭🤭🤭
[TG-UB] Incoming message: -1001714667923 有郁既？🤭🤭🤭
[TG-UB] Skip duplicate onMessage: -1001714667923_4266000_in
[TG-UB] Poll found message from -1001714667923 text: 就係唔聽你講
[TG-UB] Incoming message: -1001714667923 就係唔聽你講
[TG-UB] Skip duplicate onMessage: -1001714667923_4265999_in
[TG-UB] Poll found message from -1001714667923 text: 靚pat
[TG-UB] Incoming message: -1001714667923 靚pat
[TG-UB] Skip duplicate onMessage: -1001714667923_4265998_in
[TG-UB] Poll found message from -1001714667923 text: 嘩嘩嘩
[TG-UB] Incoming message: -1001714667923 嘩嘩嘩
[TG-UB] Skip duplicate onMessage: -1001714667923_4265997_in
[TG-UB] Poll found message from -1001714667923 text: 坐定定 ～～唔準郁🤭🤭
[TG-UB] Incoming message: -1001714667923 坐定定 ～～唔準郁🤭🤭
[TG-UB] Skip duplicate onMessage: -1001714667923_4265996_in
[TG-UB] Poll found message from -1001714667923 text: 賴咗嘢點會同人講
[TG-UB] Incoming message: -1001714667923 賴咗嘢點會同人講
[TG-UB] Skip duplicate onMessage: -1001714667923_4265995_in
[TG-UB] Poll found message from -1001714667923 text: 正常啊！
[TG-UB] Incoming message: -1001714667923 正常啊！
[TG-UB] Skip duplicate onMessage: -1001714667923_4265994_in
[TG-UB] Poll found message from -1001714667923 text: 有錢俾人呃不如去食大餐
[TG-UB] Incoming message: -1001714667923 有錢俾人呃不如去食大餐
[TG-UB] Skip duplicate onMessage: -1001714667923_4265993_in
[TG-UB] Poll found message from -1001714667923 text: 咁靚，仲要送上門
[TG-UB] Incoming message: -1001714667923 咁靚，仲要送上門
[TG-UB] Skip duplicate onMessage: -1001714667923_4265992_in
[TG-UB] NewMessage from -1001714667923 text: misd
[TG-UB] Incoming message: -1001714667923 misd
[33m[2026-09-19T16:11:56.152] [INFO] - [Starting direct file download in chunks of 65536 at 0, stride 65536][0m
[TG-UB] Incoming message: -1001714667923 misd
[TG-UB] Skip duplicate onMessage: -1001714667923_4266005_in
[TG-UB] NewMessage from -1001714667923 text: 唔閃？
[TG-UB] Incoming message: -1001714667923 唔閃？
[TG-UB] Incoming message: -1001714667923 唔閃？
[TG-UB] Skip duplicate onMessage: -1001714667923_4266006_in
[33m[2026-09-19T16:12:00.301] [INFO] - [Starting direct file download in chunks of 65536 at 0, stride 65536][0m
[TG-UB] NewMessage from -1001714667923 text: 
[TG-UB] Incoming message: -1001714667923 [MessageMediaPhoto]
[TG-UB] Incoming message: -1001714667923 [MessageMediaPhoto]
[TG-UB] Skip duplicate onMessage: -1001714667923_4266007_in
[33m[2026-09-19T16:12:09.583] [INFO] - [Starting direct file download in chunks of 65536 at 0, stride 65536][0m
[TG-UB Media DEBUG] type=MessageMediaPhoto isOut=false hasRaw=true client=undef
[TG-UB Media] Downloading msgId=4266007 type=MessageMediaPhoto rawType=Message
[33m[2026-09-19T16:12:09.735] [INFO] - [Starting direct file download in chunks of 131072 at 0, stride 131072][0m
[TG-UB Media] Download result: buf=buffer:48230
[TG-UB] Media downloaded: 20191e4c0e04d527d65d8bef31030806.jpg
[TG-UB] NewMessage from -1001714667923 text: 落咗案之後啲警察係咁
[TG-UB] Incoming message: -1001714667923 落咗案之後啲警察係咁
[TG-UB] Incoming message: -1001714667923 落咗案之後啲警察係咁
[TG-UB] Skip duplicate onMessage: -1001714667923_4266008_in
[33m[2026-09-19T16:12:24.011] [INFO] - [Starting direct file download in chunks of 65536 at 0, stride 65536][0m
[TG-UB Media DEBUG] type=MessageMediaDocument isOut=false hasRaw=true client=undef
[TG-UB Media] Downloading msgId=4266008 type=MessageMediaDocument rawType=Message
[33m[2026-09-19T16:12:24.165] [INFO] - [Starting direct file download in chunks of 131072 at 0, stride 131072][0m
[33m[2026-09-19T16:12:24.165] [INFO] - [Connecting to 149.154.175.56:443/TCPFull...][0m
[33m[2026-09-19T16:12:24.374] [INFO] - [Connection to 149.154.175.56:443/TCPFull complete!][0m
[TG-UB] NewMessage from -1001714667923 text: 嘩
[TG-UB] Incoming message: -1001714667923 嘩
[33m[2026-09-19T16:12:24.592] [INFO] - [File lives in another DC][0m
[TG-UB] Incoming message: -1001714667923 嘩
[TG-UB] Skip duplicate onMessage: -1001714667923_4266009_in
[33m[2026-09-19T16:12:24.794] [INFO] - [Starting direct file download in chunks of 65536 at 0, stride 65536][0m
[TG-UB] NewMessage from -1001714667923 text: Missed 咗
[TG-UB] Incoming message: -1001714667923 Missed 咗
[TG-UB Media] Download result: buf=buffer:395950
[TG-UB] Media downloaded: cc01fc3df6889736ad51f5b99b74871c.jpg
[TG-UB] Incoming message: -1001714667923 Missed 咗
[TG-UB] Skip duplicate onMessage: -1001714667923_4266010_in
[33m[2026-09-19T16:12:25.387] [INFO] - [Starting direct file download in chunks of 65536 at 0, stride 65536][0m
[TG-UB] NewMessage from -1001714667923 text: 好正概位
[TG-UB] Incoming message: -1001714667923 好正概位
[TG-UB] Incoming message: -1001714667923 好正概位
[TG-UB] Skip duplicate onMessage: -1001714667923_4266011_in
[33m[2026-09-19T16:12:43.822] [INFO] - [Starting direct file download in chunks of 65536 at 0, stride 65536][0m
[TG-UB] NewMessage from -1001714667923 text: 捉
[TG-UB] Incoming message: -1001714667923 捉
[TG-UB] Incoming message: -1001714667923 捉
[TG-UB] Skip duplicate onMessage: -1001714667923_4266012_in
[33m[2026-09-19T16:12:45.634] [INFO] - [Starting direct file download in chunks of 65536 at 0, stride 65536][0m
[TG-UB] NewMessage from -1001714667923 text: 攬😘
[TG-UB] Incoming message: -1001714667923 攬😘
[TG-UB] Incoming message: -1001714667923 攬😘
[TG-UB] Skip duplicate onMessage: -1001714667923_4266013_in
[35m[2026-09-19T16:12:54.375] [WARN] - [Disconnecting...][0m
[33m[2026-09-19T16:12:54.375] [INFO] - [Disconnecting from 149.154.175.56:443/TCPFull...][0m
[33m[2026-09-19T16:12:54.375] [INFO] - [connection closed][0m
[33m[2026-09-19T16:12:54.439] [INFO] - [Starting direct file download in chunks of 65536 at 0, stride 65536][0m
[TG-UB] NewMessage from -1001714667923 text: 可能年中唔少 未必排第一
[TG-UB] Incoming message: -1001714667923 可能年中唔少 未必排第一
[TG-UB] Incoming message: -1001714667923 可能年中唔少 未必排第一
[TG-UB] Skip duplicate onMessage: -1001714667923_4266014_in
[33m[2026-09-19T16:12:59.539] [INFO] - [Starting direct file download in chunks of 65536 at 0, stride 65536][0m
[TG-UB] NewMessage from -1001714667923 text: 都到咗呢個地步點會唔郁啊🤣
[TG-UB] Incoming message: -1001714667923 都到咗呢個地步點會唔郁啊🤣
[TG-UB] Incoming message: -1001714667923 都到咗呢個地步點會唔郁啊🤣
[TG-UB] Skip duplicate onMessage: -1001714667923_4266015_in
[33m[2026-09-19T16:13:06.146] [INFO] - [Starting direct file download in chunks of 65536 at 0, stride 65536][0m
[TG-UB] NewMessage from -1001714667923 text: 正面好feel啲
[TG-UB] Incoming message: -1001714667923 正面好feel啲
[TG-UB] Incoming message: -1001714667923 正面好feel啲
[TG-UB] Skip duplicate onMessage: -1001714667923_4266016_in
[33m[2026-09-19T16:13:22.285] [INFO] - [Starting direct file download in chunks of 65536 at 0, stride 65536][0m
[TG-UB] NewMessage from -1001714667923 text: 鍚😘
[TG-UB] Incoming message: -1001714667923 鍚😘
[TG-UB] Incoming message: -1001714667923 鍚😘
[TG-UB] Skip duplicate onMessage: -1001714667923_4266017_in
[33m[2026-09-19T16:13:28.412] [INFO] - [Starting direct file download in chunks of 65536 at 0, stride 65536][0m
[TG-UB] NewMessage from -1001714667923 text: 
[TG-UB] Incoming message: -1001714667923 [MessageMediaDocument]
[TG-UB] Incoming message: -1001714667923 [MessageMediaDocument]
[TG-UB] Skip duplicate onMessage: -1001714667923_4266018_in
[33m[2026-09-19T16:13:33.392] [INFO] - [Starting direct file download in chunks of 65536 at 0, stride 65536][0m
[TG-UB Media DEBUG] type=MessageMediaDocument isOut=false hasRaw=true client=undef
[TG-UB Media] Downloading msgId=4266018 type=MessageMediaDocument rawType=Message
[33m[2026-09-19T16:13:33.559] [INFO] - [Starting direct file download in chunks of 131072 at 0, stride 131072][0m
[33m[2026-09-19T16:13:33.559] [INFO] - [Connecting to 149.154.175.56:443/TCPFull...][0m
[33m[2026-09-19T16:13:33.761] [INFO] - [Connection to 149.154.175.56:443/TCPFull complete!][0m
[33m[2026-09-19T16:13:34.259] [INFO] - [File lives in another DC][0m
[TG-UB Media] Download result: buf=buffer:233751
[TG-UB] Media downloaded: f37b15e90bae395426e8915f6e6eede7.jpg
[TG-UB] NewMessage from -1001714667923 text: 正
[TG-UB] Incoming message: -1001714667923 正
[TG-UB] Incoming message: -1001714667923 正
[TG-UB] Skip duplicate onMessage: -1001714667923_4266019_in
[33m[2026-09-19T16:13:47.298] [INFO] - [Starting direct file download in chunks of 65536 at 0, stride 65536][0m
[TG-UB] NewMessage from -1001714667923 text: 打樁機
[TG-UB] Incoming message: -1001714667923 打樁機
[TG-UB] Incoming message: -1001714667923 打樁機
[TG-UB] Skip duplicate onMessage: -1001714667923_4266020_in
[33m[2026-09-19T16:13:52.215] [INFO] - [Starting direct file download in chunks of 65536 at 0, stride 65536][0m
[TG-UB] Poll found message from -1001714667923 text: 打樁機
[TG-UB] Incoming message: -1001714667923 打樁機
[TG-UB] Skip duplicate onMessage: -1001714667923_4266020_in
[TG-UB] Poll found message from -1001714667923 text: 正
[TG-UB] Incoming message: -1001714667923 正
[TG-UB] Skip duplicate onMessage: -1001714667923_4266019_in
[TG-UB] Poll found message from -1001714667923 text: [media]
[TG-UB] Incoming message: -1001714667923 [media]
[TG-UB] Skip duplicate onMessage: -1001714667923_4266018_in
[TG-UB] Poll found message from -1001714667923 text: 鍚😘
[TG-UB] Incoming message: -1001714667923 鍚😘
[TG-UB] Skip duplicate onMessage: -1001714667923_4266017_in
[TG-UB] Poll found message from -1001714667923 text: 正面好feel啲
[TG-UB] Incoming message: -1001714667923 正面好feel啲
[TG-UB] Skip duplicate onMessage: -1001714667923_4266016_in
[TG-UB] Poll found message from -1001714667923 text: 都到咗呢個地步點會唔郁啊🤣
[TG-UB] Incoming message: -1001714667923 都到咗呢個地步點會唔郁啊🤣
[TG-UB] Skip duplicate onMessage: -1001714667923_4266015_in
[TG-UB] Poll found message from -1001714667923 text: 可能年中唔少 未必排第一
[TG-UB] Incoming message: -1001714667923 可能年中唔少 未必排第一
[TG-UB] Skip duplicate onMessage: -1001714667923_4266014_in
[TG-UB] Poll found message from -1001714667923 text: 攬😘
[TG-UB] Incoming message: -1001714667923 攬😘
[TG-UB] Skip duplicate onMessage: -1001714667923_4266013_in
[TG-UB] Poll found message from -1001714667923 text: 捉
[TG-UB] Incoming message: -1001714667923 捉
[TG-UB] Skip duplicate onMessage: -1001714667923_4266012_in
[TG-UB] Poll found message from -1001714667923 text: 好正概位
[TG-UB] Incoming message: -1001714667923 好正概位
[TG-UB] Skip duplicate onMessage: -1001714667923_4266011_in
[TG-UB] Poll found message from -1001714667923 text: Missed 咗
[TG-UB] Incoming message: -1001714667923 Missed 咗
[TG-UB] Skip duplicate onMessage: -1001714667923_4266010_in
[TG-UB] Poll found message from -1001714667923 text: 嘩
[TG-UB] Incoming message: -1001714667923 嘩
[TG-UB] Skip duplicate onMessage: -1001714667923_4266009_in
[TG-UB] Poll found message from -1001714667923 text: 落咗案之後啲警察係咁
[TG-UB] Incoming message: -1001714667923 落咗案之後啲警察係咁
[TG-UB] Skip duplicate onMessage: -1001714667923_4266008_in
[TG-UB] Poll found message from -1001714667923 text: [media]
[TG-UB] Incoming message: -1001714667923 [media]
[TG-UB] Skip duplicate onMessage: -1001714667923_4266007_in
[TG-UB] Poll found message from -1001714667923 text: 唔閃？
[TG-UB] Incoming message: -1001714667923 唔閃？
[TG-UB] Skip duplicate onMessage: -1001714667923_4266006_in
[TG-UB] Poll found message from -1001714667923 text: misd
[TG-UB] Incoming message: -1001714667923 misd
[TG-UB] Skip duplicate onMessage: -1001714667923_4266005_in
[TG-UB] NewMessage from -1001714667923 text: 喵
[TG-UB] Incoming message: -1001714667923 喵
[TG-UB] Incoming message: -1001714667923 喵
[TG-UB] Skip duplicate onMessage: -1001714667923_4266021_in
[33m[2026-09-19T16:13:55.061] [INFO] - [Starting direct file download in chunks of 65536 at 0, stride 65536][0m
[TG-UB Media DEBUG] type=MessageMediaPhoto isOut=false hasRaw=true client=undef
[TG-UB Media] Downloading msgId=4266021 type=MessageMediaPhoto rawType=Message
[33m[2026-09-19T16:13:55.245] [INFO] - [Starting direct file download in chunks of 131072 at 0, stride 131072][0m
[TG-UB Media] Download result: buf=buffer:181167
[TG-UB] Media downloaded: f73fdaa51b0fa08a0ff697bcd2bb47ec.jpg
[TG-UB] NewMessage from -1001714667923 text: 你2
[TG-UB] Incoming message: -1001714667923 你2
[TG-UB] Incoming message: -1001714667923 你2
[TG-UB] Skip duplicate onMessage: -1001714667923_4266022_in
[33m[2026-09-19T16:14:01.779] [INFO] - [Starting direct file download in chunks of 65536 at 0, stride 65536][0m
[35m[2026-09-19T16:14:03.761] [WARN] - [Disconnecting...][0m
[33m[2026-09-19T16:14:03.761] [INFO] - [Disconnecting from 149.154.175.56:443/TCPFull...][0m
[33m[2026-09-19T16:14:03.761] [INFO] - [connection closed][0m
[TG-UB] NewMessage from -1001714667923 text: 嘩😍😍
[TG-UB] Incoming message: -1001714667923 嘩😍😍
[TG-UB] Incoming message: -1001714667923 嘩😍😍
[TG-UB] Skip duplicate onMessage: -1001714667923_4266023_in
[33m[2026-09-19T16:14:04.739] [INFO] - [Starting direct file download in chunks of 65536 at 0, stride 65536][0m
[TG-UB] NewMessage from -1001714667923 text: 正
[TG-UB] Incoming message: -1001714667923 正
[33m[2026-09-19T16:14:07.362] [INFO] - [Starting direct file download in chunks of 65536 at 0, stride 65536][0m
[TG-UB] Incoming message: -1001714667923 正
[TG-UB] Skip duplicate onMessage: -1001714667923_4266024_in
[TG-UB] NewMessage from -1001714667923 text: Wow，好正啊
[TG-UB] Incoming message: -1001714667923 Wow，好正啊
[TG-UB] Incoming message: -1001714667923 Wow，好正啊
[TG-UB] Skip duplicate onMessage: -1001714667923_4266025_in
[33m[2026-09-19T16:14:10.862] [INFO] - [Starting direct file download in chunks of 65536 at 0, stride 65536][0m
[TG-UB] NewMessage from -1001714667923 text: 嘩嘩嘩
[TG-UB] Incoming message: -1001714667923 嘩嘩嘩
[TG-UB] Incoming message: -1001714667923 嘩嘩嘩
[TG-UB] Skip duplicate onMessage: -1001714667923_4266026_in
[33m[2026-09-19T16:14:20.991] [INFO] - [Starting direct file download in chunks of 65536 at 0, stride 65536][0m
[TG-UB] NewMessage from -1001714667923 text: So big big
[TG-UB] Incoming message: -1001714667923 So big big
[TG-UB] Incoming message: -1001714667923 So big big
[TG-UB] Skip duplicate onMessage: -1001714667923_4266027_in
[33m[2026-09-19T16:14:22.381] [INFO] - [Starting direct file download in chunks of 65536 at 0, stride 65536][0m
[TG-UB] NewMessage from -1001714667923 text: 岩？
[TG-UB] Incoming message: -1001714667923 岩？
[33m[2026-09-19T16:14:25.446] [INFO] - [Starting direct file download in chunks of 65536 at 0, stride 65536][0m
[TG-UB] Incoming message: -1001714667923 岩？
[TG-UB] Skip duplicate onMessage: -1001714667923_4266028_in
[TG-UB] NewMessage from -1001714667923 text: 呢隻貓吸收得好好
[TG-UB] Incoming message: -1001714667923 呢隻貓吸收得好好
[TG-UB] Incoming message: -1001714667923 呢隻貓吸收得好好
[TG-UB] Skip duplicate onMessage: -1001714667923_4266029_in
[33m[2026-09-19T16:14:31.247] [INFO] - [Starting direct file download in chunks of 65536 at 0, stride 65536][0m
[TG-UB] NewMessage from -1001714667923 text: 啜😘
[TG-UB] Incoming message: -1001714667923 啜😘
[TG-UB] Incoming message: -1001714667923 啜😘
[TG-UB] Skip duplicate onMessage: -1001714667923_4266030_in
[33m[2026-09-19T16:14:36.536] [INFO] - [Starting direct file download in chunks of 65536 at 0, stride 65536][0m
[TG-UB] NewMessage from -1001714667923 text: 岩
[TG-UB] Incoming message: -1001714667923 岩
[TG-UB] Incoming message: -1001714667923 岩
[TG-UB] Skip duplicate onMessage: -1001714667923_4266031_in
[33m[2026-09-19T16:14:37.735] [INFO] - [Starting direct file download in chunks of 65536 at 0, stride 65536][0m
[TG-UB] NewMessage from -1001714667923 text: Missed
[TG-UB] Incoming message: -1001714667923 Missed
[TG-UB] Incoming message: -1001714667923 Missed
[TG-UB] Skip duplicate onMessage: -1001714667923_4266032_in
[33m[2026-09-19T16:14:41.523] [INFO] - [Starting direct file download in chunks of 65536 at 0, stride 65536][0m
[TG-UB] NewMessage from -1001714667923 text: 啱😍
[TG-UB] Incoming message: -1001714667923 啱😍
[TG-UB] Incoming message: -1001714667923 啱😍
[TG-UB] Skip duplicate onMessage: -1001714667923_4266033_in
[33m[2026-09-19T16:14:46.460] [INFO] - [Starting direct file download in chunks of 65536 at 0, stride 65536][0m
[TG-UB] NewMessage from -1001714667923 text: 抱
[TG-UB] Incoming message: -1001714667923 抱
[TG-UB] Incoming message: -1001714667923 抱
[TG-UB] Skip duplicate onMessage: -1001714667923_4266034_in
[33m[2026-09-19T16:14:57.304] [INFO] - [Starting direct file download in chunks of 65536 at 0, stride 65536][0m
[35m[2026-09-19T16:15:27.304] [WARN] - [Disconnecting...][0m
[33m[2026-09-19T16:15:27.304] [INFO] - [Disconnecting from 91.108.56.183:443/TCPFull...][0m
[33m[2026-09-19T16:15:27.304] [INFO] - [connection closed][0m
[TG-UB] NewMessage from -1001714667923 text: miss
[TG-UB] Incoming message: -1001714667923 miss
[TG-UB] Incoming message: -1001714667923 miss
[TG-UB] Skip duplicate onMessage: -1001714667923_4266035_in
[33m[2026-09-19T16:15:27.828] [INFO] - [Starting direct file download in chunks of 65536 at 0, stride 65536][0m
[33m[2026-09-19T16:15:27.828] [INFO] - [Connecting to 91.108.56.183:443/TCPFull...][0m
[33m[2026-09-19T16:15:27.895] [INFO] - [Connection to 91.108.56.183:443/TCPFull complete!][0m
[TG-UB] NewMessage from -1001714667923 text: 摸😍
[TG-UB] Incoming message: -1001714667923 摸😍
[TG-UB] Incoming message: -1001714667923 摸😍
[TG-UB] Skip duplicate onMessage: -1001714667923_4266036_in
[33m[2026-09-19T16:15:34.010] [INFO] - [Starting direct file download in chunks of 65536 at 0, stride 65536][0m
[TG-UB] NewMessage from -1001714667923 text: 揸😆
[TG-UB] Incoming message: -1001714667923 揸😆
[TG-UB] Incoming message: -1001714667923 揸😆
[TG-UB] Skip duplicate onMessage: -1001714667923_4266037_in
[33m[2026-09-19T16:15:53.114] [INFO] - [Starting direct file download in chunks of 65536 at 0, stride 65536][0m
[TG-UB] Poll found message from -1001714667923 text: 揸😆
[TG-UB] Incoming message: -1001714667923 揸😆
[TG-UB] Skip duplicate onMessage: -1001714667923_4266037_in
[TG-UB] Poll found message from -1001714667923 text: 摸😍
[TG-UB] Incoming message: -1001714667923 摸😍
[TG-UB] Skip duplicate onMessage: -1001714667923_4266036_in
[TG-UB] Poll found message from -1001714667923 text: miss
[TG-UB] Incoming message: -1001714667923 miss
[TG-UB] Skip duplicate onMessage: -1001714667923_4266035_in
[TG-UB] Poll found message from -1001714667923 text: 抱
[TG-UB] Incoming message: -1001714667923 抱
[TG-UB] Skip duplicate onMessage: -1001714667923_4266034_in
[TG-UB] Poll found message from -1001714667923 text: 啱😍
[TG-UB] Incoming message: -1001714667923 啱😍
[TG-UB] Skip duplicate onMessage: -1001714667923_4266033_in
[TG-UB] Poll found message from -1001714667923 text: Missed
[TG-UB] Incoming message: -1001714667923 Missed
[TG-UB] Skip duplicate onMessage: -1001714667923_4266032_in
[TG-UB] Poll found message from -1001714667923 text: 岩
[TG-UB] Incoming message: -1001714667923 岩
[TG-UB] Skip duplicate onMessage: -1001714667923_4266031_in
[TG-UB] Poll found message from -1001714667923 text: 啜😘
[TG-UB] Incoming message: -1001714667923 啜😘
[TG-UB] Skip duplicate onMessage: -1001714667923_4266030_in
[TG-UB] Poll found message from -1001714667923 text: 呢隻貓吸收得好好
[TG-UB] Incoming message: -1001714667923 呢隻貓吸收得好好
[TG-UB] Skip duplicate onMessage: -1001714667923_4266029_in
[TG-UB] Poll found message from -1001714667923 text: 岩？
[TG-UB] Incoming message: -1001714667923 岩？
[TG-UB] Skip duplicate onMessage: -1001714667923_4266028_in
[TG-UB] Poll found message from -1001714667923 text: So big big
[TG-UB] Incoming message: -1001714667923 So big big
[TG-UB] Skip duplicate onMessage: -1001714667923_4266027_in
[TG-UB] Poll found message from -1001714667923 text: 嘩嘩嘩
[TG-UB] Incoming message: -1001714667923 嘩嘩嘩
[TG-UB] Skip duplicate onMessage: -1001714667923_4266026_in
[TG-UB] Poll found message from -1001714667923 text: Wow，好正啊
[TG-UB] Incoming message: -1001714667923 Wow，好正啊
[TG-UB] Skip duplicate onMessage: -1001714667923_4266025_in
[TG-UB] Poll found message from -1001714667923 text: 正
[TG-UB] Incoming message: -1001714667923 正
[TG-UB] Skip duplicate onMessage: -1001714667923_4266024_in
[TG-UB] Poll found message from -1001714667923 text: 嘩😍😍
[TG-UB] Incoming message: -1001714667923 嘩😍😍
[TG-UB] Skip duplicate onMessage: -1001714667923_4266023_in
[TG-UB] Poll found message from -1001714667923 text: 你？
[TG-UB] Incoming message: -1001714667923 你？
[TG-UB] Skip duplicate onMessage: -1001714667923_4266022_in
[TG-UB] NewMessage from -1001714667923 text: 早唞了，各位
[TG-UB] Incoming message: -1001714667923 早唞了，各位
[TG-UB] Incoming message: -1001714667923 早唞了，各位
[TG-UB] Skip duplicate onMessage: -1001714667923_4266038_in
[33m[2026-09-19T16:16:04.546] [INFO] - [Starting direct file download in chunks of 65536 at 0, stride 65536][0m
[TG-UB] NewMessage from -1001714667923 text: 正啦🙈🙈
[TG-UB] Incoming message: -1001714667923 正啦🙈🙈
[TG-UB] Incoming message: -1001714667923 正啦🙈🙈
[TG-UB] Skip duplicate onMessage: -1001714667923_4266039_in
[33m[2026-09-19T16:16:30.094] [INFO] - [Starting direct file download in chunks of 65536 at 0, stride 65536][0m
[35m[2026-09-19T16:17:00.096] [WARN] - [Disconnecting...][0m
[33m[2026-09-19T16:17:00.096] [INFO] - [Disconnecting from 91.108.56.183:443/TCPFull...][0m
[33m[2026-09-19T16:17:00.096] [INFO] - [connection closed][0m
[TG-UB] NewMessage from -1001714667923 text: 晚安
[TG-UB] Incoming message: -1001714667923 晚安
[TG-UB] Incoming message: -1001714667923 晚安
[TG-UB] Skip duplicate onMessage: -1001714667923_4266040_in
[33m[2026-09-19T16:17:01.892] [INFO] - [Starting direct file download in chunks of 65536 at 0, stride 65536][0m
[33m[2026-09-19T16:17:01.892] [INFO] - [Connecting to 91.108.56.183:443/TCPFull...][0m
[33m[2026-09-19T16:17:01.958] [INFO] - [Connection to 91.108.56.183:443/TCPFull complete!][0m
[TG-UB] NewMessage from -1001714667923 text: 晚安😍
[TG-UB] Incoming message: -1001714667923 晚安😍
[TG-UB] Incoming message: -1001714667923 晚安😍
[TG-UB] Skip duplicate onMessage: -1001714667923_4266041_in
[33m[2026-09-19T16:17:19.240] [INFO] - [Starting direct file download in chunks of 65536 at 0, stride 65536][0m
[TG-UB] NewMessage from -1001714667923 text: 等
[TG-UB] Incoming message: -1001714667923 等
[TG-UB] Incoming message: -1001714667923 等
[TG-UB] Skip duplicate onMessage: -1001714667923_4266042_in
[33m[2026-09-19T16:17:32.214] [INFO] - [Starting direct file download in chunks of 65536 at 0, stride 65536][0m
[TG-UB] Poll found message from -1001714667923 text: 等
[TG-UB] Incoming message: -1001714667923 等
[TG-UB] Skip duplicate onMessage: -1001714667923_4266042_in
[TG-UB] Poll found message from -1001714667923 text: 晚安😍
[TG-UB] Incoming message: -1001714667923 晚安😍
[TG-UB] Skip duplicate onMessage: -1001714667923_4266041_in
[TG-UB] Poll found message from -1001714667923 text: 晚安
[TG-UB] Incoming message: -1001714667923 晚安
[TG-UB] Skip duplicate onMessage: -1001714667923_4266040_in
[TG-UB] Poll found message from -1001714667923 text: 正啦🙈🙈
[TG-UB] Incoming message: -1001714667923 正啦🙈🙈
[TG-UB] Skip duplicate onMessage: -1001714667923_4266039_in
[TG-UB] Poll found message from -1001714667923 text: 早唞了，各位
[TG-UB] Incoming message: -1001714667923 早唞了，各位
[TG-UB] Skip duplicate onMessage: -1001714667923_4266038_in
[35m[2026-09-19T16:18:02.215] [WARN] - [Disconnecting...][0m
[33m[2026-09-19T16:18:02.215] [INFO] - [Disconnecting from 91.108.56.183:443/TCPFull...][0m
[33m[2026-09-19T16:18:02.215] [INFO] - [connection closed][0m
[TG-UB] NewMessage from -1001714667923 text: 舔😝
[TG-UB] Incoming message: -1001714667923 舔😝
[TG-UB] Incoming message: -1001714667923 舔😝
[TG-UB] Skip duplicate onMessage: -1001714667923_4266043_in
[33m[2026-09-19T16:18:08.283] [INFO] - [Starting direct file download in chunks of 65536 at 0, stride 65536][0m
[33m[2026-09-19T16:18:08.283] [INFO] - [Connecting to 91.108.56.183:443/TCPFull...][0m
[33m[2026-09-19T16:18:08.351] [INFO] - [Connection to 91.108.56.183:443/TCPFull complete!][0m
[TG-UB] NewMessage from -1001714667923 text: 
[TG-UB] Incoming message: -1001714667923 [MessageMediaPhoto]
[TG-UB] Incoming message: -1001714667923 [MessageMediaPhoto]
[TG-UB] Skip duplicate onMessage: -1001714667923_4266044_in
[33m[2026-09-19T16:18:15.060] [INFO] - [Starting direct file download in chunks of 65536 at 0, stride 65536][0m
[TG-UB Media DEBUG] type=MessageMediaPhoto isOut=false hasRaw=true client=undef
[TG-UB Media] Downloading msgId=4266044 type=MessageMediaPhoto rawType=Message
[33m[2026-09-19T16:18:15.170] [INFO] - [Starting direct file download in chunks of 131072 at 0, stride 131072][0m
[TG-UB Media] Download result: buf=buffer:136377
[TG-UB] Media downloaded: 6d9d3a2c965b35a0dd8762c02fff21b8.jpg
[TG-UB] NewMessage from -1001714667923 text: 🤩
[TG-UB] Incoming message: -1001714667923 🤩
[TG-UB] Incoming message: -1001714667923 🤩
[TG-UB] Skip duplicate onMessage: -1001714667923_4266045_in
[33m[2026-09-19T16:18:23.880] [INFO] - [Starting direct file download in chunks of 65536 at 0, stride 65536][0m
[TG-UB] NewMessage from -1001714667923 text: 😍
[TG-UB] Incoming message: -1001714667923 😍
[TG-UB] Incoming message: -1001714667923 😍
[TG-UB] Skip duplicate onMessage: -1001714667923_4266046_in
[33m[2026-09-19T16:18:31.325] [INFO] - [Starting direct file download in chunks of 65536 at 0, stride 65536][0m
[TG-UB] NewMessage from -1001714667923 text: 微波正
[TG-UB] Incoming message: -1001714667923 微波正
[TG-UB] Incoming message: -1001714667923 微波正
[TG-UB] Skip duplicate onMessage: -1001714667923_4266047_in
[33m[2026-09-19T16:18:33.484] [INFO] - [Starting direct file download in chunks of 65536 at 0, stride 65536][0m
[TG-UB] NewMessage from -1001714667923 text: 撞😂
[TG-UB] Incoming message: -1001714667923 撞😂
[TG-UB] Incoming message: -1001714667923 撞😂
[TG-UB] Skip duplicate onMessage: -1001714667923_4266048_in
[33m[2026-09-19T16:18:38.157] [INFO] - [Starting direct file download in chunks of 65536 at 0, stride 65536][0m
[TG-UB Media DEBUG] type=MessageMediaPhoto isOut=false hasRaw=true client=undef
[TG-UB Media] Downloading msgId=4266048 type=MessageMediaPhoto rawType=Message
[33m[2026-09-19T16:18:38.250] [INFO] - [Starting direct file download in chunks of 131072 at 0, stride 131072][0m
[TG-UB Media] Download result: buf=buffer:158637
[TG-UB] Media downloaded: b7eb12e1bbd8d81f3a58d0687f64aff0.jpg
[TG-UB] NewMessage from -1001714667923 text: 你贏咗啦
[TG-UB] Incoming message: -1001714667923 你贏咗啦
[TG-UB] Incoming message: -1001714667923 你贏咗啦
[TG-UB] Skip duplicate onMessage: -1001714667923_4266049_in
[33m[2026-09-19T16:18:54.980] [INFO] - [Starting direct file download in chunks of 65536 at 0, stride 65536][0m
[TG-UB] NewMessage from -1001714667923 text: 太快了😂
[TG-UB] Incoming message: -1001714667923 太快了😂
[TG-UB] Incoming message: -1001714667923 太快了😂
[TG-UB] Skip duplicate onMessage: -1001714667923_4266050_in
[33m[2026-09-19T16:18:57.380] [INFO] - [Starting direct file download in chunks of 65536 at 0, stride 65536][0m
[TG-UB] NewMessage from -1001714667923 text: 十幾歲？
[TG-UB] Incoming message: -1001714667923 十幾歲？
[TG-UB] Incoming message: -1001714667923 十幾歲？
[TG-UB] Skip duplicate onMessage: -1001714667923_4266051_in
[33m[2026-09-19T16:19:00.799] [INFO] - [Starting direct file download in chunks of 65536 at 0, stride 65536][0m
[TG-UB] NewMessage from -1001714667923 text: 有冇咁快啊？
[TG-UB] Incoming message: -1001714667923 有冇咁快啊？
[TG-UB] Incoming message: -1001714667923 有冇咁快啊？
[TG-UB] Skip duplicate onMessage: -1001714667923_4266052_in
[33m[2026-09-19T16:19:05.600] [INFO] - [Starting direct file download in chunks of 65536 at 0, stride 65536][0m
[TG-UB] NewMessage from -1001714667923 text: 
[TG-UB] Incoming message: -1001714667923 [MessageMediaDocument]
[TG-UB] Incoming message: -1001714667923 [MessageMediaDocument]
[TG-UB] Skip duplicate onMessage: -1001714667923_4266053_in
[33m[2026-09-19T16:19:06.938] [INFO] - [Starting direct file download in chunks of 65536 at 0, stride 65536][0m
[TG-UB Media DEBUG] type=MessageMediaDocument isOut=false hasRaw=true client=undef
[TG-UB Media] Downloading msgId=4266053 type=MessageMediaDocument rawType=Message
[33m[2026-09-19T16:19:07.027] [INFO] - [Starting direct file download in chunks of 131072 at 0, stride 131072][0m
[33m[2026-09-19T16:19:07.027] [INFO] - [Connecting to 149.154.175.56:443/TCPFull...][0m
[TG-UB] NewMessage from -1001714667923 text: Wow
[TG-UB] Incoming message: -1001714667923 Wow
[TG-UB] Incoming message: -1001714667923 Wow
[TG-UB] Skip duplicate onMessage: -1001714667923_4266054_in
[33m[2026-09-19T16:19:18.217] [INFO] - [Starting direct file download in chunks of 65536 at 0, stride 65536][0m
[TG-UB] NewMessage from -1001714667923 text: 好cool
[TG-UB] Incoming message: -1001714667923 好cool
[TG-UB] Incoming message: -1001714667923 好cool
[TG-UB] Skip duplicate onMessage: -1001714667923_4266055_in
[33m[2026-09-19T16:19:25.242] [INFO] - [Starting direct file download in chunks of 65536 at 0, stride 65536][0m
[TG-UB] NewMessage from -1001714667923 text: 靚
[TG-UB] Incoming message: -1001714667923 靚
[TG-UB] Incoming message: -1001714667923 靚
[TG-UB] Skip duplicate onMessage: -1001714667923_4266056_in
[33m[2026-09-19T16:19:31.837] [INFO] - [Starting direct file download in chunks of 65536 at 0, stride 65536][0m
[TG-UB] NewMessage from -1001714667923 text: 未贏到Kiki 🤣
[TG-UB] Incoming message: -1001714667923 未贏到Kiki 🤣
[TG-UB] Incoming message: -1001714667923 未贏到Kiki 🤣
[TG-UB] Skip duplicate onMessage: -1001714667923_4266057_in
[33m[2026-09-19T16:19:48.290] [INFO] - [Starting direct file download in chunks of 65536 at 0, stride 65536][0m
[TG-UB] NewMessage from -1001714667923 text: 
[TG-UB] Incoming message: -1001714667923 [MessageMediaPhoto]
[TG-UB] Incoming message: -1001714667923 [MessageMediaPhoto]
[TG-UB] Skip duplicate onMessage: -1001714667923_4266058_in
[33m[2026-09-19T16:19:51.428] [INFO] - [Starting direct file download in chunks of 65536 at 0, stride 65536][0m
[TG-UB Media DEBUG] type=MessageMediaPhoto isOut=false hasRaw=true client=undef
[TG-UB Media] Downloading msgId=4266058 type=MessageMediaPhoto rawType=Message
[33m[2026-09-19T16:19:51.531] [INFO] - [Starting direct file download in chunks of 131072 at 0, stride 131072][0m
[TG-UB Media] Download result: buf=buffer:106956
[TG-UB] Media downloaded: 27f1edc0aee44809077a4e3ab7085de8.jpg
[TG-UB] Poll found message from -1001714667923 text: [media]
[TG-UB] Incoming message: -1001714667923 [media]
[TG-UB] Skip duplicate onMessage: -1001714667923_4266058_in
[TG-UB] Poll found message from -1001714667923 text: 未贏到Kiki 🤣
[TG-UB] Incoming message: -1001714667923 未贏到Kiki 🤣
[TG-UB] Skip duplicate onMessage: -1001714667923_4266057_in
[TG-UB] Poll found message from -1001714667923 text: 靚
[TG-UB] Incoming message: -1001714667923 靚
[TG-UB] Skip duplicate onMessage: -1001714667923_4266056_in
[TG-UB] Poll found message from -1001714667923 text: 好cool
[TG-UB] Incoming message: -1001714667923 好cool
[TG-UB] Skip duplicate onMessage: -1001714667923_4266055_in
[TG-UB] Poll found message from -1001714667923 text: Wow
[TG-UB] Incoming message: -1001714667923 Wow
[TG-UB] Skip duplicate onMessage: -1001714667923_4266054_in
[TG-UB] Poll found message from -1001714667923 text: [media]
[TG-UB] Incoming message: -1001714667923 [media]
[TG-UB] Skip duplicate onMessage: -1001714667923_4266053_in
[TG-UB] Poll found message from -1001714667923 text: 有冇咁快啊？
[TG-UB] Incoming message: -1001714667923 有冇咁快啊？
[TG-UB] Skip duplicate onMessage: -1001714667923_4266052_in
[TG-UB] Poll found message from -1001714667923 text: 十幾歲？
[TG-UB] Incoming message: -1001714667923 十幾歲？
[TG-UB] Skip duplicate onMessage: -1001714667923_4266051_in
[TG-UB] Poll found message from -1001714667923 text: 太快了😂
[TG-UB] Incoming message: -1001714667923 太快了😂
[TG-UB] Skip duplicate onMessage: -1001714667923_4266050_in
[TG-UB] Poll found message from -1001714667923 text: 你贏咗啦
[TG-UB] Incoming message: -1001714667923 你贏咗啦
[TG-UB] Skip duplicate onMessage: -1001714667923_4266049_in
[TG-UB] Poll found message from -1001714667923 text: 撞😂
[TG-UB] Incoming message: -1001714667923 撞😂
[TG-UB] Skip duplicate onMessage: -1001714667923_4266048_in
[TG-UB] Poll found message from -1001714667923 text: 微波正
[TG-UB] Incoming message: -1001714667923 微波正
[TG-UB] Skip duplicate onMessage: -1001714667923_4266047_in
[TG-UB] Poll found message from -1001714667923 text: 😍
[TG-UB] Incoming message: -1001714667923 😍
[TG-UB] Skip duplicate onMessage: -1001714667923_4266046_in
[TG-UB] Poll found message from -1001714667923 text: 🤩
[TG-UB] Incoming message: -1001714667923 🤩
[TG-UB] Skip duplicate onMessage: -1001714667923_4266045_in
[TG-UB] Poll found message from -1001714667923 text: 舔😝
[TG-UB] Incoming message: -1001714667923 舔😝
[TG-UB] Skip duplicate onMessage: -1001714667923_4266043_in
[TG-UB] NewMessage from -1001714667923 text: 女朋友真大
[TG-UB] Incoming message: -1001714667923 女朋友真大
[TG-UB] Incoming message: -1001714667923 女朋友真大
[TG-UB] Skip duplicate onMessage: -1001714667923_4266059_in
[33m[2026-09-19T16:19:58.857] [INFO] - [Starting direct file download in chunks of 65536 at 0, stride 65536][0m
[TG-UB] NewMessage from -1001714667923 text: WOW
[TG-UB] Incoming message: -1001714667923 WOW
[TG-UB] Incoming message: -1001714667923 WOW
[TG-UB] Skip duplicate onMessage: -1001714667923_4266060_in
[33m[2026-09-19T16:20:01.238] [INFO] - [Starting direct file download in chunks of 65536 at 0, stride 65536][0m
[TG-UB] NewMessage from -1001714667923 text: 
[TG-UB] Incoming message: -1001714667923 [MessageMediaDocument]
[TG-UB] Incoming message: -1001714667923 [MessageMediaDocument]
[TG-UB] Skip duplicate onMessage: -1001714667923_4266061_in
[33m[2026-09-19T16:20:02.049] [INFO] - [Starting direct file download in chunks of 65536 at 0, stride 65536][0m
[TG-UB Media DEBUG] type=MessageMediaDocument isOut=false hasRaw=true client=undef
[TG-UB Media] Downloading msgId=4266061 type=MessageMediaDocument rawType=Message
[33m[2026-09-19T16:20:02.148] [INFO] - [Starting direct file download in chunks of 131072 at 0, stride 131072][0m
[TG-UB] NewMessage from -1001714667923 text: 兩球嘢❤️
[TG-UB] Incoming message: -1001714667923 兩球嘢❤️
[TG-UB] Incoming message: -1001714667923 兩球嘢❤️
[TG-UB] Skip duplicate onMessage: -1001714667923_4266062_in
[33m[2026-09-19T16:20:10.831] [INFO] - [Starting direct file download in chunks of 65536 at 0, stride 65536][0m
[TG-UB] NewMessage from -1001714667923 text: 佢成個籃球咁
[TG-UB] Incoming message: -1001714667923 佢成個籃球咁
[TG-UB] Incoming message: -1001714667923 佢成個籃球咁
[TG-UB] Skip duplicate onMessage: -1001714667923_4266063_in
[33m[2026-09-19T16:20:18.419] [INFO] - [Starting direct file download in chunks of 65536 at 0, stride 65536][0m
[TG-UB] NewMessage from -1001714667923 text: 約😆😘
[TG-UB] Incoming message: -1001714667923 約😆😘
[TG-UB] Incoming message: -1001714667923 約😆😘
[TG-UB] Skip duplicate onMessage: -1001714667923_4266064_in
[33m[2026-09-19T16:20:19.766] [INFO] - [Starting direct file download in chunks of 65536 at 0, stride 65536][0m
[TG-UB] NewMessage from -1001714667923 text: pink wor, how old
[TG-UB] Incoming message: -1001714667923 pink wor, how old
[TG-UB] Incoming message: -1001714667923 pink wor, how old
[TG-UB] Skip duplicate onMessage: -1001714667923_4266065_in
[33m[2026-09-19T16:20:22.752] [INFO] - [Starting direct file download in chunks of 65536 at 0, stride 65536][0m
[35m[2026-09-19T16:20:52.753] [WARN] - [Disconnecting...][0m
[33m[2026-09-19T16:20:52.753] [INFO] - [Disconnecting from 91.108.56.183:443/TCPFull...][0m
[33m[2026-09-19T16:20:52.753] [INFO] - [connection closed][0m
[TG-UB] NewMessage from -1001714667923 text: 
[TG-UB] Incoming message: -1001714667923 [MessageMediaDocument]
[TG-UB] Incoming message: -1001714667923 [MessageMediaDocument]
[TG-UB] Skip duplicate onMessage: -1001714667923_4266066_in
[33m[2026-09-19T16:21:04.248] [INFO] - [Starting direct file download in chunks of 65536 at 0, stride 65536][0m
[33m[2026-09-19T16:21:04.248] [INFO] - [Connecting to 91.108.56.183:443/TCPFull...][0m
[33m[2026-09-19T16:21:04.315] [INFO] - [Connection to 91.108.56.183:443/TCPFull complete!][0m
[TG-UB Media DEBUG] type=MessageMediaDocument isOut=false hasRaw=true client=undef
[TG-UB Media] Downloading msgId=4266066 type=MessageMediaDocument rawType=Message
[33m[2026-09-19T16:21:04.468] [INFO] - [Starting direct file download in chunks of 131072 at 0, stride 131072][0m
[TG-UB] NewMessage from -1001714667923 text: 師兄邊度搵到？🙏
[TG-UB] Incoming message: -1001714667923 師兄邊度搵到？🙏
[TG-UB] Incoming message: -1001714667923 師兄邊度搵到？🙏
[TG-UB] Skip duplicate onMessage: -1001714667923_4266067_in
[33m[2026-09-19T16:21:05.028] [INFO] - [Starting direct file download in chunks of 65536 at 0, stride 65536][0m
[TG-UB] NewMessage from -1001714667923 text: 即出
[TG-UB] Incoming message: -1001714667923 即出
[TG-UB] Incoming message: -1001714667923 即出
[TG-UB] Skip duplicate onMessage: -1001714667923_4266068_in
[33m[2026-09-19T16:21:08.783] [INFO] - [Starting direct file download in chunks of 65536 at 0, stride 65536][0m
[TG-UB] NewMessage from -1001714667923 text: ？。？
[TG-UB] Incoming message: -1001714667923 ？。？
[TG-UB] Incoming message: -1001714667923 ？。？
[TG-UB] Skip duplicate onMessage: -1001714667923_4266069_in
[33m[2026-09-19T16:21:15.776] [INFO] - [Starting direct file download in chunks of 65536 at 0, stride 65536][0m
[31m[2026-09-19T16:21:17.425] [ERROR] - [WebSocket connection failed attempt: 1][0m
Error: connect ETIMEDOUT 149.154.175.56:443
    at TCPConnectWrap.afterConnect [as oncomplete] (node:net:1638:16)
    at TCPConnectWrap.callbackTrampoline (node:internal/async_hooks:130:17) {
  errno: -110,
  code: 'ETIMEDOUT',
  syscall: 'connect',
  address: '149.154.175.56',
  port: 443
}
[33m[2026-09-19T16:21:18.429] [INFO] - [Connecting to 149.154.175.56:443/TCPFull...][0m
[33m[2026-09-19T16:21:18.623] [INFO] - [Connection to 149.154.175.56:443/TCPFull complete!][0m
[33m[2026-09-19T16:21:18.826] [INFO] - [File lives in another DC][0m
[33m[2026-09-19T16:21:18.827] [INFO] - [Connecting to 149.154.167.91:443/TCPFull...][0m
[33m[2026-09-19T16:21:18.828] [INFO] - [File lives in another DC][0m
[TG-UB Media] Download result: buf=buffer:1197564
[TG-UB] Media downloaded: 15cde2c49a9848ca9bd5cb4d59938970.jpg
[33m[2026-09-19T16:21:22.507] [INFO] - [Connection to 149.154.167.91:443/TCPFull complete!][0m
[33m[2026-09-19T16:21:22.507] [INFO] - [Exporting authorization for data center 149.154.167.91 with layer 198][0m
[TG-UB Media] Download result: buf=buffer:4535132
[TG-UB] Media downloaded: 72523af9254b560f4407953fb5583d05.jpg
[TG-UB] NewMessage from -1001714667923 text: 你丫
[TG-UB] Incoming message: -1001714667923 你丫
[TG-UB] Incoming message: -1001714667923 你丫
[TG-UB] Skip duplicate onMessage: -1001714667923_4266070_in
[TG-UB] NewMessage from -1001714667923 text: 無得相比
[TG-UB] Incoming message: -1001714667923 無得相比
[33m[2026-09-19T16:21:24.068] [INFO] - [Starting direct file download in chunks of 65536 at 0, stride 65536][0m
[33m[2026-09-19T16:21:24.267] [INFO] - [Starting direct file download in chunks of 65536 at 0, stride 65536][0m
[TG-UB] Incoming message: -1001714667923 無得相比
[TG-UB] Skip duplicate onMessage: -1001714667923_4266071_in
[TG-UB] NewMessage from -1001714667923 text: 睇唔到😱😱
[TG-UB] Incoming message: -1001714667923 睇唔到😱😱
[TG-UB Media] Download result: buf=buffer:103897
[TG-UB] Media downloaded: 2fb42c48f6a8cb7833a3ed352f7c8ce8.jpg
[TG-UB] Incoming message: -1001714667923 睇唔到😱😱
[TG-UB] Skip duplicate onMessage: -1001714667923_4266072_in
[33m[2026-09-19T16:21:25.018] [INFO] - [Starting direct file download in chunks of 65536 at 0, stride 65536][0m
[TG-UB] NewMessage from -1001714667923 text: 撞暈左？
[TG-UB] Incoming message: -1001714667923 撞暈左？
[TG-UB] Incoming message: -1001714667923 撞暈左？
[TG-UB] Skip duplicate onMessage: -1001714667923_4266073_in
[33m[2026-09-19T16:21:40.765] [INFO] - [Starting direct file download in chunks of 65536 at 0, stride 65536][0m
[35m[2026-09-19T16:21:51.347] [WARN] - [Disconnecting...][0m
[33m[2026-09-19T16:21:51.347] [INFO] - [Disconnecting from 149.154.175.56:443/TCPFull...][0m
[33m[2026-09-19T16:21:51.348] [INFO] - [connection closed][0m
[35m[2026-09-19T16:21:53.311] [WARN] - [Disconnecting...][0m
[33m[2026-09-19T16:21:53.311] [INFO] - [Disconnecting from 149.154.167.91:443/TCPFull...][0m
[33m[2026-09-19T16:21:53.311] [INFO] - [connection closed][0m
[TG-UB] Poll found message from -1001714667923 text: 撞暈左？
[TG-UB] Incoming message: -1001714667923 撞暈左？
[TG-UB] Skip duplicate onMessage: -1001714667923_4266073_in
[TG-UB] Poll found message from -1001714667923 text: 睇唔到😱😱
[TG-UB] Incoming message: -1001714667923 睇唔到😱😱
[TG-UB] Skip duplicate onMessage: -1001714667923_4266072_in
[TG-UB] Poll found message from -1001714667923 text: 無得相比
[TG-UB] Incoming message: -1001714667923 無得相比
[TG-UB] Skip duplicate onMessage: -1001714667923_4266071_in
[TG-UB] Poll found message from -1001714667923 text: 你丫
[TG-UB] Incoming message: -1001714667923 你丫
[TG-UB] Skip duplicate onMessage: -1001714667923_4266070_in
[TG-UB] Poll found message from -1001714667923 text: ？。？
[TG-UB] Incoming message: -1001714667923 ？。？
[TG-UB] Skip duplicate onMessage: -1001714667923_4266069_in
[TG-UB] Poll found message from -1001714667923 text: 即出
[TG-UB] Incoming message: -1001714667923 即出
[TG-UB] Skip duplicate onMessage: -1001714667923_4266068_in
[TG-UB] Poll found message from -1001714667923 text: 師兄邊度搵到？🙏
[TG-UB] Incoming message: -1001714667923 師兄邊度搵到？🙏
[TG-UB] Skip duplicate onMessage: -1001714667923_4266067_in
[TG-UB] Poll found message from -1001714667923 text: [media]
[TG-UB] Incoming message: -1001714667923 [media]
[TG-UB] Skip duplicate onMessage: -1001714667923_4266066_in
[TG-UB] Poll found message from -1001714667923 text: pink wor, how old
[TG-UB] Incoming message: -1001714667923 pink wor, how old
[TG-UB] Skip duplicate onMessage: -1001714667923_4266065_in
[TG-UB] Poll found message from -1001714667923 text: 約😆😘
[TG-UB] Incoming message: -1001714667923 約😆😘
[TG-UB] Skip duplicate onMessage: -1001714667923_4266064_in
[TG-UB] Poll found message from -1001714667923 text: 佢成個籃球咁
[TG-UB] Incoming message: -1001714667923 佢成個籃球咁
[TG-UB] Skip duplicate onMessage: -1001714667923_4266063_in
[TG-UB] Poll found message from -1001714667923 text: 兩球嘢❤️
[TG-UB] Incoming message: -1001714667923 兩球嘢❤️
[TG-UB] Skip duplicate onMessage: -1001714667923_4266062_in
[TG-UB] Poll found message from -1001714667923 text: [media]
[TG-UB] Incoming message: -1001714667923 [media]
[TG-UB] Skip duplicate onMessage: -1001714667923_4266061_in
[TG-UB] Poll found message from -1001714667923 text: WOW
[TG-UB] Incoming message: -1001714667923 WOW
[TG-UB] Skip duplicate onMessage: -1001714667923_4266060_in
[TG-UB] Poll found message from -1001714667923 text: 女朋友真大
[TG-UB] Incoming message: -1001714667923 女朋友真大
[TG-UB] Skip duplicate onMessage: -1001714667923_4266059_in
[TG-UB] NewMessage from -1001714667923 text: 整妹妹
[TG-UB] Incoming message: -1001714667923 整妹妹
[TG-UB] Incoming message: -1001714667923 整妹妹
[TG-UB] Skip duplicate onMessage: -1001714667923_4266074_in
[33m[2026-09-19T16:22:10.473] [INFO] - [Starting direct file download in chunks of 65536 at 0, stride 65536][0m
[TG-UB] NewMessage from -1001714667923 text: 
[TG-UB] Incoming message: -1001714667923 [MessageMediaDocument]
[TG-UB] Incoming message: -1001714667923 [MessageMediaDocument]
[TG-UB] Skip duplicate onMessage: -1001714667923_4266075_in
[33m[2026-09-19T16:22:13.869] [INFO] - [Starting direct file download in chunks of 65536 at 0, stride 65536][0m
[TG-UB Media DEBUG] type=MessageMediaDocument isOut=false hasRaw=true client=undef
[TG-UB Media] Downloading msgId=4266075 type=MessageMediaDocument rawType=Message
[33m[2026-09-19T16:22:13.958] [INFO] - [Starting direct file download in chunks of 131072 at 0, stride 131072][0m
[33m[2026-09-19T16:22:13.958] [INFO] - [Connecting to 149.154.175.56:443/TCPFull...][0m
[33m[2026-09-19T16:22:14.155] [INFO] - [Connection to 149.154.175.56:443/TCPFull complete!][0m
[33m[2026-09-19T16:22:14.361] [INFO] - [File lives in another DC][0m
[33m[2026-09-19T16:22:14.361] [INFO] - [Connecting to 149.154.167.91:443/TCPFull...][0m
[33m[2026-09-19T16:22:14.583] [INFO] - [Connection to 149.154.167.91:443/TCPFull complete!][0m
[TG-UB Media] Download result: buf=buffer:33498
[TG-UB] Media downloaded: 344536da288a3a974ccb5d56ff128530.jpg
[35m[2026-09-19T16:22:43.870] [WARN] - [Disconnecting...][0m
[33m[2026-09-19T16:22:43.870] [INFO] - [Disconnecting from 91.108.56.183:443/TCPFull...][0m
[33m[2026-09-19T16:22:43.870] [INFO] - [connection closed][0m
[35m[2026-09-19T16:22:44.156] [WARN] - [Disconnecting...][0m
[33m[2026-09-19T16:22:44.156] [INFO] - [Disconnecting from 149.154.175.56:443/TCPFull...][0m
[33m[2026-09-19T16:22:44.156] [INFO] - [connection closed][0m
[35m[2026-09-19T16:22:44.584] [WARN] - [Disconnecting...][0m
[33m[2026-09-19T16:22:44.584] [INFO] - [Disconnecting from 149.154.167.91:443/TCPFull...][0m
[33m[2026-09-19T16:22:44.584] [INFO] - [connection closed][0m
[TG-UB] NewMessage from -1001714667923 text: 
[TG-UB] Incoming message: -1001714667923 [MessageMediaDocument]
[TG-UB] Incoming message: -1001714667923 [MessageMediaDocument]
[TG-UB] Skip duplicate onMessage: -1001714667923_4266076_in
[33m[2026-09-19T16:22:54.614] [INFO] - [Starting direct file download in chunks of 65536 at 0, stride 65536][0m
[33m[2026-09-19T16:22:54.614] [INFO] - [Connecting to 91.108.56.183:443/TCPFull...][0m
[33m[2026-09-19T16:22:54.680] [INFO] - [Connection to 91.108.56.183:443/TCPFull complete!][0m
[TG-UB Media DEBUG] type=MessageMediaDocument isOut=false hasRaw=true client=undef
[TG-UB Media] Downloading msgId=4266076 type=MessageMediaDocument rawType=Message
[33m[2026-09-19T16:22:54.829] [INFO] - [Starting direct file download in chunks of 131072 at 0, stride 131072][0m
[33m[2026-09-19T16:22:54.829] [INFO] - [Connecting to 149.154.175.56:443/TCPFull...][0m
[33m[2026-09-19T16:22:55.054] [INFO] - [Connection to 149.154.175.56:443/TCPFull complete!][0m
[33m[2026-09-19T16:22:55.288] [INFO] - [File lives in another DC][0m
[TG-UB] NewMessage from -1001714667923 text: 
[TG-UB] Incoming message: -1001714667923 [MessageMediaDocument]
[TG-UB] Incoming message: -1001714667923 [MessageMediaDocument]
[TG-UB] Skip duplicate onMessage: -1001714667923_4266077_in
[33m[2026-09-19T16:23:08.364] [INFO] - [Starting direct file download in chunks of 65536 at 0, stride 65536][0m
[TG-UB Media DEBUG] type=MessageMediaDocument isOut=false hasRaw=true client=undef
[TG-UB Media] Downloading msgId=4266077 type=MessageMediaDocument rawType=Message
[33m[2026-09-19T16:23:08.830] [INFO] - [Starting direct file download in chunks of 131072 at 0, stride 131072][0m
[33m[2026-09-19T16:23:09.064] [INFO] - [File lives in another DC][0m
[TG-UB Media] Download result: buf=buffer:31254
[TG-UB] Media downloaded: cb5989d7e0f589aae8229ec367fec6f6.jpg
[TG-UB] NewMessage from -1001714667923 text: 坐定定
[TG-UB] Incoming message: -1001714667923 坐定定
[TG-UB] Incoming message: -1001714667923 坐定定
[TG-UB] Skip duplicate onMessage: -1001714667923_4266078_in
[33m[2026-09-19T16:23:16.053] [INFO] - [Starting direct file download in chunks of 65536 at 0, stride 65536][0m
[TG-UB] NewMessage from -1001714667923 text: 約！
[TG-UB] Incoming message: -1001714667923 約！
[TG-UB] Incoming message: -1001714667923 約！
[TG-UB] Skip duplicate onMessage: -1001714667923_4266079_in
[33m[2026-09-19T16:23:19.074] [INFO] - [Starting direct file download in chunks of 65536 at 0, stride 65536][0m
[TG-UB Media] Download result: buf=buffer:3975455
[TG-UB] Media downloaded: 6905fc8d5e5148ba1ed586771a4b508a.jpg
[TG-UB] NewMessage from -1001714667923 text: 好
[TG-UB] Incoming message: -1001714667923 好
[TG-UB] Incoming message: -1001714667923 好
[TG-UB] Skip duplicate onMessage: -1001714667923_4266080_in
[33m[2026-09-19T16:23:30.454] [INFO] - [Starting direct file download in chunks of 65536 at 0, stride 65536][0m
[TG-UB] NewMessage from -1001714667923 text: 沒有最安全，只有更安全🤣
[TG-UB] Incoming message: -1001714667923 沒有最安全，只有更安全🤣
[TG-UB] Incoming message: -1001714667923 沒有最安全，只有更安全🤣
[TG-UB] Skip duplicate onMessage: -1001714667923_4266081_in
[33m[2026-09-19T16:23:35.603] [INFO] - [Starting direct file download in chunks of 65536 at 0, stride 65536][0m
[35m[2026-09-19T16:23:38.830] [WARN] - [Disconnecting...][0m
[33m[2026-09-19T16:23:38.830] [INFO] - [Disconnecting from 149.154.175.56:443/TCPFull...][0m
[33m[2026-09-19T16:23:38.831] [INFO] - [connection closed][0m
[TG-UB] NewMessage from -1001714667923 text: 
[TG-UB] Incoming message: -1001714667923 [MessageMediaPhoto]
[TG-UB] Incoming message: -1001714667923 [MessageMediaPhoto]
[TG-UB] Skip duplicate onMessage: -1001714667923_4266082_in
[33m[2026-09-19T16:23:40.547] [INFO] - [Starting direct file download in chunks of 65536 at 0, stride 65536][0m
[TG-UB Media DEBUG] type=MessageMediaPhoto isOut=false hasRaw=true client=undef
[TG-UB Media] Downloading msgId=4266082 type=MessageMediaPhoto rawType=Message
[33m[2026-09-19T16:23:40.803] [INFO] - [Starting direct file download in chunks of 131072 at 0, stride 131072][0m
[TG-UB Media] Download result: buf=buffer:158637
[TG-UB] Media downloaded: 8cb58065ee87306182175165ed1b831a.jpg
[TG-UB] NewMessage from -1001714667923 text: 知道
[TG-UB] Incoming message: -1001714667923 知道
[TG-UB] Incoming message: -1001714667923 知道
[TG-UB] Skip duplicate onMessage: -1001714667923_4266083_in
[33m[2026-09-19T16:23:45.730] [INFO] - [Starting direct file download in chunks of 65536 at 0, stride 65536][0m
[TG-UB] NewMessage from -1001714667923 text: 嘩
[TG-UB] Incoming message: -1001714667923 嘩
[TG-UB] Incoming message: -1001714667923 嘩
[TG-UB] Skip duplicate onMessage: -1001714667923_4266084_in
[33m[2026-09-19T16:23:48.514] [INFO] - [Starting direct file download in chunks of 65536 at 0, stride 65536][0m
[TG-UB] NewMessage from -1001714667923 text: Wow
[TG-UB] Incoming message: -1001714667923 Wow
[33m[2026-09-19T16:23:53.669] [INFO] - [Starting direct file download in chunks of 65536 at 0, stride 65536][0m
[TG-UB] Incoming message: -1001714667923 Wow
[TG-UB] Skip duplicate onMessage: -1001714667923_4266085_in
[TG-UB] Poll found message from -1001714667923 text: Wow
[TG-UB] Incoming message: -1001714667923 Wow
[TG-UB] Skip duplicate onMessage: -1001714667923_4266085_in
[TG-UB] Poll found message from -1001714667923 text: 嘩
[TG-UB] Incoming message: -1001714667923 嘩
[TG-UB] Skip duplicate onMessage: -1001714667923_4266084_in
[TG-UB] Poll found message from -1001714667923 text: 知道
[TG-UB] Incoming message: -1001714667923 知道
[TG-UB] Skip duplicate onMessage: -1001714667923_4266083_in
[TG-UB] Poll found message from -1001714667923 text: [media]
[TG-UB] Incoming message: -1001714667923 [media]
[TG-UB] Skip duplicate onMessage: -1001714667923_4266082_in
[TG-UB] Poll found message from -1001714667923 text: 沒有最安全，只有更安全🤣
[TG-UB] Incoming message: -1001714667923 沒有最安全，只有更安全🤣
[TG-UB] Skip duplicate onMessage: -1001714667923_4266081_in
[TG-UB] Poll found message from -1001714667923 text: 好
[TG-UB] Incoming message: -1001714667923 好
[TG-UB] Skip duplicate onMessage: -1001714667923_4266080_in
[TG-UB] Poll found message from -1001714667923 text: 約！
[TG-UB] Incoming message: -1001714667923 約！
[TG-UB] Skip duplicate onMessage: -1001714667923_4266079_in
[TG-UB] Poll found message from -1001714667923 text: 坐定定
[TG-UB] Incoming message: -1001714667923 坐定定
[TG-UB] Skip duplicate onMessage: -1001714667923_4266078_in
[TG-UB] Poll found message from -1001714667923 text: [media]
[TG-UB] Incoming message: -1001714667923 [media]
[TG-UB] Skip duplicate onMessage: -1001714667923_4266077_in
[TG-UB] Poll found message from -1001714667923 text: [media]
[TG-UB] Incoming message: -1001714667923 [media]
[TG-UB] Skip duplicate onMessage: -1001714667923_4266076_in
[TG-UB] Poll found message from -1001714667923 text: [media]
[TG-UB] Incoming message: -1001714667923 [media]
[TG-UB] Skip duplicate onMessage: -1001714667923_4266075_in
[TG-UB] Poll found message from -1001714667923 text: 整妹妹
[TG-UB] Incoming message: -1001714667923 整妹妹
[TG-UB] Skip duplicate onMessage: -1001714667923_4266074_in
[TG-UB] NewMessage from -1001714667923 text: 約🫢
[TG-UB] Incoming message: -1001714667923 約🫢
[33m[2026-09-19T16:23:56.514] [INFO] - [Starting direct file download in chunks of 65536 at 0, stride 65536][0m
[TG-UB] Incoming message: -1001714667923 約🫢
[TG-UB] Skip duplicate onMessage: -1001714667923_4266086_in
[TG-UB] NewMessage from -1001714667923 text: 大到呢
[TG-UB] Incoming message: -1001714667923 大到呢
[TG-UB] Incoming message: -1001714667923 大到呢
[TG-UB] Skip duplicate onMessage: -1001714667923_4266087_in
[33m[2026-09-19T16:24:01.512] [INFO] - [Starting direct file download in chunks of 65536 at 0, stride 65536][0m
[TG-UB] NewMessage from -1001714667923 text: 包不住🤭
[TG-UB] Incoming message: -1001714667923 包不住🤭
[TG-UB] NewMessage from -1001714667923 text: 流晒出嚟
[TG-UB] Incoming message: -1001714667923 流晒出嚟
[TG-UB] Incoming message: -1001714667923 包不住🤭
[TG-UB] Skip duplicate onMessage: -1001714667923_4266088_in
[33m[2026-09-19T16:24:03.818] [INFO] - [Starting direct file download in chunks of 65536 at 0, stride 65536][0m
[33m[2026-09-19T16:24:04.023] [INFO] - [Starting direct file download in chunks of 65536 at 0, stride 65536][0m
[TG-UB] Incoming message: -1001714667923 流晒出嚟
[TG-UB] Skip duplicate onMessage: -1001714667923_4266089_in
[TG-UB] NewMessage from -1001714667923 text: 嘩
[TG-UB] Incoming message: -1001714667923 嘩
[TG-UB] Incoming message: -1001714667923 嘩
[TG-UB] Skip duplicate onMessage: -1001714667923_4266090_in
[33m[2026-09-19T16:24:05.021] [INFO] - [Starting direct file download in chunks of 65536 at 0, stride 65536][0m
[TG-UB] NewMessage from -1001714667923 text: 全部企晒起身
[TG-UB] Incoming message: -1001714667923 全部企晒起身
[TG-UB] Incoming message: -1001714667923 全部企晒起身
[TG-UB] Skip duplicate onMessage: -1001714667923_4266091_in
[33m[2026-09-19T16:24:09.787] [INFO] - [Starting direct file download in chunks of 65536 at 0, stride 65536][0m
[TG-UB] NewMessage from -1001714667923 text: 件衫就爛🤣
[TG-UB] Incoming message: -1001714667923 件衫就爛🤣
[TG-UB] Incoming message: -1001714667923 件衫就爛🤣
[TG-UB] Skip duplicate onMessage: -1001714667923_4266092_in
[33m[2026-09-19T16:24:10.881] [INFO] - [Starting direct file download in chunks of 65536 at 0, stride 65536][0m
[TG-UB] NewMessage from -1001714667923 text: ？。？
[TG-UB] Incoming message: -1001714667923 ？。？
[TG-UB] Incoming message: -1001714667923 ？。？
[TG-UB] Skip duplicate onMessage: -1001714667923_4266093_in
[33m[2026-09-19T16:24:11.939] [INFO] - [Starting direct file download in chunks of 65536 at 0, stride 65536][0m
[TG-UB] NewMessage from -1001714667923 text: 睇到人哋嘩 即刻入嚟已經冇了
[TG-UB] Incoming message: -1001714667923 睇到人哋嘩 即刻入嚟已經冇了
[TG-UB] Incoming message: -1001714667923 睇到人哋嘩 即刻入嚟已經冇了
[TG-UB] Skip duplicate onMessage: -1001714667923_4266094_in
[33m[2026-09-19T16:24:16.531] [INFO] - [Starting direct file download in chunks of 65536 at 0, stride 65536][0m
[TG-UB] NewMessage from -1001714667923 text: 新衫黎
[TG-UB] Incoming message: -1001714667923 新衫黎
[TG-UB] Incoming message: -1001714667923 新衫黎
[TG-UB] Skip duplicate onMessage: -1001714667923_4266095_in
[33m[2026-09-19T16:24:20.393] [INFO] - [Starting direct file download in chunks of 65536 at 0, stride 65536][0m
[TG-UB] NewMessage from -1001714667923 text: 渣多次
[TG-UB] Incoming message: -1001714667923 渣多次
[TG-UB] Incoming message: -1001714667923 渣多次
[TG-UB] Skip duplicate onMessage: -1001714667923_4266096_in
[33m[2026-09-19T16:24:22.029] [INFO] - [Starting direct file download in chunks of 65536 at 0, stride 65536][0m
[TG-UB] NewMessage from -1001714667923 text: 
[TG-UB] Incoming message: -1001714667923 [MessageMediaPhoto]
[TG-UB] Incoming message: -1001714667923 [MessageMediaPhoto]
[TG-UB] Skip duplicate onMessage: -1001714667923_4266097_in
[33m[2026-09-19T16:24:22.840] [INFO] - [Starting direct file download in chunks of 65536 at 0, stride 65536][0m
[TG-UB Media DEBUG] type=MessageMediaPhoto isOut=false hasRaw=true client=undef
[TG-UB Media] Downloading msgId=4266097 type=MessageMediaPhoto rawType=Message
[33m[2026-09-19T16:24:23.057] [INFO] - [Starting direct file download in chunks of 131072 at 0, stride 131072][0m
[TG-UB Media] Download result: buf=buffer:145766
[TG-UB] Media downloaded: a6f56c69f027c500098f27ed67266353.jpg
[TG-UB] NewMessage from -1001714667923 text: 好
[TG-UB] Incoming message: -1001714667923 好
[TG-UB] Incoming message: -1001714667923 好
[TG-UB] Skip duplicate onMessage: -1001714667923_4266098_in
[33m[2026-09-19T16:24:29.238] [INFO] - [Starting direct file download in chunks of 65536 at 0, stride 65536][0m
[TG-UB] NewMessage from -1001714667923 text: WOW
[TG-UB] Incoming message: -1001714667923 WOW
[TG-UB] Incoming message: -1001714667923 WOW
[TG-UB] Skip duplicate onMessage: -1001714667923_4266099_in
[33m[2026-09-19T16:24:32.797] [INFO] - [Starting direct file download in chunks of 65536 at 0, stride 65536][0m
[TG-UB] NewMessage from -1001714667923 text: 好睇
[TG-UB] Incoming message: -1001714667923 好睇
[TG-UB] Incoming message: -1001714667923 好睇
[TG-UB] Skip duplicate onMessage: -1001714667923_4266100_in
[33m[2026-09-19T16:24:35.796] [INFO] - [Starting direct file download in chunks of 65536 at 0, stride 65536][0m
[TG-UB] NewMessage from -1001714667923 text: 知你多啦🙄🙄
[TG-UB] Incoming message: -1001714667923 知你多啦🙄🙄
[TG-UB] Incoming message: -1001714667923 知你多啦🙄🙄
[TG-UB] Skip duplicate onMessage: -1001714667923_4266101_in
[33m[2026-09-19T16:24:39.451] [INFO] - [Starting direct file download in chunks of 65536 at 0, stride 65536][0m
[TG-UB] NewMessage from -1001714667923 text: 求介🙏🙏🙏
[TG-UB] Incoming message: -1001714667923 求介🙏🙏🙏
[TG-UB] Incoming message: -1001714667923 求介🙏🙏🙏
[TG-UB] Skip duplicate onMessage: -1001714667923_4266102_in
[33m[2026-09-19T16:24:41.874] [INFO] - [Starting direct file download in chunks of 65536 at 0, stride 65536][0m
[TG-UB] NewMessage from -1001714667923 text: 幼齒
[TG-UB] Incoming message: -1001714667923 幼齒
[TG-UB] Incoming message: -1001714667923 幼齒
[TG-UB] Skip duplicate onMessage: -1001714667923_4266103_in
[33m[2026-09-19T16:24:48.890] [INFO] - [Starting direct file download in chunks of 65536 at 0, stride 65536][0m
[TG-UB] NewMessage from -1001714667923 text: 流心奶皇月餅
[TG-UB] Incoming message: -1001714667923 流心奶皇月餅
[TG-UB] Incoming message: -1001714667923 流心奶皇月餅
[TG-UB] Skip duplicate onMessage: -1001714667923_4266104_in
[33m[2026-09-19T16:24:55.482] [INFO] - [Starting direct file download in chunks of 65536 at 0, stride 65536][0m
[TG-UB] NewMessage from -1001714667923 text: 就快綻爆
[TG-UB] Incoming message: -1001714667923 就快綻爆
[TG-UB] Incoming message: -1001714667923 就快綻爆
[TG-UB] Skip duplicate onMessage: -1001714667923_4266105_in
[33m[2026-09-19T16:24:56.898] [INFO] - [Starting direct file download in chunks of 65536 at 0, stride 65536][0m
[TG-UB] NewMessage from -1001714667923 text: 又慢左？
[TG-UB] Incoming message: -1001714667923 又慢左？
[TG-UB] Incoming message: -1001714667923 又慢左？
[TG-UB] Skip duplicate onMessage: -1001714667923_4266106_in
[33m[2026-09-19T16:25:03.783] [INFO] - [Starting direct file download in chunks of 65536 at 0, stride 65536][0m
[TG-UB] NewMessage from -1001714667923 text: 我都想有咁多😭
[TG-UB] Incoming message: -1001714667923 我都想有咁多😭
[33m[2026-09-19T16:25:10.042] [INFO] - [Starting direct file download in chunks of 65536 at 0, stride 65536][0m
[TG-UB] Incoming message: -1001714667923 我都想有咁多😭
[TG-UB] Skip duplicate onMessage: -1001714667923_4266107_in
[TG-UB] NewMessage from -1001714667923 text: 2秒
[TG-UB] Incoming message: -1001714667923 2秒
[TG-UB] Incoming message: -1001714667923 2秒
[TG-UB] Skip duplicate onMessage: -1001714667923_4266108_in
[33m[2026-09-19T16:25:19.836] [INFO] - [Starting direct file download in chunks of 65536 at 0, stride 65536][0m
[TG-UB] NewMessage from -1001714667923 text: 加油🤣
[TG-UB] Incoming message: -1001714667923 加油🤣
[TG-UB] Incoming message: -1001714667923 加油🤣
[TG-UB] Skip duplicate onMessage: -1001714667923_4266109_in
[33m[2026-09-19T16:25:27.862] [INFO] - [Starting direct file download in chunks of 65536 at 0, stride 65536][0m
[TG-UB] NewMessage from -1001714667923 text: 
[TG-UB] Incoming message: -1001714667923 [MessageMediaDocument]
[TG-UB] Incoming message: -1001714667923 [MessageMediaDocument]
[TG-UB] Skip duplicate onMessage: -1001714667923_4266110_in
[33m[2026-09-19T16:25:32.056] [INFO] - [Starting direct file download in chunks of 65536 at 0, stride 65536][0m
[TG-UB Media DEBUG] type=MessageMediaDocument isOut=false hasRaw=true client=undef
[TG-UB Media] Downloading msgId=4266110 type=MessageMediaDocument rawType=Message
[33m[2026-09-19T16:25:32.238] [INFO] - [Starting direct file download in chunks of 131072 at 0, stride 131072][0m
[33m[2026-09-19T16:25:32.238] [INFO] - [Connecting to 149.154.175.56:443/TCPFull...][0m
[33m[2026-09-19T16:25:32.433] [INFO] - [Connection to 149.154.175.56:443/TCPFull complete!][0m
[33m[2026-09-19T16:25:32.635] [INFO] - [File lives in another DC][0m
[33m[2026-09-19T16:25:32.635] [INFO] - [Connecting to 149.154.167.91:443/TCPFull...][0m
[33m[2026-09-19T16:25:32.854] [INFO] - [Connection to 149.154.167.91:443/TCPFull complete!][0m
[TG-UB Media] Download result: buf=buffer:206620
[TG-UB] Media downloaded: 1d2aeac40a742faf7f7199de5de4e255.jpg
[TG-UB] NewMessage from -1001714667923 text: 愛死您😘
[TG-UB] Incoming message: -1001714667923 愛死您😘
[TG-UB] Incoming message: -1001714667923 愛死您😘
[TG-UB] Skip duplicate onMessage: -1001714667923_4266111_in
[33m[2026-09-19T16:25:44.795] [INFO] - [Starting direct file download in chunks of 65536 at 0, stride 65536][0m
[Automation Scheduler] Running check at 2026-09-19T16:25:50.072Z
[TG-UB] NewMessage from -1001714667923 text: 😭
[TG-UB] Incoming message: -1001714667923 😭
[TG-UB] Incoming message: -1001714667923 😭
[TG-UB] Skip duplicate onMessage: -1001714667923_4266112_in
[33m[2026-09-19T16:25:52.092] [INFO] - [Starting direct file download in chunks of 65536 at 0, stride 65536][0m
[TG-UB] NewMessage from -1003821755044 text: pm thx
[TG-UB] Incoming message: -1003821755044 pm thx
[TG-UB] Poll found message from -1003821755044 text: pm thx
[TG-UB] Incoming message: -1003821755044 pm thx
[TG-UB] Skip duplicate onMessage: -1003821755044_20225_in
[TG-UB] Incoming message: -1003821755044 pm thx
[TG-UB] Skip duplicate onMessage: -1003821755044_20225_in
[33m[2026-09-19T16:25:54.143] [INFO] - [Starting direct file download in chunks of 65536 at 0, stride 65536][0m
[TG-UB] Poll found message from -1001714667923 text: 😭
[TG-UB] Incoming message: -1001714667923 😭
[TG-UB] Skip duplicate onMessage: -1001714667923_4266112_in
[TG-UB] Poll found message from -1001714667923 text: 愛死您😘
[TG-UB] Incoming message: -1001714667923 愛死您😘
[TG-UB] Skip duplicate onMessage: -1001714667923_4266111_in
[TG-UB] Poll found message from -1001714667923 text: [media]
[TG-UB] Incoming message: -1001714667923 [media]
[TG-UB] Skip duplicate onMessage: -1001714667923_4266110_in
[TG-UB] Poll found message from -1001714667923 text: 加油🤣
[TG-UB] Incoming message: -1001714667923 加油🤣
[TG-UB] Skip duplicate onMessage: -1001714667923_4266109_in
[TG-UB] Poll found message from -1001714667923 text: 2秒
[TG-UB] Incoming message: -1001714667923 2秒
[TG-UB] Skip duplicate onMessage: -1001714667923_4266108_in
[TG-UB] Poll found message from -1001714667923 text: 我都想有咁多😭
[TG-UB] Incoming message: -1001714667923 我都想有咁多😭
[TG-UB] Skip duplicate onMessage: -1001714667923_4266107_in
[TG-UB] Poll found message from -1001714667923 text: 又慢左？
[TG-UB] Incoming message: -1001714667923 又慢左？
[TG-UB] Skip duplicate onMessage: -1001714667923_4266106_in
[TG-UB] Poll found message from -1001714667923 text: 就快綻爆
[TG-UB] Incoming message: -1001714667923 就快綻爆
[TG-UB] Skip duplicate onMessage: -1001714667923_4266105_in
[TG-UB] Poll found message from -1001714667923 text: 流心奶皇月餅
[TG-UB] Incoming message: -1001714667923 流心奶皇月餅
[TG-UB] Skip duplicate onMessage: -1001714667923_4266104_in
[TG-UB] Poll found message from -1001714667923 text: 幼齒
[TG-UB] Incoming message: -1001714667923 幼齒
[TG-UB] Skip duplicate onMessage: -1001714667923_4266103_in
[TG-UB] Poll found message from -1001714667923 text: 求介🙏🙏🙏
[TG-UB] Incoming message: -1001714667923 求介🙏🙏🙏
[TG-UB] Skip duplicate onMessage: -1001714667923_4266102_in
[TG-UB] Poll found message from -1001714667923 text: 知你多啦🙄🙄
[TG-UB] Incoming message: -1001714667923 知你多啦🙄🙄
[TG-UB] Skip duplicate onMessage: -1001714667923_4266101_in
[TG-UB] Poll found message from -1001714667923 text: 好睇
[TG-UB] Incoming message: -1001714667923 好睇
[TG-UB] Skip duplicate onMessage: -1001714667923_4266100_in
[TG-UB] Poll found message from -1001714667923 text: WOW
[TG-UB] Incoming message: -1001714667923 WOW
[TG-UB] Skip duplicate onMessage: -1001714667923_4266099_in
[TG-UB] Poll found message from -1001714667923 text: 好
[TG-UB] Incoming message: -1001714667923 好
[TG-UB] Skip duplicate onMessage: -1001714667923_4266098_in
[TG-UB] Poll found message from -1001714667923 text: 渣多次
[TG-UB] Incoming message: -1001714667923 渣多次
[TG-UB] Skip duplicate onMessage: -1001714667923_4266096_in
[TG-UB] Poll found message from -1001714667923 text: 新衫黎
[TG-UB] Incoming message: -1001714667923 新衫黎
[TG-UB] Skip duplicate onMessage: -1001714667923_4266095_in
[TG-UB] Poll found message from -1001714667923 text: 睇到人哋嘩 即刻入嚟已經冇了
[TG-UB] Incoming message: -1001714667923 睇到人哋嘩 即刻入嚟已經冇了
[TG-UB] Skip duplicate onMessage: -1001714667923_4266094_in
[TG-UB] Poll found message from -1001714667923 text: ？。？
[TG-UB] Incoming message: -1001714667923 ？。？
[TG-UB] Skip duplicate onMessage: -1001714667923_4266093_in
[TG-UB] Poll found message from -1001714667923 text: 件衫就爛🤣
[TG-UB] Incoming message: -1001714667923 件衫就爛🤣
[TG-UB] Skip duplicate onMessage: -1001714667923_4266092_in
[TG-UB Translate] en->zh: "pm thx" => "私信，谢谢"
[TG-UB] Emitting translation events, io.connected: 1
[35m[2026-09-19T16:26:04.071] [WARN] - [Disconnecting...][0m
[33m[2026-09-19T16:26:04.071] [INFO] - [Disconnecting from 149.154.167.91:443/TCPFull...][0m
[33m[2026-09-19T16:26:04.072] [INFO] - [connection closed][0m
[TG-UB] NewMessage from -1001714667923 text: 係你快得濟😭😭😭😭😭
[TG-UB] Incoming message: -1001714667923 係你快得濟😭😭😭😭😭
[TG-UB] Incoming message: -1001714667923 係你快得濟😭😭😭😭😭
[TG-UB] Skip duplicate onMessage: -1001714667923_4266113_in
[33m[2026-09-19T16:26:13.829] [INFO] - [Starting direct file download in chunks of 65536 at 0, stride 65536][0m
[35m[2026-09-19T16:26:24.144] [WARN] - [Disconnecting...][0m
[33m[2026-09-19T16:26:24.144] [INFO] - [Disconnecting from 149.154.175.56:443/TCPFull...][0m
[33m[2026-09-19T16:26:24.144] [INFO] - [connection closed][0m
[TG-UB] NewMessage from -1001714667923 text: 
[TG-UB] Incoming message: -1001714667923 [MessageMediaDocument]
[TG-UB] Incoming message: -1001714667923 [MessageMediaDocument]
[TG-UB] Skip duplicate onMessage: -1001714667923_4266114_in
[33m[2026-09-19T16:26:31.131] [INFO] - [Starting direct file download in chunks of 65536 at 0, stride 65536][0m
[TG-UB Media DEBUG] type=MessageMediaDocument isOut=false hasRaw=true client=undef
[TG-UB Media] Downloading msgId=4266114 type=MessageMediaDocument rawType=Message
[33m[2026-09-19T16:26:31.283] [INFO] - [Starting direct file download in chunks of 131072 at 0, stride 131072][0m
[33m[2026-09-19T16:26:31.283] [INFO] - [Connecting to 149.154.175.56:443/TCPFull...][0m
[33m[2026-09-19T16:26:31.484] [INFO] - [Connection to 149.154.175.56:443/TCPFull complete!][0m
[33m[2026-09-19T16:26:31.697] [INFO] - [File lives in another DC][0m
[TG-UB Media] Download result: buf=buffer:41072
[TG-UB] Media downloaded: 81ea5fe8793a2f92b940de8a88e9814e.jpg
[TG-UB] NewMessage from -1001714667923 text: 黎
[TG-UB] Incoming message: -1001714667923 黎
[TG-UB] Incoming message: -1001714667923 黎
[TG-UB] Skip duplicate onMessage: -1001714667923_4266115_in
[33m[2026-09-19T16:26:43.153] [INFO] - [Starting direct file download in chunks of 65536 at 0, stride 65536][0m
[TG-UB Media DEBUG] type=MessageMediaPhoto isOut=false hasRaw=true client=undef
[TG-UB Media] Downloading msgId=4266115 type=MessageMediaPhoto rawType=Message
[33m[2026-09-19T16:26:43.306] [INFO] - [Starting direct file download in chunks of 131072 at 0, stride 131072][0m
[TG-UB Media] Download result: buf=buffer:158637
[TG-UB] Media downloaded: 8d41952251574ec92b67060b7eca8fc8.jpg
[TG-UB] NewMessage from -1001714667923 text: 即刻衝入黎
[TG-UB] Incoming message: -1001714667923 即刻衝入黎
[TG-UB] Incoming message: -1001714667923 即刻衝入黎
[TG-UB] Skip duplicate onMessage: -1001714667923_4266116_in
[33m[2026-09-19T16:26:54.460] [INFO] - [Starting direct file download in chunks of 65536 at 0, stride 65536][0m
[TG-UB] NewMessage from -1001714667923 text: 靚
[TG-UB] Incoming message: -1001714667923 靚
[TG-UB] Incoming message: -1001714667923 靚
[TG-UB] Skip duplicate onMessage: -1001714667923_4266117_in
[33m[2026-09-19T16:26:56.781] [INFO] - [Starting direct file download in chunks of 65536 at 0, stride 65536][0m
[TG-UB] NewMessage from -1001714667923 text: Again 🔥
[TG-UB] Incoming message: -1001714667923 Again 🔥
[TG-UB] Incoming message: -1001714667923 Again 🔥
[TG-UB] Skip duplicate onMessage: -1001714667923_4266118_in
[33m[2026-09-19T16:26:59.864] [INFO] - [Starting direct file download in chunks of 65536 at 0, stride 65536][0m
[35m[2026-09-19T16:27:01.485] [WARN] - [Disconnecting...][0m
[33m[2026-09-19T16:27:01.485] [INFO] - [Disconnecting from 149.154.175.56:443/TCPFull...][0m
[33m[2026-09-19T16:27:01.485] [INFO] - [connection closed][0m
[TG-UB] NewMessage from -1001714667923 text: 有貓耳？
[TG-UB] Incoming message: -1001714667923 有貓耳？
[TG-UB] Incoming message: -1001714667923 有貓耳？
[TG-UB] Skip duplicate onMessage: -1001714667923_4266119_in
[33m[2026-09-19T16:27:09.511] [INFO] - [Starting direct file download in chunks of 65536 at 0, stride 65536][0m
[TG-UB] NewMessage from -1001714667923 text: 再wow
[TG-UB] Incoming message: -1001714667923 再wow
[TG-UB] Incoming message: -1001714667923 再wow
[TG-UB] Skip duplicate onMessage: -1001714667923_4266120_in
[33m[2026-09-19T16:27:12.862] [INFO] - [Starting direct file download in chunks of 65536 at 0, stride 65536][0m
[TG-UB] NewMessage from -1001714667923 text: 甘跨張
[TG-UB] Incoming message: -1001714667923 甘跨張
[TG-UB] Incoming message: -1001714667923 甘跨張
[TG-UB] Skip duplicate onMessage: -1001714667923_4266121_in
[33m[2026-09-19T16:27:13.375] [INFO] - [Starting direct file download in chunks of 65536 at 0, stride 65536][0m
[TG-UB] NewMessage from -1001714667923 text: 
[TG-UB] Incoming message: -1001714667923 [MessageMediaPhoto]
[TG-UB] Incoming message: -1001714667923 [MessageMediaPhoto]
[TG-UB] Skip duplicate onMessage: -1001714667923_4266122_in
[33m[2026-09-19T16:27:25.569] [INFO] - [Starting direct file download in chunks of 65536 at 0, stride 65536][0m
[TG-UB Media DEBUG] type=MessageMediaPhoto isOut=false hasRaw=true client=undef
[TG-UB Media] Downloading msgId=4266122 type=MessageMediaPhoto rawType=Message
[33m[2026-09-19T16:27:25.744] [INFO] - [Starting direct file download in chunks of 131072 at 0, stride 131072][0m
[TG-UB Media] Download result: buf=buffer:138618
[TG-UB] Media downloaded: e9e3cd218ca7cbf73dad21a6df7d4278.jpg
[TG-UB] NewMessage from -1001714667923 text: 有
[TG-UB] Incoming message: -1001714667923 有
[TG-UB] Incoming message: -1001714667923 有
[TG-UB] Skip duplicate onMessage: -1001714667923_4266123_in
[33m[2026-09-19T16:27:29.033] [INFO] - [Starting direct file download in chunks of 65536 at 0, stride 65536][0m
[TG-UB] NewMessage from -1001714667923 text: 遲左
[TG-UB] Incoming message: -1001714667923 遲左
[TG-UB] Incoming message: -1001714667923 遲左
[TG-UB] Skip duplicate onMessage: -1001714667923_4266124_in
[33m[2026-09-19T16:27:30.816] [INFO] - [Starting direct file download in chunks of 65536 at 0, stride 65536][0m
[TG-UB] NewMessage from -1001714667923 text: 你睇正
[TG-UB] Incoming message: -1001714667923 你睇正
[TG-UB] Incoming message: -1001714667923 你睇正
[TG-UB] Skip duplicate onMessage: -1001714667923_4266125_in
[33m[2026-09-19T16:27:40.744] [INFO] - [Starting direct file download in chunks of 65536 at 0, stride 65536][0m
[TG-UB] NewMessage from -1001714667923 text: 閃過啦～
[TG-UB] Incoming message: -1001714667923 閃過啦～
[TG-UB] Incoming message: -1001714667923 閃過啦～
[TG-UB] Skip duplicate onMessage: -1001714667923_4266126_in
[33m[2026-09-19T16:27:42.618] [INFO] - [Starting direct file download in chunks of 65536 at 0, stride 65536][0m
[TG-UB] NewMessage from -1001714667923 text: 正
[TG-UB] Incoming message: -1001714667923 正
[TG-UB] Incoming message: -1001714667923 正
[TG-UB] Skip duplicate onMessage: -1001714667923_4266127_in
[33m[2026-09-19T16:27:44.402] [INFO] - [Starting direct file download in chunks of 65536 at 0, stride 65536][0m
[TG-UB] NewMessage from -1001714667923 text: 方便扑
[TG-UB] Incoming message: -1001714667923 方便扑
[TG-UB] Incoming message: -1001714667923 方便扑
[TG-UB] Skip duplicate onMessage: -1001714667923_4266128_in
[33m[2026-09-19T16:27:48.718] [INFO] - [Starting direct file download in chunks of 65536 at 0, stride 65536][0m
[TG-UB] NewMessage from -1001714667923 text: 😋
[TG-UB] Incoming message: -1001714667923 😋
[TG-UB] Incoming message: -1001714667923 😋
[TG-UB] Skip duplicate onMessage: -1001714667923_4266129_in
[33m[2026-09-19T16:27:50.795] [INFO] - [Starting direct file download in chunks of 65536 at 0, stride 65536][0m
[TG-UB] NewMessage from -1001714667923 text: 涼
[TG-UB] Incoming message: -1001714667923 涼
[TG-UB] Incoming message: -1001714667923 涼
[TG-UB] Skip duplicate onMessage: -1001714667923_4266130_in
[33m[2026-09-19T16:27:53.401] [INFO] - [Starting direct file download in chunks of 65536 at 0, stride 65536][0m
[TG-UB] Poll found message from -1001714667923 text: 涼
[TG-UB] Incoming message: -1001714667923 涼
[TG-UB] Skip duplicate onMessage: -1001714667923_4266130_in
[TG-UB] Poll found message from -1001714667923 text: 😋
[TG-UB] Incoming message: -1001714667923 😋
[TG-UB] Skip duplicate onMessage: -1001714667923_4266129_in
[TG-UB] Poll found message from -1001714667923 text: 方便扑
[TG-UB] Incoming message: -1001714667923 方便扑
[TG-UB] Skip duplicate onMessage: -1001714667923_4266128_in
[TG-UB] Poll found message from -1001714667923 text: 正
[TG-UB] Incoming message: -1001714667923 正
[TG-UB] Skip duplicate onMessage: -1001714667923_4266127_in
[TG-UB] Poll found message from -1001714667923 text: 閃過啦～
[TG-UB] Incoming message: -1001714667923 閃過啦～
[TG-UB] Skip duplicate onMessage: -1001714667923_4266126_in
[TG-UB] Poll found message from -1001714667923 text: 你睇左
[TG-UB] Incoming message: -1001714667923 你睇左
[TG-UB] Skip duplicate onMessage: -1001714667923_4266125_in
[TG-UB] Poll found message from -1001714667923 text: 遲左
[TG-UB] Incoming message: -1001714667923 遲左
[TG-UB] Skip duplicate onMessage: -1001714667923_4266124_in
[TG-UB] Poll found message from -1001714667923 text: 有
[TG-UB] Incoming message: -1001714667923 有
[TG-UB] Skip duplicate onMessage: -1001714667923_4266123_in
[TG-UB] Poll found message from -1001714667923 text: [media]
[TG-UB] Incoming message: -1001714667923 [media]
[TG-UB] Skip duplicate onMessage: -1001714667923_4266122_in
[TG-UB] Poll found message from -1001714667923 text: 甘跨張
[TG-UB] Incoming message: -1001714667923 甘跨張
[TG-UB] Skip duplicate onMessage: -1001714667923_4266121_in
[TG-UB] Poll found message from -1001714667923 text: 再wow
[TG-UB] Incoming message: -1001714667923 再wow
[TG-UB] Skip duplicate onMessage: -1001714667923_4266120_in
[TG-UB] Poll found message from -1001714667923 text: 有貓耳？
[TG-UB] Incoming message: -1001714667923 有貓耳？
[TG-UB] Skip duplicate onMessage: -1001714667923_4266119_in
[TG-UB] Poll found message from -1001714667923 text: Again 🔥
[TG-UB] Incoming message: -1001714667923 Again 🔥
[TG-UB] Skip duplicate onMessage: -1001714667923_4266118_in
[TG-UB] Poll found message from -1001714667923 text: 靚
[TG-UB] Incoming message: -1001714667923 靚
[TG-UB] Skip duplicate onMessage: -1001714667923_4266117_in
[TG-UB] Poll found message from -1001714667923 text: 即刻衝入黎
[TG-UB] Incoming message: -1001714667923 即刻衝入黎
[TG-UB] Skip duplicate onMessage: -1001714667923_4266116_in
[TG-UB] Poll found message from -1001714667923 text: 黎
[TG-UB] Incoming message: -1001714667923 黎
[TG-UB] Skip duplicate onMessage: -1001714667923_4266115_in
[TG-UB] Poll found message from -1001714667923 text: [media]
[TG-UB] Incoming message: -1001714667923 [media]
[TG-UB] Skip duplicate onMessage: -1001714667923_4266114_in
[TG-UB] Poll found message from -1001714667923 text: 係你快得濟😭😭😭😭😭
[TG-UB] Incoming message: -1001714667923 係你快得濟😭😭😭😭😭
[TG-UB] Skip duplicate onMessage: -1001714667923_4266113_in
[TG-UB] NewMessage from -1001714667923 text: 嘻嘻😁
[TG-UB] Incoming message: -1001714667923 嘻嘻😁
[33m[2026-09-19T16:27:55.720] [INFO] - [Starting direct file download in chunks of 65536 at 0, stride 65536][0m
[TG-UB] Incoming message: -1001714667923 嘻嘻😁
[TG-UB] Skip duplicate onMessage: -1001714667923_4266131_in
[TG-UB] NewMessage from -1001714667923 text: 隨時準備
[TG-UB] Incoming message: -1001714667923 隨時準備
[33m[2026-09-19T16:28:09.650] [INFO] - [Starting direct file download in chunks of 65536 at 0, stride 65536][0m
[TG-UB] Incoming message: -1001714667923 隨時準備
[TG-UB] Skip duplicate onMessage: -1001714667923_4266132_in
[TG-UB] NewMessage from -1001714667923 text: Wow
[TG-UB] Incoming message: -1001714667923 Wow
[TG-UB] Incoming message: -1001714667923 Wow
[TG-UB] Skip duplicate onMessage: -1001714667923_4266133_in
[33m[2026-09-19T16:28:10.168] [INFO] - [Starting direct file download in chunks of 65536 at 0, stride 65536][0m
[TG-UB] NewMessage from -1001714667923 text: 我睇下有無衣貝衫買先
[TG-UB] Incoming message: -1001714667923 我睇下有無衣貝衫買先
[TG-UB] Incoming message: -1001714667923 我睇下有無衣貝衫買先
[TG-UB] Skip duplicate onMessage: -1001714667923_4266134_in
[33m[2026-09-19T16:28:19.257] [INFO] - [Starting direct file download in chunks of 65536 at 0, stride 65536][0m
[TG-UB] NewMessage from -1001714667923 text: 好緊喎
[TG-UB] Incoming message: -1001714667923 好緊喎
[TG-UB] Incoming message: -1001714667923 好緊喎
[TG-UB] Skip duplicate onMessage: -1001714667923_4266135_in
[33m[2026-09-19T16:28:23.243] [INFO] - [Starting direct file download in chunks of 65536 at 0, stride 65536][0m
[TG-UB] NewMessage from -1001714667923 text: 
[TG-UB] Incoming message: -1001714667923 [MessageMediaPhoto]
[TG-UB] Incoming message: -1001714667923 [MessageMediaPhoto]
[TG-UB] Skip duplicate onMessage: -1001714667923_4266136_in
[33m[2026-09-19T16:28:25.795] [INFO] - [Starting direct file download in chunks of 65536 at 0, stride 65536][0m
[TG-UB Media DEBUG] type=MessageMediaPhoto isOut=false hasRaw=true client=undef
[TG-UB Media] Downloading msgId=4266136 type=MessageMediaPhoto rawType=Message
[33m[2026-09-19T16:28:25.994] [INFO] - [Starting direct file download in chunks of 131072 at 0, stride 131072][0m
[TG-UB Media] Download result: buf=buffer:190052
[TG-UB] Media downloaded: 6100c87dea63ba3cb98bf7d8768483ed.jpg
[TG-UB] NewMessage from -1001714667923 text: 另一半會開心死 貓貓女僕
[TG-UB] Incoming message: -1001714667923 另一半會開心死 貓貓女僕
[TG-UB] Incoming message: -1001714667923 另一半會開心死 貓貓女僕
[TG-UB] Skip duplicate onMessage: -1001714667923_4266137_in
[33m[2026-09-19T16:28:39.469] [INFO] - [Starting direct file download in chunks of 65536 at 0, stride 65536][0m
[35m[2026-09-19T16:29:09.469] [WARN] - [Disconnecting...][0m
[33m[2026-09-19T16:29:09.469] [INFO] - [Disconnecting from 91.108.56.183:443/TCPFull...][0m
[33m[2026-09-19T16:29:09.469] [INFO] - [connection closed][0m
[TG-UB] NewMessage from -1001714667923 text: 我知你講邊件🤭🤭🤭
[TG-UB] Incoming message: -1001714667923 我知你講邊件🤭🤭🤭
[TG-UB] Incoming message: -1001714667923 我知你講邊件🤭🤭🤭
[TG-UB] Skip duplicate onMessage: -1001714667923_4266138_in
[33m[2026-09-19T16:29:11.946] [INFO] - [Starting direct file download in chunks of 65536 at 0, stride 65536][0m
[33m[2026-09-19T16:29:11.946] [INFO] - [Connecting to 91.108.56.183:443/TCPFull...][0m
[33m[2026-09-19T16:29:12.024] [INFO] - [Connection to 91.108.56.183:443/TCPFull complete!][0m
[TG-UB] NewMessage from -1001714667923 text: 佢睇完打手機喎🤔
[TG-UB] Incoming message: -1001714667923 佢睇完打手機喎🤔
[TG-UB] Incoming message: -1001714667923 佢睇完打手機喎🤔
[TG-UB] Skip duplicate onMessage: -1001714667923_4266139_in
[33m[2026-09-19T16:29:22.978] [INFO] - [Starting direct file download in chunks of 65536 at 0, stride 65536][0m
[33m[2026-09-19T16:29:36.538] [INFO] - [connection closed][0m
[35m[2026-09-19T16:29:36.538] [WARN] - [Connection closed while receiving data][0m
Error: Not connected
    at ConnectionTCPFull.recv (/opt/whatsapp-crm-staging/backend/node_modules/telegram/network/connection/Connection.js:71:15)
    at async MTProtoSender._recvLoop (/opt/whatsapp-crm-staging/backend/node_modules/telegram/network/MTProtoSender.js:373:24)
[33m[2026-09-19T16:29:37.541] [INFO] - [Started reconnecting][0m
[35m[2026-09-19T16:29:37.541] [WARN] - [[Reconnect] Closing current connection...][0m
[33m[2026-09-19T16:29:37.542] [INFO] - [Disconnecting from 149.154.175.53:80/TCPFull...][0m
[33m[2026-09-19T16:29:37.542] [INFO] - [Connecting to 149.154.175.53:80/TCPFull...][0m
[33m[2026-09-19T16:29:37.542] [INFO] - [Started reconnecting][0m
[35m[2026-09-19T16:29:37.542] [WARN] - [[Reconnect] Closing current connection...][0m
[33m[2026-09-19T16:29:37.542] [INFO] - [Disconnecting from 91.108.56.183:443/TCPFull...][0m
[35m[2026-09-19T16:29:37.542] [WARN] - [Connection closed while receiving data][0m
Error: Not connected
    at ConnectionTCPFull.recv (/opt/whatsapp-crm-staging/backend/node_modules/telegram/network/connection/Connection.js:71:15)
    at async MTProtoSender._recvLoop (/opt/whatsapp-crm-staging/backend/node_modules/telegram/network/MTProtoSender.js:373:24)
[33m[2026-09-19T16:29:37.543] [INFO] - [Connecting to 91.108.56.183:443/TCPFull...][0m
[33m[2026-09-19T16:29:37.543] [INFO] - [connection closed][0m
[33m[2026-09-19T16:29:37.609] [INFO] - [Connection to 91.108.56.183:443/TCPFull complete!][0m
[33m[2026-09-19T16:29:37.744] [INFO] - [Connection to 149.154.175.53:80/TCPFull complete!][0m
[33m[2026-09-19T16:29:37.745] [INFO] - [Handling reconnect!][0m
[TG-UB] NewMessage from -1001714667923 text: 打手機定打手槍呀？
[TG-UB] Incoming message: -1001714667923 打手機定打手槍呀？
[TG-UB] Incoming message: -1001714667923 打手機定打手槍呀？
[TG-UB] Skip duplicate onMessage: -1001714667923_4266140_in
[33m[2026-09-19T16:29:46.245] [INFO] - [Starting direct file download in chunks of 65536 at 0, stride 65536][0m
[TG-UB] Poll found message from -1001714667923 text: 打手機定打手槍呀？
[TG-UB] Incoming message: -1001714667923 打手機定打手槍呀？
[TG-UB] Skip duplicate onMessage: -1001714667923_4266140_in
[TG-UB] Poll found message from -1001714667923 text: 佢睇完打手機喎🤔
[TG-UB] Incoming message: -1001714667923 佢睇完打手機喎🤔
[TG-UB] Skip duplicate onMessage: -1001714667923_4266139_in
[TG-UB] Poll found message from -1001714667923 text: 我知你講邊件🤭🤭🤭
[TG-UB] Incoming message: -1001714667923 我知你講邊件🤭🤭🤭
[TG-UB] Skip duplicate onMessage: -1001714667923_4266138_in
[TG-UB] Poll found message from -1001714667923 text: 另一半會開心死 貓貓女僕
[TG-UB] Incoming message: -1001714667923 另一半會開心死 貓貓女僕
[TG-UB] Skip duplicate onMessage: -1001714667923_4266137_in
[TG-UB] Poll found message from -1001714667923 text: 好緊喎
[TG-UB] Incoming message: -1001714667923 好緊喎
[TG-UB] Skip duplicate onMessage: -1001714667923_4266135_in
[TG-UB] Poll found message from -1001714667923 text: 我睇下有無衣貝衫買先
[TG-UB] Incoming message: -1001714667923 我睇下有無衣貝衫買先
[TG-UB] Skip duplicate onMessage: -1001714667923_4266134_in
[TG-UB] Poll found message from -1001714667923 text: Wow
[TG-UB] Incoming message: -1001714667923 Wow
[TG-UB] Skip duplicate onMessage: -1001714667923_4266133_in
[TG-UB] Poll found message from -1001714667923 text: 隨時準備
[TG-UB] Incoming message: -1001714667923 隨時準備
[TG-UB] Skip duplicate onMessage: -1001714667923_4266132_in
[TG-UB] Poll found message from -1001714667923 text: 嘻嘻😁
[TG-UB] Incoming message: -1001714667923 嘻嘻😁
[TG-UB] Skip duplicate onMessage: -1001714667923_4266131_in
[TG-UB] NewMessage from -1001714667923 text: 
[TG-UB] Incoming message: -1001714667923 [MessageMediaPhoto]
[33m[2026-09-19T16:30:09.728] [INFO] - [Starting direct file download in chunks of 65536 at 0, stride 65536][0m
[TG-UB] Incoming message: -1001714667923 [MessageMediaPhoto]
[TG-UB] Skip duplicate onMessage: -1001714667923_4266141_in
[TG-UB Media DEBUG] type=MessageMediaPhoto isOut=false hasRaw=true client=undef
[TG-UB Media] Downloading msgId=4266141 type=MessageMediaPhoto rawType=Message
[33m[2026-09-19T16:30:09.898] [INFO] - [Starting direct file download in chunks of 131072 at 0, stride 131072][0m
[TG-UB Media] Download result: buf=buffer:83955
[TG-UB] Media downloaded: 622490519a9a3e6099894fbdf3a88a52.jpg
[TG-UB] NewMessage from -1001714667923 text: 手機
[TG-UB] Incoming message: -1001714667923 手機
[TG-UB] Incoming message: -1001714667923 手機
[TG-UB] Skip duplicate onMessage: -1001714667923_4266142_in
[33m[2026-09-19T16:30:18.980] [INFO] - [Starting direct file download in chunks of 65536 at 0, stride 65536][0m
[TG-UB] NewMessage from -1001714667923 text: 渣實
[TG-UB] Incoming message: -1001714667923 渣實
[TG-UB] Incoming message: -1001714667923 渣實
[TG-UB] Skip duplicate onMessage: -1001714667923_4266143_in
[33m[2026-09-19T16:30:24.350] [INFO] - [Starting direct file download in chunks of 65536 at 0, stride 65536][0m
[TG-UB] NewMessage from -1001714667923 text: 絕咗欲？定你成日取精
[TG-UB] Incoming message: -1001714667923 絕咗欲？定你成日取精
[TG-UB] Incoming message: -1001714667923 絕咗欲？定你成日取精
[TG-UB] Skip duplicate onMessage: -1001714667923_4266144_in
[33m[2026-09-19T16:30:29.941] [INFO] - [Starting direct file download in chunks of 65536 at 0, stride 65536][0m
[TG-UB] NewMessage from -1001714667923 text: 堅
[TG-UB] Incoming message: -1001714667923 堅
[TG-UB] NewMessage from -1001714667923 text: 想揸
[TG-UB] Incoming message: -1001714667923 想揸
[TG-UB] Incoming message: -1001714667923 堅
[TG-UB] Skip duplicate onMessage: -1001714667923_4266146_in
[33m[2026-09-19T16:30:35.055] [INFO] - [Starting direct file download in chunks of 65536 at 0, stride 65536][0m
[33m[2026-09-19T16:30:35.057] [INFO] - [Starting direct file download in chunks of 65536 at 0, stride 65536][0m
[TG-UB] Incoming message: -1001714667923 想揸
[TG-UB] Skip duplicate onMessage: -1001714667923_4266145_in
[TG-UB] NewMessage from -1001714667923 text: 佢地只係我隻狗，我係男，我純粹比dC兄分享，無諗過搶你地位，sorry
[TG-UB] Incoming message: -1001714667923 佢地只係我隻狗，我係男，我純粹比dC兄分享，無諗過搶你地位，sorry
[TG-UB] Incoming message: -1001714667923 佢地只係我隻狗，我係男，我純粹比dC兄分享，無諗過搶你地位，sorry
[TG-UB] Skip duplicate onMessage: -1001714667923_4266147_in
[33m[2026-09-19T16:30:37.231] [INFO] - [Starting direct file download in chunks of 65536 at 0, stride 65536][0m
[TG-UB] NewMessage from -1001714667923 text: 
[TG-UB] Incoming message: -1001714667923 [MessageMediaDocument]
[TG-UB] Incoming message: -1001714667923 [MessageMediaDocument]
[TG-UB] Skip duplicate onMessage: -1001714667923_4266148_in
[33m[2026-09-19T16:30:38.264] [INFO] - [Starting direct file download in chunks of 65536 at 0, stride 65536][0m
[TG-UB Media DEBUG] type=MessageMediaDocument isOut=false hasRaw=true client=undef
[TG-UB Media] Downloading msgId=4266148 type=MessageMediaDocument rawType=Message
[33m[2026-09-19T16:30:38.418] [INFO] - [Starting direct file download in chunks of 131072 at 0, stride 131072][0m
[33m[2026-09-19T16:30:38.418] [INFO] - [Connecting to 149.154.175.56:443/TCPFull...][0m
[33m[2026-09-19T16:30:38.612] [INFO] - [Connection to 149.154.175.56:443/TCPFull complete!][0m
[33m[2026-09-19T16:30:38.815] [INFO] - [File lives in another DC][0m
[TG-UB Media] Download result: buf=buffer:39514
[TG-UB] Media downloaded: ba162f70d886cc0d4df13c3a4ead15d1.jpg
[TG-UB] NewMessage from -1001714667923 text: 鎅波帶🤩
[TG-UB] Incoming message: -1001714667923 鎅波帶🤩
[TG-UB] Incoming message: -1001714667923 鎅波帶🤩
[TG-UB] Skip duplicate onMessage: -1001714667923_4266149_in
[33m[2026-09-19T16:30:47.631] [INFO] - [Starting direct file download in chunks of 65536 at 0, stride 65536][0m
[TG-UB] NewMessage from -1001714667923 text: ？。？無話邊個搶邊個
[TG-UB] Incoming message: -1001714667923 ？。？無話邊個搶邊個
[TG-UB] Incoming message: -1001714667923 ？。？無話邊個搶邊個
[TG-UB] Skip duplicate onMessage: -1001714667923_4266150_in
[33m[2026-09-19T16:31:02.912] [INFO] - [Starting direct file download in chunks of 65536 at 0, stride 65536][0m
[35m[2026-09-19T16:31:08.616] [WARN] - [Disconnecting...][0m
[33m[2026-09-19T16:31:08.616] [INFO] - [Disconnecting from 149.154.175.56:443/TCPFull...][0m
[33m[2026-09-19T16:31:08.616] [INFO] - [connection closed][0m
[TG-UB] NewMessage from -1001714667923 text: 咁著我地睇得啦
[TG-UB] Incoming message: -1001714667923 咁著我地睇得啦
[TG-UB] Incoming message: -1001714667923 咁著我地睇得啦
[TG-UB] Skip duplicate onMessage: -1001714667923_4266151_in
[33m[2026-09-19T16:31:25.938] [INFO] - [Starting direct file download in chunks of 65536 at 0, stride 65536][0m
[TG-UB] NewMessage from -1001714667923 text: 你咁多奴概，係邊搵到🤔
[TG-UB] Incoming message: -1001714667923 你咁多奴概，係邊搵到🤔
[TG-UB] Incoming message: -1001714667923 你咁多奴概，係邊搵到🤔
[TG-UB] Skip duplicate onMessage: -1001714667923_4266152_in
[33m[2026-09-19T16:31:31.088] [INFO] - [Starting direct file download in chunks of 65536 at 0, stride 65536][0m
[TG-UB] NewMessage from -1001714667923 text: 性感小伊貝
[TG-UB] Incoming message: -1001714667923 性感小伊貝
[TG-UB] Incoming message: -1001714667923 性感小伊貝
[TG-UB] Skip duplicate onMessage: -1001714667923_4266153_in
[33m[2026-09-19T16:31:34.350] [INFO] - [Starting direct file download in chunks of 65536 at 0, stride 65536][0m
[TG-UB] NewMessage from -1001714667923 text: 管好你啲狗
[TG-UB] Incoming message: -1001714667923 管好你啲狗
[TG-UB] Incoming message: -1001714667923 管好你啲狗
[TG-UB] Skip duplicate onMessage: -1001714667923_4266154_in
[33m[2026-09-19T16:31:36.438] [INFO] - [Starting direct file download in chunks of 65536 at 0, stride 65536][0m
[TG-UB] NewMessage from -1001714667923 text: 咁我就算有出過又如何呢！
[TG-UB] Incoming message: -1001714667923 咁我就算有出過又如何呢！
[TG-UB] Incoming message: -1001714667923 咁我就算有出過又如何呢！
[TG-UB] Skip duplicate onMessage: -1001714667923_4266155_in
[33m[2026-09-19T16:31:44.041] [INFO] - [Starting direct file download in chunks of 65536 at 0, stride 65536][0m
[TG-UB] Poll found message from -1001714667923 text: 咁我就算有出過又如何呢！
[TG-UB] Incoming message: -1001714667923 咁我就算有出過又如何呢！
[TG-UB] Skip duplicate onMessage: -1001714667923_4266155_in
[TG-UB] Poll found message from -1001714667923 text: 管好你啲狗
[TG-UB] Incoming message: -1001714667923 管好你啲狗
[TG-UB] Skip duplicate onMessage: -1001714667923_4266154_in
[TG-UB] Poll found message from -1001714667923 text: 性感小伊貝
[TG-UB] Incoming message: -1001714667923 性感小伊貝
[TG-UB] Skip duplicate onMessage: -1001714667923_4266153_in
[TG-UB] Poll found message from -1001714667923 text: 你咁多奴概，係邊搵到🤔
[TG-UB] Incoming message: -1001714667923 你咁多奴概，係邊搵到🤔
[TG-UB] Skip duplicate onMessage: -1001714667923_4266152_in
[TG-UB] Poll found message from -1001714667923 text: 咁著我地睇得啦
[TG-UB] Incoming message: -1001714667923 咁著我地睇得啦
[TG-UB] Skip duplicate onMessage: -1001714667923_4266151_in
[TG-UB] Poll found message from -1001714667923 text: ？。？無話邊個搶邊個
[TG-UB] Incoming message: -1001714667923 ？。？無話邊個搶邊個
[TG-UB] Skip duplicate onMessage: -1001714667923_4266150_in
[TG-UB] Poll found message from -1001714667923 text: 鎅波帶🤩
[TG-UB] Incoming message: -1001714667923 鎅波帶🤩
[TG-UB] Skip duplicate onMessage: -1001714667923_4266149_in
[TG-UB] Poll found message from -1001714667923 text: 佢地只係我隻狗，我係男，我純粹比dC兄分享，無諗過搶你地位，sorry
[TG-UB] Incoming message: -1001714667923 佢地只係我隻狗，我係男，我純粹比dC兄分享，無諗過搶你地位，sorry
[TG-UB] Skip duplicate onMessage: -1001714667923_4266147_in
[TG-UB] Poll found message from -1001714667923 text: 堅
[TG-UB] Incoming message: -1001714667923 堅
[TG-UB] Skip duplicate onMessage: -1001714667923_4266146_in
[TG-UB] Poll found message from -1001714667923 text: 想揸
[TG-UB] Incoming message: -1001714667923 想揸
[TG-UB] Skip duplicate onMessage: -1001714667923_4266145_in
[TG-UB] Poll found message from -1001714667923 text: 絕咗欲？定你成日取精
[TG-UB] Incoming message: -1001714667923 絕咗欲？定你成日取精
[TG-UB] Skip duplicate onMessage: -1001714667923_4266144_in
[TG-UB] Poll found message from -1001714667923 text: 渣實
[TG-UB] Incoming message: -1001714667923 渣實
[TG-UB] Skip duplicate onMessage: -1001714667923_4266143_in
[TG-UB] Poll found message from -1001714667923 text: 手機
[TG-UB] Incoming message: -1001714667923 手機
[TG-UB] Skip duplicate onMessage: -1001714667923_4266142_in
[TG-UB] Poll found message from -1001714667923 text: [media]
[TG-UB] Incoming message: -1001714667923 [media]
[TG-UB] Skip duplicate onMessage: -1001714667923_4266141_in
[TG-UB] NewMessage from -1003821755044 text: Pm plz🙏🏻
[TG-UB] Incoming message: -1003821755044 Pm plz🙏🏻
[TG-UB] Incoming message: -1003821755044 Pm plz🙏🏻
[TG-UB] Skip duplicate onMessage: -1003821755044_20226_in
[33m[2026-09-19T16:31:54.441] [INFO] - [Starting direct file download in chunks of 65536 at 0, stride 65536][0m
[33m[2026-09-19T16:31:54.441] [INFO] - [Connecting to 149.154.175.56:443/TCPFull...][0m
[33m[2026-09-19T16:31:54.666] [INFO] - [Connection to 149.154.175.56:443/TCPFull complete!][0m
[AI Client] DeepSeek V4 Pro reasoning-only empty content (finish=length), retry with max_tokens=4096
[TG-UB] Poll found message from -1003821755044 text: Pm plz🙏🏻
[TG-UB] Incoming message: -1003821755044 Pm plz🙏🏻
[TG-UB] Skip duplicate onMessage: -1003821755044_20226_in
[TG-UB Translate] en->zh: "Pm plz🙏🏻" => "请私信我🙏🏻"
[TG-UB] Emitting translation events, io.connected: 1
[35m[2026-09-19T16:32:14.041] [WARN] - [Disconnecting...][0m
[33m[2026-09-19T16:32:14.042] [INFO] - [Disconnecting from 91.108.56.183:443/TCPFull...][0m
[33m[2026-09-19T16:32:14.042] [INFO] - [connection closed][0m
[35m[2026-09-19T16:32:24.668] [WARN] - [Disconnecting...][0m
[33m[2026-09-19T16:32:24.668] [INFO] - [Disconnecting from 149.154.175.56:443/TCPFull...][0m
[33m[2026-09-19T16:32:24.668] [INFO] - [connection closed][0m
[TG-UB] NewMessage from -1001714667923 text: 
[TG-UB] Incoming message: -1001714667923 [MessageMediaDocument]
[TG-UB] Incoming message: -1001714667923 [MessageMediaDocument]
[TG-UB] Skip duplicate onMessage: -1001714667923_4266156_in
[33m[2026-09-19T16:32:25.796] [INFO] - [Starting direct file download in chunks of 65536 at 0, stride 65536][0m
[33m[2026-09-19T16:32:25.796] [INFO] - [Connecting to 91.108.56.183:443/TCPFull...][0m
[33m[2026-09-19T16:32:25.864] [INFO] - [Connection to 91.108.56.183:443/TCPFull complete!][0m
[TG-UB Media DEBUG] type=MessageMediaDocument isOut=false hasRaw=true client=undef
[TG-UB Media] Downloading msgId=4266156 type=MessageMediaDocument rawType=Message
[33m[2026-09-19T16:32:26.332] [INFO] - [Starting direct file download in chunks of 131072 at 0, stride 131072][0m
[33m[2026-09-19T16:32:26.332] [INFO] - [Connecting to 149.154.175.56:443/TCPFull...][0m
[33m[2026-09-19T16:32:26.529] [INFO] - [Connection to 149.154.175.56:443/TCPFull complete!][0m
[33m[2026-09-19T16:32:26.736] [INFO] - [File lives in another DC][0m
[TG-UB Media] Download result: buf=buffer:38536
[TG-UB] Media downloaded: b2222dc2584f338556e3eb58c31a3ec6.jpg
[TG-UB] NewMessage from -1001714667923 text: 其實影響到你d咩野呢！有咩得罪請多多包函
[TG-UB] Incoming message: -1001714667923 其實影響到你d咩野呢！有咩得罪請多多包函
[TG-UB] Incoming message: -1001714667923 其實影響到你d咩野呢！有咩得罪請多多包函
[TG-UB] Skip duplicate onMessage: -1001714667923_4266157_in
[33m[2026-09-19T16:32:46.001] [INFO] - [Starting direct file download in chunks of 65536 at 0, stride 65536][0m
[TG-UB] NewMessage from -1001714667923 text: 無話如何，羨慕你咁多奴
[TG-UB] Incoming message: -1001714667923 無話如何，羨慕你咁多奴
[TG-UB] Incoming message: -1001714667923 無話如何，羨慕你咁多奴
[TG-UB] Skip duplicate onMessage: -1001714667923_4266158_in
[33m[2026-09-19T16:32:54.651] [INFO] - [Starting direct file download in chunks of 65536 at 0, stride 65536][0m
[35m[2026-09-19T16:32:56.530] [WARN] - [Disconnecting...][0m
[33m[2026-09-19T16:32:56.530] [INFO] - [Disconnecting from 149.154.175.56:443/TCPFull...][0m
[33m[2026-09-19T16:32:56.530] [INFO] - [connection closed][0m
[TG-UB] NewMessage from -1001714667923 text: 網衫有無著過？🤔
[TG-UB] Incoming message: -1001714667923 網衫有無著過？🤔
[TG-UB] Incoming message: -1001714667923 網衫有無著過？🤔
[TG-UB] Skip duplicate onMessage: -1001714667923_4266159_in
[33m[2026-09-19T16:33:02.000] [INFO] - [Starting direct file download in chunks of 65536 at 0, stride 65536][0m
[35m[2026-09-19T16:33:32.002] [WARN] - [Disconnecting...][0m
[33m[2026-09-19T16:33:32.002] [INFO] - [Disconnecting from 91.108.56.183:443/TCPFull...][0m
[33m[2026-09-19T16:33:32.002] [INFO] - [connection closed][0m
[TG-UB] Poll found message from -1001714667923 text: 網衫有無著過？🤔
[TG-UB] Incoming message: -1001714667923 網衫有無著過？🤔
[TG-UB] Skip duplicate onMessage: -1001714667923_4266159_in
[TG-UB] Poll found message from -1001714667923 text: 無話如何，羨慕你咁多奴
[TG-UB] Incoming message: -1001714667923 無話如何，羨慕你咁多奴
[TG-UB] Skip duplicate onMessage: -1001714667923_4266158_in
[TG-UB] Poll found message from -1001714667923 text: 其實影響到你d咩野呢！有咩得罪請多多包函
[TG-UB] Incoming message: -1001714667923 其實影響到你d咩野呢！有咩得罪請多多包函
[TG-UB] Skip duplicate onMessage: -1001714667923_4266157_in
[TG-UB] Poll found message from -1001714667923 text: [media]
[TG-UB] Incoming message: -1001714667923 [media]
[TG-UB] Skip duplicate onMessage: -1001714667923_4266156_in
[TG-UB] NewMessage from -1001714667923 text: 
[TG-UB] Incoming message: -1001714667923 [MessageMediaPhoto]
[TG-UB] Incoming message: -1001714667923 [MessageMediaPhoto]
[TG-UB] Skip duplicate onMessage: -1001714667923_4266160_in
[33m[2026-09-19T16:35:18.007] [INFO] - [Starting direct file download in chunks of 65536 at 0, stride 65536][0m
[33m[2026-09-19T16:35:18.008] [INFO] - [Connecting to 91.108.56.183:443/TCPFull...][0m
[33m[2026-09-19T16:35:18.074] [INFO] - [Connection to 91.108.56.183:443/TCPFull complete!][0m
[TG-UB Media DEBUG] type=MessageMediaPhoto isOut=false hasRaw=true client=undef
[TG-UB Media] Downloading msgId=4266160 type=MessageMediaPhoto rawType=Message
[33m[2026-09-19T16:35:18.228] [INFO] - [Starting direct file download in chunks of 131072 at 0, stride 131072][0m
[TG-UB Media] Download result: buf=buffer:163858
[TG-UB] Media downloaded: d6e657fd72fc68ad1d90b103e6aea600.jpg
[TG-UB] NewMessage from -1001714667923 text: 正
[TG-UB] Incoming message: -1001714667923 正
[TG-UB] Incoming message: -1001714667923 正
[TG-UB] Skip duplicate onMessage: -1001714667923_4266161_in
[33m[2026-09-19T16:35:34.396] [INFO] - [Starting direct file download in chunks of 65536 at 0, stride 65536][0m
[TG-UB] NewMessage from -1001714667923 text: waaaaaa
[TG-UB] Incoming message: -1001714667923 waaaaaa
[TG-UB] Incoming message: -1001714667923 waaaaaa
[TG-UB] Skip duplicate onMessage: -1001714667923_4266162_in
[33m[2026-09-19T16:35:38.813] [INFO] - [Starting direct file download in chunks of 65536 at 0, stride 65536][0m
[TG-UB] NewMessage from -1003821755044 text: 雀哥pm 3片
[TG-UB] Incoming message: -1003821755044 雀哥pm 3片
[TG-UB] Incoming message: -1003821755044 雀哥pm 3片
[TG-UB] Skip duplicate onMessage: -1003821755044_20227_in
[33m[2026-09-19T16:35:44.087] [INFO] - [Starting direct file download in chunks of 65536 at 0, stride 65536][0m
[33m[2026-09-19T16:35:44.087] [INFO] - [Connecting to 149.154.175.56:443/TCPFull...][0m
[33m[2026-09-19T16:35:44.289] [INFO] - [Connection to 149.154.175.56:443/TCPFull complete!][0m
[TG-UB] Poll found message from -1003821755044 text: 雀哥pm 3片
[TG-UB] Incoming message: -1003821755044 雀哥pm 3片
[TG-UB] Skip duplicate onMessage: -1003821755044_20227_in
[TG-UB] NewMessage from -1001714667923 text: 要着去曬太陽
[TG-UB] Incoming message: -1001714667923 要着去曬太陽
[TG-UB] Incoming message: -1001714667923 要着去曬太陽
[TG-UB] Skip duplicate onMessage: -1001714667923_4266163_in
[33m[2026-09-19T16:35:54.872] [INFO] - [Starting direct file download in chunks of 65536 at 0, stride 65536][0m
[TG-UB] Poll found message from -1001714667923 text: 要着去曬太陽
[TG-UB] Incoming message: -1001714667923 要着去曬太陽
[TG-UB] Skip duplicate onMessage: -1001714667923_4266163_in
[TG-UB] Poll found message from -1001714667923 text: waaaaaa
[TG-UB] Incoming message: -1001714667923 waaaaaa
[TG-UB] Skip duplicate onMessage: -1001714667923_4266162_in
[TG-UB] Poll found message from -1001714667923 text: 正
[TG-UB] Incoming message: -1001714667923 正
[TG-UB] Skip duplicate onMessage: -1001714667923_4266161_in
[TG-UB] Poll found message from -1001714667923 text: [media]
[TG-UB] Incoming message: -1001714667923 [media]
[TG-UB] Skip duplicate onMessage: -1001714667923_4266160_in
[35m[2026-09-19T16:36:14.290] [WARN] - [Disconnecting...][0m
[33m[2026-09-19T16:36:14.290] [INFO] - [Disconnecting from 149.154.175.56:443/TCPFull...][0m
[33m[2026-09-19T16:36:14.290] [INFO] - [connection closed][0m
[TG-UB] NewMessage from -1003821755044 text: PM
[TG-UB] Incoming message: -1003821755044 PM
[TG-UB] Incoming message: -1003821755044 PM
[TG-UB] Skip duplicate onMessage: -1003821755044_20228_in
[33m[2026-09-19T16:36:21.840] [INFO] - [Starting direct file download in chunks of 65536 at 0, stride 65536][0m
[33m[2026-09-19T16:36:21.840] [INFO] - [Connecting to 149.154.175.56:443/TCPFull...][0m
[33m[2026-09-19T16:36:22.029] [INFO] - [Connection to 149.154.175.56:443/TCPFull complete!][0m
[AI Client] DeepSeek V4 Pro reasoning-only empty content (finish=length), retry with max_tokens=4096
[35m[2026-09-19T16:36:24.873] [WARN] - [Disconnecting...][0m
[33m[2026-09-19T16:36:24.873] [INFO] - [Disconnecting from 91.108.56.183:443/TCPFull...][0m
[33m[2026-09-19T16:36:24.873] [INFO] - [connection closed][0m
[AI Client] DeepSeek V4 Pro reasoning-only empty content (finish=length), retry with max_tokens=4096
[TG-UB] NewMessage from -1001714667923 text: Miss
[TG-UB] Incoming message: -1001714667923 Miss
[TG-UB] Incoming message: -1001714667923 Miss
[TG-UB] Skip duplicate onMessage: -1001714667923_4266164_in
[33m[2026-09-19T16:36:31.442] [INFO] - [Starting direct file download in chunks of 65536 at 0, stride 65536][0m
[33m[2026-09-19T16:36:31.443] [INFO] - [Connecting to 91.108.56.183:443/TCPFull...][0m
[33m[2026-09-19T16:36:31.509] [INFO] - [Connection to 91.108.56.183:443/TCPFull complete!][0m
[TG-UB Translate] en->zh: "PM" => "下午"
[TG-UB] Emitting translation events, io.connected: 1
[TG-UB] NewMessage from -1001714667923 text: 我miss咗
[TG-UB] Incoming message: -1001714667923 我miss咗
[TG-UB] Incoming message: -1001714667923 我miss咗
[TG-UB] Skip duplicate onMessage: -1001714667923_4266165_in
[33m[2026-09-19T16:36:37.923] [INFO] - [Starting direct file download in chunks of 65536 at 0, stride 65536][0m
[TG-UB] NewMessage from -1001714667923 text: 🫠🫠🫠🫠
[TG-UB] Incoming message: -1001714667923 🫠🫠🫠🫠
[TG-UB] Incoming message: -1001714667923 🫠🫠🫠🫠
[TG-UB] Skip duplicate onMessage: -1001714667923_4266166_in
[33m[2026-09-19T16:36:42.136] [INFO] - [Starting direct file download in chunks of 65536 at 0, stride 65536][0m
[TG-UB] NewMessage from -1001714667923 text: 咁樣就變咗S M🤣
[TG-UB] Incoming message: -1001714667923 咁樣就變咗S M🤣
[TG-UB] Incoming message: -1001714667923 咁樣就變咗S M🤣
[TG-UB] Skip duplicate onMessage: -1001714667923_4266167_in
[33m[2026-09-19T16:36:50.845] [INFO] - [Starting direct file download in chunks of 65536 at 0, stride 65536][0m
[35m[2026-09-19T16:36:52.030] [WARN] - [Disconnecting...][0m
[33m[2026-09-19T16:36:52.030] [INFO] - [Disconnecting from 149.154.175.56:443/TCPFull...][0m
[33m[2026-09-19T16:36:52.030] [INFO] - [connection closed][0m
[TG-UB] NewMessage from -1001714667923 text: 無
[TG-UB] Incoming message: -1001714667923 無
[TG-UB] Incoming message: -1001714667923 無
[TG-UB] Skip duplicate onMessage: -1001714667923_4266168_in
[33m[2026-09-19T16:36:54.037] [INFO] - [Starting direct file download in chunks of 65536 at 0, stride 65536][0m
[TG-UB] NewMessage from -1001714667923 text: 我都有小狗，不過冇你嗰啲咁可愛
[TG-UB] Incoming message: -1001714667923 我都有小狗，不過冇你嗰啲咁可愛
[TG-UB] Incoming message: -1001714667923 我都有小狗，不過冇你嗰啲咁可愛
[TG-UB] Skip duplicate onMessage: -1001714667923_4266169_in
[33m[2026-09-19T16:37:14.585] [INFO] - [Starting direct file download in chunks of 65536 at 0, stride 65536][0m
[TG-UB Media DEBUG] type=MessageMediaPhoto isOut=false hasRaw=true client=undef
[TG-UB Media] Downloading msgId=4266169 type=MessageMediaPhoto rawType=Message
[33m[2026-09-19T16:37:14.716] [INFO] - [Starting direct file download in chunks of 131072 at 0, stride 131072][0m
[TG-UB Media] Download result: buf=buffer:117507
[TG-UB] Media downloaded: b2f70bef70f15fdbf06322c20a17fea9.jpg
[TG-UB] NewMessage from -1001714667923 text: wow
[TG-UB] Incoming message: -1001714667923 wow
[TG-UB] Incoming message: -1001714667923 wow
[TG-UB] Skip duplicate onMessage: -1001714667923_4266170_in
[33m[2026-09-19T16:37:26.881] [INFO] - [Starting direct file download in chunks of 65536 at 0, stride 65536][0m
[TG-UB] NewMessage from -1001714667923 text: 見到原味檸檬😍😍
[TG-UB] Incoming message: -1001714667923 見到原味檸檬😍😍
[TG-UB] Incoming message: -1001714667923 見到原味檸檬😍😍
[TG-UB] Skip duplicate onMessage: -1001714667923_4266171_in
[33m[2026-09-19T16:37:42.844] [INFO] - [Starting direct file download in chunks of 65536 at 0, stride 65536][0m
[TG-UB] NewMessage from -1001714667923 text: 睇妳就夠👍
[TG-UB] Incoming message: -1001714667923 睇妳就夠👍
[TG-UB] Incoming message: -1001714667923 睇妳就夠👍
[TG-UB] Skip duplicate onMessage: -1001714667923_4266172_in
[33m[2026-09-19T16:37:51.824] [INFO] - [Starting direct file download in chunks of 65536 at 0, stride 65536][0m
[TG-UB] Poll found message from -1001714667923 text: 睇妳就夠👍
[TG-UB] Incoming message: -1001714667923 睇妳就夠👍
[TG-UB] Skip duplicate onMessage: -1001714667923_4266172_in
[TG-UB] Poll found message from -1001714667923 text: 見到原味檸檬😍😍
[TG-UB] Incoming message: -1001714667923 見到原味檸檬😍😍
[TG-UB] Skip duplicate onMessage: -1001714667923_4266171_in
[TG-UB] Poll found message from -1001714667923 text: wow
[TG-UB] Incoming message: -1001714667923 wow
[TG-UB] Skip duplicate onMessage: -1001714667923_4266170_in
[TG-UB] Poll found message from -1001714667923 text: 我都有小狗，不過冇你嗰啲咁可愛
[TG-UB] Incoming message: -1001714667923 我都有小狗，不過冇你嗰啲咁可愛
[TG-UB] Skip duplicate onMessage: -1001714667923_4266169_in
[TG-UB] Poll found message from -1001714667923 text: 無
[TG-UB] Incoming message: -1001714667923 無
[TG-UB] Skip duplicate onMessage: -1001714667923_4266168_in
[TG-UB] Poll found message from -1001714667923 text: 咁樣就變咗S M🤣
[TG-UB] Incoming message: -1001714667923 咁樣就變咗S M🤣
[TG-UB] Skip duplicate onMessage: -1001714667923_4266167_in
[TG-UB] Poll found message from -1001714667923 text: 🫠🫠🫠🫠
[TG-UB] Incoming message: -1001714667923 🫠🫠🫠🫠
[TG-UB] Skip duplicate onMessage: -1001714667923_4266166_in
[TG-UB] Poll found message from -1001714667923 text: 我miss咗
[TG-UB] Incoming message: -1001714667923 我miss咗
[TG-UB] Skip duplicate onMessage: -1001714667923_4266165_in
[TG-UB] Poll found message from -1001714667923 text: Miss
[TG-UB] Incoming message: -1001714667923 Miss
[TG-UB] Skip duplicate onMessage: -1001714667923_4266164_in
[TG-UB] NewMessage from -1001714667923 text: 可以試 你身材著咗會再吸引啲
[TG-UB] Incoming message: -1001714667923 可以試 你身材著咗會再吸引啲
[33m[2026-09-19T16:37:54.910] [INFO] - [Starting direct file download in chunks of 65536 at 0, stride 65536][0m
[TG-UB] Incoming message: -1001714667923 可以試 你身材著咗會再吸引啲
[TG-UB] Skip duplicate onMessage: -1001714667923_4266173_in
[TG-UB] NewMessage from -1001714667923 text: 😍
[TG-UB] Incoming message: -1001714667923 😍
[TG-UB] Incoming message: -1001714667923 😍
[TG-UB] Skip duplicate onMessage: -1001714667923_4266174_in
[33m[2026-09-19T16:37:56.105] [INFO] - [Starting direct file download in chunks of 65536 at 0, stride 65536][0m
[TG-UB] Poll found message from -1003821755044 text: PM
[TG-UB] Incoming message: -1003821755044 PM
[TG-UB] Skip duplicate onMessage: -1003821755044_20228_in
[TG-UB] NewMessage from -1001714667923 text: 🤣真miss
[TG-UB] Incoming message: -1001714667923 🤣真miss
[TG-UB] Incoming message: -1001714667923 🤣真miss
[TG-UB] Skip duplicate onMessage: -1001714667923_4266175_in
[33m[2026-09-19T16:38:05.577] [INFO] - [Starting direct file download in chunks of 65536 at 0, stride 65536][0m
[TG-UB] NewMessage from -1001714667923 text: 我係金城武
約？
[TG-UB] Incoming message: -1001714667923 我係金城武
約？
[TG-UB] Incoming message: -1001714667923 我係金城武
約？
[TG-UB] Skip duplicate onMessage: -1001714667923_4266176_in
[33m[2026-09-19T16:38:07.065] [INFO] - [Starting direct file download in chunks of 65536 at 0, stride 65536][0m
[TG-UB] NewMessage from -1001714667923 text: 睇隻狗嘅表情好似已經習慣咗😂
[TG-UB] Incoming message: -1001714667923 睇隻狗嘅表情好似已經習慣咗😂
[TG-UB] Incoming message: -1001714667923 睇隻狗嘅表情好似已經習慣咗😂
[TG-UB] Skip duplicate onMessage: -1001714667923_4266177_in
[33m[2026-09-19T16:38:16.310] [INFO] - [Starting direct file download in chunks of 65536 at 0, stride 65536][0m
[TG-UB] NewMessage from -1001714667923 text: 我見到你男人都唔放過🤣
[TG-UB] Incoming message: -1001714667923 我見到你男人都唔放過🤣
[TG-UB] Incoming message: -1001714667923 我見到你男人都唔放過🤣
[TG-UB] Skip duplicate onMessage: -1001714667923_4266178_in
[33m[2026-09-19T16:38:22.236] [INFO] - [Starting direct file download in chunks of 65536 at 0, stride 65536][0m
[TG-UB] NewMessage from -1001714667923 text: 真身出現
[TG-UB] Incoming message: -1001714667923 真身出現
[TG-UB] Incoming message: -1001714667923 真身出現
[TG-UB] Skip duplicate onMessage: -1001714667923_4266179_in
[33m[2026-09-19T16:38:23.772] [INFO] - [Starting direct file download in chunks of 65536 at 0, stride 65536][0m
[TG-UB] NewMessage from -1001714667923 text: 好明顯
[TG-UB] Incoming message: -1001714667923 好明顯
[TG-UB] Incoming message: -1001714667923 好明顯
[TG-UB] Skip duplicate onMessage: -1001714667923_4266180_in
[33m[2026-09-19T16:38:35.499] [INFO] - [Starting direct file download in chunks of 65536 at 0, stride 65536][0m
[TG-UB] NewMessage from -1001714667923 text: 明明已經同一分鐘
[TG-UB] Incoming message: -1001714667923 明明已經同一分鐘
[TG-UB] Incoming message: -1001714667923 明明已經同一分鐘
[TG-UB] Skip duplicate onMessage: -1001714667923_4266181_in
[33m[2026-09-19T16:38:37.078] [INFO] - [Starting direct file download in chunks of 65536 at 0, stride 65536][0m
[35m[2026-09-19T16:39:07.081] [WARN] - [Disconnecting...][0m
[33m[2026-09-19T16:39:07.081] [INFO] - [Disconnecting from 91.108.56.183:443/TCPFull...][0m
[33m[2026-09-19T16:39:07.081] [INFO] - [connection closed][0m
[TG-UB] NewMessage from -1001714667923 text: 見到🍋已經硬定先🤪
[TG-UB] Incoming message: -1001714667923 見到🍋已經硬定先🤪
[TG-UB] Incoming message: -1001714667923 見到🍋已經硬定先🤪
[TG-UB] Skip duplicate onMessage: -1001714667923_4266182_in
[33m[2026-09-19T16:39:23.955] [INFO] - [Starting direct file download in chunks of 65536 at 0, stride 65536][0m
[33m[2026-09-19T16:39:23.956] [INFO] - [Connecting to 91.108.56.183:443/TCPFull...][0m
[33m[2026-09-19T16:39:24.022] [INFO] - [Connection to 91.108.56.183:443/TCPFull complete!][0m
[TG-UB] NewMessage from -1001714667923 text: 我唔太喜歡
[TG-UB] Incoming message: -1001714667923 我唔太喜歡
[TG-UB] Incoming message: -1001714667923 我唔太喜歡
[TG-UB] Skip duplicate onMessage: -1001714667923_4266183_in
[33m[2026-09-19T16:39:51.974] [INFO] - [Starting direct file download in chunks of 65536 at 0, stride 65536][0m
[TG-UB] Poll found message from -1001714667923 text: 我唔太喜歡
[TG-UB] Incoming message: -1001714667923 我唔太喜歡
[TG-UB] Skip duplicate onMessage: -1001714667923_4266183_in
[TG-UB] Poll found message from -1001714667923 text: 見到🍋已經硬定先🤪
[TG-UB] Incoming message: -1001714667923 見到🍋已經硬定先🤪
[TG-UB] Skip duplicate onMessage: -1001714667923_4266182_in
[TG-UB] Poll found message from -1001714667923 text: 明明已經同一分鐘
[TG-UB] Incoming message: -1001714667923 明明已經同一分鐘
[TG-UB] Skip duplicate onMessage: -1001714667923_4266181_in
[TG-UB] Poll found message from -1001714667923 text: 好明顯
[TG-UB] Incoming message: -1001714667923 好明顯
[TG-UB] Skip duplicate onMessage: -1001714667923_4266180_in
[TG-UB] Poll found message from -1001714667923 text: 真身出現
[TG-UB] Incoming message: -1001714667923 真身出現
[TG-UB] Skip duplicate onMessage: -1001714667923_4266179_in
[TG-UB] Poll found message from -1001714667923 text: 我見到你男人都唔放過🤣
[TG-UB] Incoming message: -1001714667923 我見到你男人都唔放過🤣
[TG-UB] Skip duplicate onMessage: -1001714667923_4266178_in
[TG-UB] Poll found message from -1001714667923 text: 睇隻狗嘅表情好似已經習慣咗😂
[TG-UB] Incoming message: -1001714667923 睇隻狗嘅表情好似已經習慣咗😂
[TG-UB] Skip duplicate onMessage: -1001714667923_4266177_in
[TG-UB] Poll found message from -1001714667923 text: 我係金城武
約？
[TG-UB] Incoming message: -1001714667923 我係金城武
約？
[TG-UB] Skip duplicate onMessage: -1001714667923_4266176_in
[TG-UB] Poll found message from -1001714667923 text: 🤣真miss
[TG-UB] Incoming message: -1001714667923 🤣真miss
[TG-UB] Skip duplicate onMessage: -1001714667923_4266175_in
[TG-UB] Poll found message from -1001714667923 text: 😍
[TG-UB] Incoming message: -1001714667923 😍
[TG-UB] Skip duplicate onMessage: -1001714667923_4266174_in
[TG-UB] Poll found message from -1001714667923 text: 可以試 你身材著咗會再吸引啲
[TG-UB] Incoming message: -1001714667923 可以試 你身材著咗會再吸引啲
[TG-UB] Skip duplicate onMessage: -1001714667923_4266173_in
[TG-UB] NewMessage from -1001714667923 text: 個個都想入🍋
[TG-UB] Incoming message: -1001714667923 個個都想入🍋
[TG-UB] Incoming message: -1001714667923 個個都想入🍋
[TG-UB] Skip duplicate onMessage: -1001714667923_4266184_in
[33m[2026-09-19T16:40:10.206] [INFO] - [Starting direct file download in chunks of 65536 at 0, stride 65536][0m
[TG-UB] NewMessage from -1001714667923 text: 咁唔試 最好唔著🤭🤭🤭🤭
[TG-UB] Incoming message: -1001714667923 咁唔試 最好唔著🤭🤭🤭🤭
[TG-UB] Incoming message: -1001714667923 咁唔試 最好唔著🤭🤭🤭🤭
[TG-UB] Skip duplicate onMessage: -1001714667923_4266185_in
[33m[2026-09-19T16:40:21.994] [INFO] - [Starting direct file download in chunks of 65536 at 0, stride 65536][0m
[TG-UB] NewMessage from -1001714667923 text: 正常
[TG-UB] Incoming message: -1001714667923 正常
[TG-UB] Incoming message: -1001714667923 正常
[TG-UB] Skip duplicate onMessage: -1001714667923_4266186_in
[33m[2026-09-19T16:40:24.489] [INFO] - [Starting direct file download in chunks of 65536 at 0, stride 65536][0m
[TG-UB] NewMessage from -1001714667923 text: 
[TG-UB] Incoming message: -1001714667923 [MessageMediaPhoto]
[TG-UB] Incoming message: -1001714667923 [MessageMediaPhoto]
[TG-UB] Skip duplicate onMessage: -1001714667923_4266187_in
[33m[2026-09-19T16:40:29.040] [INFO] - [Starting direct file download in chunks of 65536 at 0, stride 65536][0m
[TG-UB Media DEBUG] type=MessageMediaPhoto isOut=false hasRaw=true client=undef
[TG-UB Media] Downloading msgId=4266187 type=MessageMediaPhoto rawType=Message
[33m[2026-09-19T16:40:29.145] [INFO] - [Starting direct file download in chunks of 131072 at 0, stride 131072][0m
[TG-UB Media] Download result: buf=buffer:87917
[TG-UB] Media downloaded: c35e48aa1b2a1912dbd3b3590649b08c.jpg
[TG-UB] NewMessage from -1001714667923 text: 正
[TG-UB] Incoming message: -1001714667923 正
[TG-UB] Incoming message: -1001714667923 正
[TG-UB] Skip duplicate onMessage: -1001714667923_4266188_in
[33m[2026-09-19T16:40:40.214] [INFO] - [Starting direct file download in chunks of 65536 at 0, stride 65536][0m
[TG-UB] NewMessage from -1001714667923 text: 運動有益😋
[TG-UB] Incoming message: -1001714667923 運動有益😋
[TG-UB] Incoming message: -1001714667923 運動有益😋
[TG-UB] Skip duplicate onMessage: -1001714667923_4266189_in
[33m[2026-09-19T16:40:47.807] [INFO] - [Starting direct file download in chunks of 65536 at 0, stride 65536][0m
[TG-UB] NewMessage from -1001714667923 text: 好正
[TG-UB] Incoming message: -1001714667923 好正
[TG-UB] Incoming message: -1001714667923 好正
[TG-UB] Skip duplicate onMessage: -1001714667923_4266190_in
[33m[2026-09-19T16:40:54.219] [INFO] - [Starting direct file download in chunks of 65536 at 0, stride 65536][0m
[TG-UB] NewMessage from -1001714667923 text: 事業線好深好長
[TG-UB] Incoming message: -1001714667923 事業線好深好長
[TG-UB] Incoming message: -1001714667923 事業線好深好長
[TG-UB] Skip duplicate onMessage: -1001714667923_4266191_in
[33m[2026-09-19T16:40:56.109] [INFO] - [Starting direct file download in chunks of 65536 at 0, stride 65536][0m
[TG-UB] NewMessage from -1001714667923 text: 
[TG-UB] Incoming message: -1001714667923 [MessageMediaDocument]
[TG-UB] Incoming message: -1001714667923 [MessageMediaDocument]
[TG-UB] Skip duplicate onMessage: -1001714667923_4266192_in
[33m[2026-09-19T16:40:57.370] [INFO] - [Starting direct file download in chunks of 65536 at 0, stride 65536][0m
[TG-UB Media DEBUG] type=MessageMediaDocument isOut=false hasRaw=true client=undef
[TG-UB Media] Downloading msgId=4266192 type=MessageMediaDocument rawType=Message
[33m[2026-09-19T16:40:57.461] [INFO] - [Starting direct file download in chunks of 131072 at 0, stride 131072][0m
[33m[2026-09-19T16:40:57.461] [INFO] - [Connecting to 149.154.175.56:443/TCPFull...][0m
[33m[2026-09-19T16:40:57.656] [INFO] - [Connection to 149.154.175.56:443/TCPFull complete!][0m
[33m[2026-09-19T16:40:57.860] [INFO] - [File lives in another DC][0m
[TG-UB Media] Download result: buf=buffer:94258
[TG-UB] Media downloaded: 993bad20dcef68117dc76a41a172f63a.jpg
[TG-UB] NewMessage from -1001714667923 text: 我有架，唔閃🙈
[TG-UB] Incoming message: -1001714667923 我有架，唔閃🙈
[TG-UB] Incoming message: -1001714667923 我有架，唔閃🙈
[TG-UB] Skip duplicate onMessage: -1001714667923_4266193_in
[33m[2026-09-19T16:40:59.803] [INFO] - [Starting direct file download in chunks of 65536 at 0, stride 65536][0m
[TG-UB] NewMessage from -1001714667923 text: 好得
[TG-UB] Incoming message: -1001714667923 好得
[TG-UB] Incoming message: -1001714667923 好得
[TG-UB] Skip duplicate onMessage: -1001714667923_4266194_in
[33m[2026-09-19T16:41:03.993] [INFO] - [Starting direct file download in chunks of 65536 at 0, stride 65536][0m
[TG-UB] NewMessage from -1001714667923 text: 我明明頭先見到你🍋🫖都唔放過
[TG-UB] Incoming message: -1001714667923 我明明頭先見到你🍋🫖都唔放過
[TG-UB] Incoming message: -1001714667923 我明明頭先見到你🍋🫖都唔放過
[TG-UB] Skip duplicate onMessage: -1001714667923_4266195_in
[33m[2026-09-19T16:41:05.317] [INFO] - [Starting direct file download in chunks of 65536 at 0, stride 65536][0m
[TG-UB] NewMessage from -1001714667923 text: 嘩
[TG-UB] Incoming message: -1001714667923 嘩
[TG-UB] Incoming message: -1001714667923 嘩
[TG-UB] Skip duplicate onMessage: -1001714667923_4266196_in
[TG-UB] NewMessage from -1001714667923 text: 珍
[TG-UB] Incoming message: -1001714667923 珍
[33m[2026-09-19T16:41:06.185] [INFO] - [Starting direct file download in chunks of 65536 at 0, stride 65536][0m
[33m[2026-09-19T16:41:06.394] [INFO] - [Starting direct file download in chunks of 65536 at 0, stride 65536][0m
[TG-UB] Incoming message: -1001714667923 珍
[TG-UB] Skip duplicate onMessage: -1001714667923_4266197_in
[TG-UB] NewMessage from -1001714667923 text: 瞓到好覺了😙
[TG-UB] Incoming message: -1001714667923 瞓到好覺了😙
[TG-UB] Incoming message: -1001714667923 瞓到好覺了😙
[TG-UB] Skip duplicate onMessage: -1001714667923_4266198_in
[33m[2026-09-19T16:41:15.661] [INFO] - [Starting direct file download in chunks of 65536 at 0, stride 65536][0m
[35m[2026-09-19T16:41:27.657] [WARN] - [Disconnecting...][0m
[33m[2026-09-19T16:41:27.657] [INFO] - [Disconnecting from 149.154.175.56:443/TCPFull...][0m
[33m[2026-09-19T16:41:27.657] [INFO] - [connection closed][0m
[TG-UB] NewMessage from -1001714667923 text: 等我換套睡衣先等等
[TG-UB] Incoming message: -1001714667923 等我換套睡衣先等等
[TG-UB] NewMessage from -1001714667923 text: 
[TG-UB] Incoming message: -1001714667923 [MessageMediaPhoto]
[TG-UB] Incoming message: -1001714667923 等我換套睡衣先等等
[TG-UB] Skip duplicate onMessage: -1001714667923_4266199_in
[33m[2026-09-19T16:41:45.025] [INFO] - [Starting direct file download in chunks of 65536 at 0, stride 65536][0m
[33m[2026-09-19T16:41:45.026] [INFO] - [Starting direct file download in chunks of 65536 at 0, stride 65536][0m
[TG-UB] Incoming message: -1001714667923 [MessageMediaPhoto]
[TG-UB] Skip duplicate onMessage: -1001714667923_4266200_in
[TG-UB] NewMessage from -1001714667923 text: 想夾住
[TG-UB] Incoming message: -1001714667923 想夾住
[TG-UB Media DEBUG] type=MessageMediaPhoto isOut=false hasRaw=true client=undef
[TG-UB Media] Downloading msgId=4266200 type=MessageMediaPhoto rawType=Message
[33m[2026-09-19T16:41:45.204] [INFO] - [Starting direct file download in chunks of 131072 at 0, stride 131072][0m
[TG-UB Media] Download result: buf=buffer:54409
[TG-UB] Media downloaded: 22647989eda2632147104e47c3fb5fa3.jpg
[TG-UB] Incoming message: -1001714667923 想夾住
[TG-UB] Skip duplicate onMessage: -1001714667923_4266201_in
[33m[2026-09-19T16:41:45.607] [INFO] - [Starting direct file download in chunks of 65536 at 0, stride 65536][0m
[TG-UB] Poll found message from -1001714667923 text: 想夾住
[TG-UB] Incoming message: -1001714667923 想夾住
[TG-UB] Skip duplicate onMessage: -1001714667923_4266201_in
[TG-UB] Poll found message from -1001714667923 text: [media]
[TG-UB] Incoming message: -1001714667923 [media]
[TG-UB] Skip duplicate onMessage: -1001714667923_4266200_in
[TG-UB] Poll found message from -1001714667923 text: 等我換套睡衣先等等
[TG-UB] Incoming message: -1001714667923 等我換套睡衣先等等
[TG-UB] Skip duplicate onMessage: -1001714667923_4266199_in
[TG-UB] Poll found message from -1001714667923 text: 瞓到好覺了😙
[TG-UB] Incoming message: -1001714667923 瞓到好覺了😙
[TG-UB] Skip duplicate onMessage: -1001714667923_4266198_in
[TG-UB] Poll found message from -1001714667923 text: 珍
[TG-UB] Incoming message: -1001714667923 珍
[TG-UB] Skip duplicate onMessage: -1001714667923_4266197_in
[TG-UB] Poll found message from -1001714667923 text: 嘩
[TG-UB] Incoming message: -1001714667923 嘩
[TG-UB] Skip duplicate onMessage: -1001714667923_4266196_in
[TG-UB] Poll found message from -1001714667923 text: 我明明頭先見到你🍋🫖都唔放過
[TG-UB] Incoming message: -1001714667923 我明明頭先見到你🍋🫖都唔放過
[TG-UB] Skip duplicate onMessage: -1001714667923_4266195_in
[TG-UB] Poll found message from -1001714667923 text: 好得
[TG-UB] Incoming message: -1001714667923 好得
[TG-UB] Skip duplicate onMessage: -1001714667923_4266194_in
[TG-UB] Poll found message from -1001714667923 text: 我有架，唔閃🙈
[TG-UB] Incoming message: -1001714667923 我有架，唔閃🙈
[TG-UB] Skip duplicate onMessage: -1001714667923_4266193_in
[TG-UB] Poll found message from -1001714667923 text: 事業線好深好長
[TG-UB] Incoming message: -1001714667923 事業線好深好長
[TG-UB] Skip duplicate onMessage: -1001714667923_4266191_in
[TG-UB] Poll found message from -1001714667923 text: 好正
[TG-UB] Incoming message: -1001714667923 好正
[TG-UB] Skip duplicate onMessage: -1001714667923_4266190_in
[TG-UB] Poll found message from -1001714667923 text: 運動有益😋
[TG-UB] Incoming message: -1001714667923 運動有益😋
[TG-UB] Skip duplicate onMessage: -1001714667923_4266189_in
[TG-UB] Poll found message from -1001714667923 text: 正
[TG-UB] Incoming message: -1001714667923 正
[TG-UB] Skip duplicate onMessage: -1001714667923_4266188_in
[TG-UB] Poll found message from -1001714667923 text: [media]
[TG-UB] Incoming message: -1001714667923 [media]
[TG-UB] Skip duplicate onMessage: -1001714667923_4266187_in
[TG-UB] Poll found message from -1001714667923 text: 正常
[TG-UB] Incoming message: -1001714667923 正常
[TG-UB] Skip duplicate onMessage: -1001714667923_4266186_in
[TG-UB] Poll found message from -1001714667923 text: 咁唔試 最好唔著🤭🤭🤭🤭
[TG-UB] Incoming message: -1001714667923 咁唔試 最好唔著🤭🤭🤭🤭
[TG-UB] Skip duplicate onMessage: -1001714667923_4266185_in
[TG-UB] Poll found message from -1001714667923 text: 個個都想入🍋
[TG-UB] Incoming message: -1001714667923 個個都想入🍋
[TG-UB] Skip duplicate onMessage: -1001714667923_4266184_in
[TG-UB] NewMessage from -1001714667923 text: 鐘意個笑容多啲
[TG-UB] Incoming message: -1001714667923 鐘意個笑容多啲
[TG-UB] Incoming message: -1001714667923 鐘意個笑容多啲
[TG-UB] Skip duplicate onMessage: -1001714667923_4266202_in
[33m[2026-09-19T16:42:00.132] [INFO] - [Starting direct file download in chunks of 65536 at 0, stride 65536][0m
[TG-UB] NewMessage from -1001714667923 text: 我都唔想放過你
[TG-UB] Incoming message: -1001714667923 我都唔想放過你
[TG-UB] Incoming message: -1001714667923 我都唔想放過你
[TG-UB] Skip duplicate onMessage: -1001714667923_4266203_in
[33m[2026-09-19T16:42:10.156] [INFO] - [Starting direct file download in chunks of 65536 at 0, stride 65536][0m
[TG-UB] NewMessage from -1001714667923 text: 金城安得唔得🤭🤭🤭
[TG-UB] Incoming message: -1001714667923 金城安得唔得🤭🤭🤭
[TG-UB] Incoming message: -1001714667923 金城安得唔得🤭🤭🤭
[TG-UB] Skip duplicate onMessage: -1001714667923_4266204_in
[33m[2026-09-19T16:42:10.625] [INFO] - [Starting direct file download in chunks of 65536 at 0, stride 65536][0m
[TG-UB] NewMessage from -1001714667923 text: 慢慢來  我鍾意慢慢來🤭
[TG-UB] Incoming message: -1001714667923 慢慢來  我鍾意慢慢來🤭
[TG-UB] Incoming message: -1001714667923 慢慢來  我鍾意慢慢來🤭
[TG-UB] Skip duplicate onMessage: -1001714667923_4266205_in
[33m[2026-09-19T16:42:17.470] [INFO] - [Starting direct file download in chunks of 65536 at 0, stride 65536][0m
[TG-UB] NewMessage from -1001714667923 text: 好
[TG-UB] Incoming message: -1001714667923 好
[TG-UB] Incoming message: -1001714667923 好
[TG-UB] Skip duplicate onMessage: -1001714667923_4266206_in
[33m[2026-09-19T16:42:19.608] [INFO] - [Starting direct file download in chunks of 65536 at 0, stride 65536][0m
[TG-UB] NewMessage from -1001714667923 text: 
[TG-UB] Incoming message: -1001714667923 [MessageMediaPhoto]
[TG-UB] Incoming message: -1001714667923 [MessageMediaPhoto]
[TG-UB] Skip duplicate onMessage: -1001714667923_4266207_in
[33m[2026-09-19T16:42:33.113] [INFO] - [Starting direct file download in chunks of 65536 at 0, stride 65536][0m
[TG-UB Media DEBUG] type=MessageMediaPhoto isOut=false hasRaw=true client=undef
[TG-UB Media] Downloading msgId=4266207 type=MessageMediaPhoto rawType=Message
[33m[2026-09-19T16:42:33.205] [INFO] - [Starting direct file download in chunks of 131072 at 0, stride 131072][0m
[TG-UB Media] Download result: buf=buffer:190187
[TG-UB] Media downloaded: b6a1161bf9285ee38f6863310c8e85d9.jpg
[35m[2026-09-19T16:43:03.349] [WARN] - [Disconnecting...][0m
[33m[2026-09-19T16:43:03.349] [INFO] - [Disconnecting from 91.108.56.183:443/TCPFull...][0m
[33m[2026-09-19T16:43:03.349] [INFO] - [connection closed][0m
[TG-UB] NewMessage from -1001714667923 text: 
[TG-UB] Incoming message: -1001714667923 [MessageMediaPhoto]
[TG-UB] Incoming message: -1001714667923 [MessageMediaPhoto]
[TG-UB] Skip duplicate onMessage: -1001714667923_4266208_in
[33m[2026-09-19T16:43:12.368] [INFO] - [Starting direct file download in chunks of 65536 at 0, stride 65536][0m
[33m[2026-09-19T16:43:12.368] [INFO] - [Connecting to 91.108.56.183:443/TCPFull...][0m
[33m[2026-09-19T16:43:12.435] [INFO] - [Connection to 91.108.56.183:443/TCPFull complete!][0m
[TG-UB Media DEBUG] type=MessageMediaPhoto isOut=false hasRaw=true client=undef
[TG-UB Media] Downloading msgId=4266208 type=MessageMediaPhoto rawType=Message
[33m[2026-09-19T16:43:12.627] [INFO] - [Starting direct file download in chunks of 131072 at 0, stride 131072][0m
[TG-UB Media] Download result: buf=buffer:95846
[TG-UB] Media downloaded: 732f227129b6b096d0acaf3ff654c37c.jpg
[TG-UB] NewMessage from -1001714667923 text: wow
[TG-UB] Incoming message: -1001714667923 wow
[TG-UB] Incoming message: -1001714667923 wow
[TG-UB] Skip duplicate onMessage: -1001714667923_4266209_in
[33m[2026-09-19T16:43:21.980] [INFO] - [Starting direct file download in chunks of 65536 at 0, stride 65536][0m
[TG-UB] NewMessage from -1001714667923 text: WOW
[TG-UB] Incoming message: -1001714667923 WOW
[TG-UB] Incoming message: -1001714667923 WOW
[TG-UB] Skip duplicate onMessage: -1001714667923_4266210_in
[33m[2026-09-19T16:43:23.428] [INFO] - [Starting direct file download in chunks of 65536 at 0, stride 65536][0m
[TG-UB] NewMessage from -1001714667923 text: 靚呀
[TG-UB] Incoming message: -1001714667923 靚呀
[TG-UB] Incoming message: -1001714667923 靚呀
[TG-UB] Skip duplicate onMessage: -1001714667923_4266211_in
[33m[2026-09-19T16:43:27.537] [INFO] - [Starting direct file download in chunks of 65536 at 0, stride 65536][0m
[TG-UB] NewMessage from -1001714667923 text: 
[TG-UB] Incoming message: -1001714667923 [MessageMediaPhoto]
[TG-UB] Incoming message: -1001714667923 [MessageMediaPhoto]
[TG-UB] Skip duplicate onMessage: -1001714667923_4266212_in
[TG-UB] NewMessage from -1001714667923 text: 依件係今晚睡衣？
[TG-UB] Incoming message: -1001714667923 依件係今晚睡衣？
[33m[2026-09-19T16:43:31.705] [INFO] - [Starting direct file download in chunks of 65536 at 0, stride 65536][0m
[TG-UB Media DEBUG] type=MessageMediaPhoto isOut=false hasRaw=true client=undef
[TG-UB Media] Downloading msgId=4266212 type=MessageMediaPhoto rawType=Message
[33m[2026-09-19T16:43:31.796] [INFO] - [Starting direct file download in chunks of 131072 at 0, stride 131072][0m
[33m[2026-09-19T16:43:31.914] [INFO] - [Starting direct file download in chunks of 65536 at 0, stride 65536][0m
[TG-UB] Incoming message: -1001714667923 依件係今晚睡衣？
[TG-UB] Skip duplicate onMessage: -1001714667923_4266213_in
[TG-UB Media] Download result: buf=buffer:93810
[TG-UB] Media downloaded: 845cf8ba709de2a623cd4880647ecfcc.jpg
[TG-UB] NewMessage from -1001714667923 text: Wow Wow
[TG-UB] Incoming message: -1001714667923 Wow Wow
[TG-UB] Incoming message: -1001714667923 Wow Wow
[TG-UB] Skip duplicate onMessage: -1001714667923_4266214_in
[33m[2026-09-19T16:43:34.515] [INFO] - [Starting direct file download in chunks of 65536 at 0, stride 65536][0m
[TG-UB] NewMessage from -1001714667923 text: 
[TG-UB] Incoming message: -1001714667923 [MessageMediaPhoto]
[TG-UB] Incoming message: -1001714667923 [MessageMediaPhoto]
[TG-UB] Skip duplicate onMessage: -1001714667923_4266215_in
[33m[2026-09-19T16:43:37.444] [INFO] - [Starting direct file download in chunks of 65536 at 0, stride 65536][0m
[TG-UB Media DEBUG] type=MessageMediaPhoto isOut=false hasRaw=true client=undef
[TG-UB Media] Downloading msgId=4266215 type=MessageMediaPhoto rawType=Message
[33m[2026-09-19T16:43:37.606] [INFO] - [Starting direct file download in chunks of 131072 at 0, stride 131072][0m
[TG-UB Media] Download result: buf=buffer:133893
[TG-UB] Media downloaded: c5d1eec2abb0812c88459523080e284b.jpg
[TG-UB] NewMessage from -1001714667923 text: 睇完會瞓唔到覺
[TG-UB] Incoming message: -1001714667923 睇完會瞓唔到覺
[TG-UB] Incoming message: -1001714667923 睇完會瞓唔到覺
[TG-UB] Skip duplicate onMessage: -1001714667923_4266216_in
[33m[2026-09-19T16:43:44.352] [INFO] - [Starting direct file download in chunks of 65536 at 0, stride 65536][0m
[TG-UB] NewMessage from -1001714667923 text: 啜😙
[TG-UB] Incoming message: -1001714667923 啜😙
[TG-UB] NewMessage from -1001714667923 text: 我心動了
[TG-UB] Incoming message: -1001714667923 我心動了
[TG-UB] Incoming message: -1001714667923 啜😙
[TG-UB] Skip duplicate onMessage: -1001714667923_4266217_in
[33m[2026-09-19T16:43:46.668] [INFO] - [Starting direct file download in chunks of 65536 at 0, stride 65536][0m
[33m[2026-09-19T16:43:46.673] [INFO] - [Starting direct file download in chunks of 65536 at 0, stride 65536][0m
[TG-UB] Incoming message: -1001714667923 我心動了
[TG-UB] Skip duplicate onMessage: -1001714667923_4266218_in
[TG-UB] NewMessage from -1001714667923 text: 好多狗仔🥰
[TG-UB] Incoming message: -1001714667923 好多狗仔🥰
[TG-UB] Incoming message: -1001714667923 好多狗仔🥰
[TG-UB] Skip duplicate onMessage: -1001714667923_4266219_in
[33m[2026-09-19T16:43:51.268] [INFO] - [Starting direct file download in chunks of 65536 at 0, stride 65536][0m
[TG-UB] Poll found message from -1001714667923 text: 好多狗仔🥰
[TG-UB] Incoming message: -1001714667923 好多狗仔🥰
[TG-UB] Skip duplicate onMessage: -1001714667923_4266219_in
[TG-UB] Poll found message from -1001714667923 text: 我心動了
[TG-UB] Incoming message: -1001714667923 我心動了
[TG-UB] Skip duplicate onMessage: -1001714667923_4266218_in
[TG-UB] Poll found message from -1001714667923 text: 啜😙
[TG-UB] Incoming message: -1001714667923 啜😙
[TG-UB] Skip duplicate onMessage: -1001714667923_4266217_in
[TG-UB] Poll found message from -1001714667923 text: 睇完會瞓唔到覺
[TG-UB] Incoming message: -1001714667923 睇完會瞓唔到覺
[TG-UB] Skip duplicate onMessage: -1001714667923_4266216_in
[TG-UB] Poll found message from -1001714667923 text: [media]
[TG-UB] Incoming message: -1001714667923 [media]
[TG-UB] Skip duplicate onMessage: -1001714667923_4266215_in
[TG-UB] Poll found message from -1001714667923 text: Wow Wow
[TG-UB] Incoming message: -1001714667923 Wow Wow
[TG-UB] Skip duplicate onMessage: -1001714667923_4266214_in
[TG-UB] Poll found message from -1001714667923 text: 依件係今晚睡衣？
[TG-UB] Incoming message: -1001714667923 依件係今晚睡衣？
[TG-UB] Skip duplicate onMessage: -1001714667923_4266213_in
[TG-UB] Poll found message from -1001714667923 text: [media]
[TG-UB] Incoming message: -1001714667923 [media]
[TG-UB] Skip duplicate onMessage: -1001714667923_4266212_in
[TG-UB] Poll found message from -1001714667923 text: 靚呀
[TG-UB] Incoming message: -1001714667923 靚呀
[TG-UB] Skip duplicate onMessage: -1001714667923_4266211_in
[TG-UB] Poll found message from -1001714667923 text: WOW
[TG-UB] Incoming message: -1001714667923 WOW
[TG-UB] Skip duplicate onMessage: -1001714667923_4266210_in
[TG-UB] Poll found message from -1001714667923 text: wow
[TG-UB] Incoming message: -1001714667923 wow
[TG-UB] Skip duplicate onMessage: -1001714667923_4266209_in
[TG-UB] Poll found message from -1001714667923 text: [media]
[TG-UB] Incoming message: -1001714667923 [media]
[TG-UB] Skip duplicate onMessage: -1001714667923_4266208_in
[TG-UB] Poll found message from -1001714667923 text: 好
[TG-UB] Incoming message: -1001714667923 好
[TG-UB] Skip duplicate onMessage: -1001714667923_4266206_in
[TG-UB] Poll found message from -1001714667923 text: 慢慢來  我鍾意慢慢來🤭
[TG-UB] Incoming message: -1001714667923 慢慢來  我鍾意慢慢來🤭
[TG-UB] Skip duplicate onMessage: -1001714667923_4266205_in
[TG-UB] Poll found message from -1001714667923 text: 金城安得唔得🤭🤭🤭
[TG-UB] Incoming message: -1001714667923 金城安得唔得🤭🤭🤭
[TG-UB] Skip duplicate onMessage: -1001714667923_4266204_in
[TG-UB] Poll found message from -1001714667923 text: 我都唔想放過你
[TG-UB] Incoming message: -1001714667923 我都唔想放過你
[TG-UB] Skip duplicate onMessage: -1001714667923_4266203_in
[TG-UB] Poll found message from -1001714667923 text: 鐘意個笑容多啲
[TG-UB] Incoming message: -1001714667923 鐘意個笑容多啲
[TG-UB] Skip duplicate onMessage: -1001714667923_4266202_in
[TG-UB] NewMessage from -1001714667923 text: 好識擺甫士
[TG-UB] Incoming message: -1001714667923 好識擺甫士
[TG-UB] Incoming message: -1001714667923 好識擺甫士
[TG-UB] Skip duplicate onMessage: -1001714667923_4266220_in
[33m[2026-09-19T16:44:00.286] [INFO] - [Starting direct file download in chunks of 65536 at 0, stride 65536][0m
[TG-UB] NewMessage from -1001714667923 text: Wow
[TG-UB] Incoming message: -1001714667923 Wow
[33m[2026-09-19T16:44:05.148] [INFO] - [Starting direct file download in chunks of 65536 at 0, stride 65536][0m
[TG-UB] Incoming message: -1001714667923 Wow
[TG-UB] Skip duplicate onMessage: -1001714667923_4266221_in
[TG-UB] NewMessage from -1001714667923 text: 要扻住入😏
[TG-UB] Incoming message: -1001714667923 要扻住入😏
[TG-UB] Incoming message: -1001714667923 要扻住入😏
[TG-UB] Skip duplicate onMessage: -1001714667923_4266222_in
[33m[2026-09-19T16:44:13.052] [INFO] - [Starting direct file download in chunks of 65536 at 0, stride 65536][0m
[TG-UB] NewMessage from -1001714667923 text: 
[TG-UB] Incoming message: -1001714667923 [MessageMediaDocument]
[TG-UB] Incoming message: -1001714667923 [MessageMediaDocument]
[TG-UB] Skip duplicate onMessage: -1001714667923_4266223_in
[33m[2026-09-19T16:44:14.696] [INFO] - [Starting direct file download in chunks of 65536 at 0, stride 65536][0m
[TG-UB Media DEBUG] type=MessageMediaDocument isOut=false hasRaw=true client=undef
[TG-UB Media] Downloading msgId=4266223 type=MessageMediaDocument rawType=Message
[33m[2026-09-19T16:44:14.860] [INFO] - [Starting direct file download in chunks of 131072 at 0, stride 131072][0m
[33m[2026-09-19T16:44:14.860] [INFO] - [Connecting to 149.154.175.56:443/TCPFull...][0m
[33m[2026-09-19T16:44:15.084] [INFO] - [Connection to 149.154.175.56:443/TCPFull complete!][0m
[33m[2026-09-19T16:44:15.319] [INFO] - [File lives in another DC][0m
[TG-UB Media] Download result: buf=buffer:142313
[TG-UB] Media downloaded: 03dcf2446575a48a659a2a274476b150.jpg
[TG-UB] NewMessage from -1001714667923 text: 睡衣好
[TG-UB] Incoming message: -1001714667923 睡衣好
[TG-UB] Incoming message: -1001714667923 睡衣好
[TG-UB] Skip duplicate onMessage: -1001714667923_4266224_in
[33m[2026-09-19T16:44:19.044] [INFO] - [Starting direct file download in chunks of 65536 at 0, stride 65536][0m
[TG-UB Media DEBUG] type=MessageMediaPhoto isOut=false hasRaw=true client=undef
[TG-UB Media] Downloading msgId=4266224 type=MessageMediaPhoto rawType=Message
[33m[2026-09-19T16:44:19.174] [INFO] - [Starting direct file download in chunks of 131072 at 0, stride 131072][0m
[TG-UB Media] Download result: buf=buffer:131316
[TG-UB] Media downloaded: 61e0ffc504ec52a6ad4827d9d5121626.jpg
[TG-UB] NewMessage from -1001714667923 text: 有冇背面睇？
[TG-UB] Incoming message: -1001714667923 有冇背面睇？
[33m[2026-09-19T16:44:21.733] [INFO] - [Starting direct file download in chunks of 65536 at 0, stride 65536][0m
[TG-UB] Incoming message: -1001714667923 有冇背面睇？
[TG-UB] Skip duplicate onMessage: -1001714667923_4266225_in
[TG-UB] NewMessage from -1001714667923 text: 都好正
[TG-UB] Incoming message: -1001714667923 都好正
[TG-UB] Incoming message: -1001714667923 都好正
[TG-UB] Skip duplicate onMessage: -1001714667923_4266226_in
[33m[2026-09-19T16:44:31.717] [INFO] - [Starting direct file download in chunks of 65536 at 0, stride 65536][0m
[TG-UB] NewMessage from -1001714667923 text: 👍🏻
[TG-UB] Incoming message: -1001714667923 👍🏻
[TG-UB] Incoming message: -1001714667923 👍🏻
[TG-UB] Skip duplicate onMessage: -1001714667923_4266227_in
[33m[2026-09-19T16:44:37.142] [INFO] - [Starting direct file download in chunks of 65536 at 0, stride 65536][0m
[TG-UB] NewMessage from -1001714667923 text: 好正，隔住件衫都想摸☺️
[TG-UB] Incoming message: -1001714667923 好正，隔住件衫都想摸☺️
[33m[2026-09-19T16:44:40.161] [INFO] - [Starting direct file download in chunks of 65536 at 0, stride 65536][0m
[TG-UB] Incoming message: -1001714667923 好正，隔住件衫都想摸☺️
[TG-UB] Skip duplicate onMessage: -1001714667923_4266228_in
[TG-UB] NewMessage from -1001714667923 text: 大
[TG-UB] Incoming message: -1001714667923 大
[TG-UB] Incoming message: -1001714667923 大
[TG-UB] Skip duplicate onMessage: -1001714667923_4266229_in
[33m[2026-09-19T16:44:42.346] [INFO] - [Starting direct file download in chunks of 65536 at 0, stride 65536][0m
[35m[2026-09-19T16:44:45.085] [WARN] - [Disconnecting...][0m
[33m[2026-09-19T16:44:45.085] [INFO] - [Disconnecting from 149.154.175.56:443/TCPFull...][0m
[33m[2026-09-19T16:44:45.085] [INFO] - [connection closed][0m
[TG-UB] NewMessage from -1001714667923 text: 呢套無影
[TG-UB] Incoming message: -1001714667923 呢套無影
[TG-UB] Incoming message: -1001714667923 呢套無影
[TG-UB] Skip duplicate onMessage: -1001714667923_4266230_in
[33m[2026-09-19T16:44:46.920] [INFO] - [Starting direct file download in chunks of 65536 at 0, stride 65536][0m
[TG-UB] NewMessage from -1001714667923 text: 件衫就黎頂唔住喇
[TG-UB] Incoming message: -1001714667923 件衫就黎頂唔住喇
[TG-UB] Incoming message: -1001714667923 件衫就黎頂唔住喇
[TG-UB] Skip duplicate onMessage: -1001714667923_4266231_in
[33m[2026-09-19T16:44:54.383] [INFO] - [Starting direct file download in chunks of 65536 at 0, stride 65536][0m
[TG-UB] NewMessage from -1001714667923 text: 夾腸一流
[TG-UB] Incoming message: -1001714667923 夾腸一流
[TG-UB] Incoming message: -1001714667923 夾腸一流
[TG-UB] Skip duplicate onMessage: -1001714667923_4266232_in
[33m[2026-09-19T16:44:55.034] [INFO] - [Starting direct file download in chunks of 65536 at 0, stride 65536][0m
[TG-UB] NewMessage from -1001714667923 text: 
[TG-UB] Incoming message: -1001714667923 [MessageMediaPhoto]
[TG-UB] Incoming message: -1001714667923 [MessageMediaPhoto]
[TG-UB] Skip duplicate onMessage: -1001714667923_4266233_in
[33m[2026-09-19T16:45:00.071] [INFO] - [Starting direct file download in chunks of 65536 at 0, stride 65536][0m
[TG-UB Media DEBUG] type=MessageMediaPhoto isOut=false hasRaw=true client=undef
[TG-UB Media] Downloading msgId=4266233 type=MessageMediaPhoto rawType=Message
[33m[2026-09-19T16:45:00.189] [INFO] - [Starting direct file download in chunks of 131072 at 0, stride 131072][0m
[TG-UB Media] Download result: buf=buffer:122448
[TG-UB] Media downloaded: 97d7c91d82b0f1070df9f37dd704c02d.jpg
[TG-UB] NewMessage from -1001714667923 text: 可惜
[TG-UB] Incoming message: -1001714667923 可惜
[TG-UB] Incoming message: -1001714667923 可惜
[TG-UB] Skip duplicate onMessage: -1001714667923_4266234_in
[33m[2026-09-19T16:45:05.703] [INFO] - [Starting direct file download in chunks of 65536 at 0, stride 65536][0m
[TG-UB] NewMessage from -1001714667923 text: 
[TG-UB] Incoming message: -1001714667923 [MessageMediaPhoto]
[TG-UB] Incoming message: -1001714667923 [MessageMediaPhoto]
[TG-UB] Skip duplicate onMessage: -1001714667923_4266235_in
[33m[2026-09-19T16:45:13.154] [INFO] - [Starting direct file download in chunks of 65536 at 0, stride 65536][0m
[TG-UB Media DEBUG] type=MessageMediaPhoto isOut=false hasRaw=true client=undef
[TG-UB Media] Downloading msgId=4266235 type=MessageMediaPhoto rawType=Message
[33m[2026-09-19T16:45:13.332] [INFO] - [Starting direct file download in chunks of 131072 at 0, stride 131072][0m
[TG-UB Media] Download result: buf=buffer:104224
[TG-UB] Media downloaded: 003e03b568cd263f8e4e2d0948d27c30.jpg
[TG-UB] NewMessage from -1001714667923 text: 連狗都要😂
[TG-UB] Incoming message: -1001714667923 連狗都要😂
[TG-UB] Incoming message: -1001714667923 連狗都要😂
[TG-UB] Skip duplicate onMessage: -1001714667923_4266236_in
[33m[2026-09-19T16:45:18.936] [INFO] - [Starting direct file download in chunks of 65536 at 0, stride 65536][0m
[TG-UB] NewMessage from -1001714667923 text: 
[TG-UB] Incoming message: -1001714667923 [MessageMediaPhoto]
[TG-UB] Incoming message: -1001714667923 [MessageMediaPhoto]
[TG-UB] Skip duplicate onMessage: -1001714667923_4266237_in
[33m[2026-09-19T16:45:25.363] [INFO] - [Starting direct file download in chunks of 65536 at 0, stride 65536][0m
[TG-UB Media DEBUG] type=MessageMediaPhoto isOut=false hasRaw=true client=undef
[TG-UB Media] Downloading msgId=4266237 type=MessageMediaPhoto rawType=Message
[33m[2026-09-19T16:45:25.471] [INFO] - [Starting direct file download in chunks of 131072 at 0, stride 131072][0m
[TG-UB Media] Download result: buf=buffer:53622
[TG-UB] Media downloaded: 23f11c86c57c6311c36f7e6ebdb153de.jpg
[TG-UB] NewMessage from -1001714667923 text: 爭啲走出嚟
[TG-UB] Incoming message: -1001714667923 爭啲走出嚟
[TG-UB] Incoming message: -1001714667923 爭啲走出嚟
[TG-UB] Skip duplicate onMessage: -1001714667923_4266238_in
[33m[2026-09-19T16:45:32.392] [INFO] - [Starting direct file download in chunks of 65536 at 0, stride 65536][0m
[TG-UB] NewMessage from -1001714667923 text: 超大
[TG-UB] Incoming message: -1001714667923 超大
[TG-UB] Incoming message: -1001714667923 超大
[TG-UB] Skip duplicate onMessage: -1001714667923_4266239_in
[33m[2026-09-19T16:45:39.349] [INFO] - [Starting direct file download in chunks of 65536 at 0, stride 65536][0m
[TG-UB] NewMessage from -1001714667923 text: 再拉低d
[TG-UB] Incoming message: -1001714667923 再拉低d
[TG-UB] Incoming message: -1001714667923 再拉低d
[TG-UB] Skip duplicate onMessage: -1001714667923_4266240_in
[33m[2026-09-19T16:45:40.231] [INFO] - [Starting direct file download in chunks of 65536 at 0, stride 65536][0m
[TG-UB] NewMessage from -1001714667923 text: 愛了
[TG-UB] Incoming message: -1001714667923 愛了
[TG-UB] Incoming message: -1001714667923 愛了
[TG-UB] Skip duplicate onMessage: -1001714667923_4266241_in
[33m[2026-09-19T16:45:42.912] [INFO] - [Starting direct file download in chunks of 65536 at 0, stride 65536][0m
[TG-UB] NewMessage from -1001714667923 text: 走出嚟啦😍😍
[TG-UB] Incoming message: -1001714667923 走出嚟啦😍😍
[TG-UB] Incoming message: -1001714667923 走出嚟啦😍😍
[TG-UB] Skip duplicate onMessage: -1001714667923_4266242_in
[33m[2026-09-19T16:45:50.887] [INFO] - [Starting direct file download in chunks of 65536 at 0, stride 65536][0m
[TG-UB] Poll found message from -1001714667923 text: 走出嚟啦😍😍
[TG-UB] Incoming message: -1001714667923 走出嚟啦😍😍
[TG-UB] Skip duplicate onMessage: -1001714667923_4266242_in
[TG-UB] Poll found message from -1001714667923 text: 愛了
[TG-UB] Incoming message: -1001714667923 愛了
[TG-UB] Skip duplicate onMessage: -1001714667923_4266241_in
[TG-UB] Poll found message from -1001714667923 text: 再拉低d
[TG-UB] Incoming message: -1001714667923 再拉低d
[TG-UB] Skip duplicate onMessage: -1001714667923_4266240_in
[TG-UB] Poll found message from -1001714667923 text: 超大
[TG-UB] Incoming message: -1001714667923 超大
[TG-UB] Skip duplicate onMessage: -1001714667923_4266239_in
[TG-UB] Poll found message from -1001714667923 text: 爭啲走出嚟
[TG-UB] Incoming message: -1001714667923 爭啲走出嚟
[TG-UB] Skip duplicate onMessage: -1001714667923_4266238_in
[TG-UB] Poll found message from -1001714667923 text: [media]
[TG-UB] Incoming message: -1001714667923 [media]
[TG-UB] Skip duplicate onMessage: -1001714667923_4266237_in
[TG-UB] Poll found message from -1001714667923 text: 連狗都要😂
[TG-UB] Incoming message: -1001714667923 連狗都要😂
[TG-UB] Skip duplicate onMessage: -1001714667923_4266236_in
[TG-UB] Poll found message from -1001714667923 text: [media]
[TG-UB] Incoming message: -1001714667923 [media]
[TG-UB] Skip duplicate onMessage: -1001714667923_4266235_in
[TG-UB] Poll found message from -1001714667923 text: 可惜
[TG-UB] Incoming message: -1001714667923 可惜
[TG-UB] Skip duplicate onMessage: -1001714667923_4266234_in
[TG-UB] Poll found message from -1001714667923 text: 夾腸一流
[TG-UB] Incoming message: -1001714667923 夾腸一流
[TG-UB] Skip duplicate onMessage: -1001714667923_4266232_in
[TG-UB] Poll found message from -1001714667923 text: 件衫就黎頂唔住喇
[TG-UB] Incoming message: -1001714667923 件衫就黎頂唔住喇
[TG-UB] Skip duplicate onMessage: -1001714667923_4266231_in
[TG-UB] Poll found message from -1001714667923 text: 呢套無影
[TG-UB] Incoming message: -1001714667923 呢套無影
[TG-UB] Skip duplicate onMessage: -1001714667923_4266230_in
[TG-UB] Poll found message from -1001714667923 text: 大
[TG-UB] Incoming message: -1001714667923 大
[TG-UB] Skip duplicate onMessage: -1001714667923_4266229_in
[TG-UB] Poll found message from -1001714667923 text: 好正，隔住件衫都想摸☺️
[TG-UB] Incoming message: -1001714667923 好正，隔住件衫都想摸☺️
[TG-UB] Skip duplicate onMessage: -1001714667923_4266228_in
[TG-UB] Poll found message from -1001714667923 text: 👍🏻
[TG-UB] Incoming message: -1001714667923 👍🏻
[TG-UB] Skip duplicate onMessage: -1001714667923_4266227_in
[TG-UB] Poll found message from -1001714667923 text: 都好正
[TG-UB] Incoming message: -1001714667923 都好正
[TG-UB] Skip duplicate onMessage: -1001714667923_4266226_in
[TG-UB] Poll found message from -1001714667923 text: 有冇背面睇？
[TG-UB] Incoming message: -1001714667923 有冇背面睇？
[TG-UB] Skip duplicate onMessage: -1001714667923_4266225_in
[TG-UB] Poll found message from -1001714667923 text: 要扻住入😏
[TG-UB] Incoming message: -1001714667923 要扻住入😏
[TG-UB] Skip duplicate onMessage: -1001714667923_4266222_in
[TG-UB] Poll found message from -1001714667923 text: Wow
[TG-UB] Incoming message: -1001714667923 Wow
[TG-UB] Skip duplicate onMessage: -1001714667923_4266221_in
[TG-UB] Poll found message from -1001714667923 text: 好識擺甫士
[TG-UB] Incoming message: -1001714667923 好識擺甫士
[TG-UB] Skip duplicate onMessage: -1001714667923_4266220_in
[TG-UB] Poll found message from -1002964913883 text: [media]
[TG-UB] Incoming message: -1002964913883 [media]
[TG-UB] Poll found message from -1002964913883 text: [media]
[TG-UB] Incoming message: -1002964913883 [media]
[TG-UB] Poll found message from -1002964913883 text: [media]
[TG-UB] Incoming message: -1002964913883 [media]
[TG-UB] Poll found message from -1002964913883 text: [media]
[TG-UB] Incoming message: -1002964913883 [media]
[TG-UB] Poll found message from -1002964913883 text: [media]
[TG-UB] Incoming message: -1002964913883 [media]
[TG-UB] Poll found message from -1002964913883 text: 🍓【 𝐒𝐙 · 清纯高挑甜心 】🍓
🎀 妹妹档案 🎀
🎂 07 170C 88斤
🥛
[TG-UB] Incoming message: -1002964913883 🍓【 𝐒𝐙 · 清纯高挑甜心 】🍓
🎀 妹妹档案 🎀
🎂 07 170C 88斤
🥛
[33m[2026-09-19T16:45:56.863] [INFO] - [Starting direct file download in chunks of 65536 at 0, stride 65536][0m
[TG-UB Media DEBUG] type=MessageMediaPhoto isOut=false hasRaw=true client=undef
[TG-UB Media] Downloading msgId=2815 type=MessageMediaPhoto rawType=Message
[33m[2026-09-19T16:45:56.956] [INFO] - [Starting direct file download in chunks of 131072 at 0, stride 131072][0m
[33m[2026-09-19T16:45:56.956] [INFO] - [Connecting to 149.154.175.56:443/TCPFull...][0m
[33m[2026-09-19T16:45:57.071] [INFO] - [Starting direct file download in chunks of 65536 at 0, stride 65536][0m
[33m[2026-09-19T16:45:57.072] [INFO] - [Starting direct file download in chunks of 65536 at 0, stride 65536][0m
[33m[2026-09-19T16:45:57.074] [INFO] - [Starting direct file download in chunks of 65536 at 0, stride 65536][0m
[33m[2026-09-19T16:45:57.074] [INFO] - [Starting direct file download in chunks of 65536 at 0, stride 65536][0m
[33m[2026-09-19T16:45:57.077] [INFO] - [Starting direct file download in chunks of 65536 at 0, stride 65536][0m
[33m[2026-09-19T16:45:57.143] [INFO] - [Connection to 149.154.175.56:443/TCPFull complete!][0m
[TG-UB] onMessage save error: PrismaClientKnownRequestError: 
Invalid `prisma.contact.create()` invocation:


Unique constraint failed on the fields: (`accountId`,`platform`,`jid`)
    at Zn.handleRequestError (/opt/whatsapp-crm-staging/backend/node_modules/@prisma/client/runtime/library.js:121:7459)
    at Zn.handleAndLogRequestError (/opt/whatsapp-crm-staging/backend/node_modules/@prisma/client/runtime/library.js:121:6784)
    at Zn.request (/opt/whatsapp-crm-staging/backend/node_modules/@prisma/client/runtime/library.js:121:6491)
    at async l (/opt/whatsapp-crm-staging/backend/node_modules/@prisma/client/runtime/library.js:130:9778)
    at async Object.onMessage (file:///opt/whatsapp-crm-staging/backend/src/server.js:3345:27)
[TG-UB] onMessage save error: PrismaClientKnownRequestError: 
Invalid `prisma.contact.create()` invocation:


Unique constraint failed on the fields: (`accountId`,`platform`,`jid`)
    at Zn.handleRequestError (/opt/whatsapp-crm-staging/backend/node_modules/@prisma/client/runtime/library.js:121:7459)
    at Zn.handleAndLogRequestError (/opt/whatsapp-crm-staging/backend/node_modules/@prisma/client/runtime/library.js:121:6784)
    at Zn.request (/opt/whatsapp-crm-staging/backend/node_modules/@prisma/client/runtime/library.js:121:6491)
    at async l (/opt/whatsapp-crm-staging/backend/node_modules/@prisma/client/runtime/library.js:130:9778)
    at async Object.onMessage (file:///opt/whatsapp-crm-staging/backend/src/server.js:3345:27)
[TG-UB] onMessage save error: PrismaClientKnownRequestError: 
Invalid `prisma.contact.create()` invocation:


Unique constraint failed on the fields: (`accountId`,`platform`,`jid`)
    at Zn.handleRequestError (/opt/whatsapp-crm-staging/backend/node_modules/@prisma/client/runtime/library.js:121:7459)
    at Zn.handleAndLogRequestError (/opt/whatsapp-crm-staging/backend/node_modules/@prisma/client/runtime/library.js:121:6784)
    at Zn.request (/opt/whatsapp-crm-staging/backend/node_modules/@prisma/client/runtime/library.js:121:6491)
    at async l (/opt/whatsapp-crm-staging/backend/node_modules/@prisma/client/runtime/library.js:130:9778)
    at async Object.onMessage (file:///opt/whatsapp-crm-staging/backend/src/server.js:3345:27)
[TG-UB Media] Download result: buf=buffer:75355
[TG-UB] Media downloaded: f960aced6a28988e5fddd6a51d1bd718.jpg
[TG-UB] onMessage save error: PrismaClientKnownRequestError: 
Invalid `prisma.contact.create()` invocation:


Unique constraint failed on the fields: (`accountId`,`platform`,`jid`)
    at Zn.handleRequestError (/opt/whatsapp-crm-staging/backend/node_modules/@prisma/client/runtime/library.js:121:7459)
    at Zn.handleAndLogRequestError (/opt/whatsapp-crm-staging/backend/node_modules/@prisma/client/runtime/library.js:121:6784)
    at Zn.request (/opt/whatsapp-crm-staging/backend/node_modules/@prisma/client/runtime/library.js:121:6491)
    at async l (/opt/whatsapp-crm-staging/backend/node_modules/@prisma/client/runtime/library.js:130:9778)
    at async Object.onMessage (file:///opt/whatsapp-crm-staging/backend/src/server.js:3345:27)
[TG-UB] onMessage save error: PrismaClientKnownRequestError: 
Invalid `prisma.contact.create()` invocation:


Unique constraint failed on the fields: (`accountId`,`platform`,`jid`)
    at Zn.handleRequestError (/opt/whatsapp-crm-staging/backend/node_modules/@prisma/client/runtime/library.js:121:7459)
    at Zn.handleAndLogRequestError (/opt/whatsapp-crm-staging/backend/node_modules/@prisma/client/runtime/library.js:121:6784)
    at Zn.request (/opt/whatsapp-crm-staging/backend/node_modules/@prisma/client/runtime/library.js:121:6491)
    at async l (/opt/whatsapp-crm-staging/backend/node_modules/@prisma/client/runtime/library.js:130:9778)
    at async Object.onMessage (file:///opt/whatsapp-crm-staging/backend/src/server.js:3345:27)
[TG-UB] NewMessage from -1001714667923 text: 暈左
[TG-UB] Incoming message: -1001714667923 暈左
[33m[2026-09-19T16:46:00.905] [INFO] - [Starting direct file download in chunks of 65536 at 0, stride 65536][0m
[TG-UB] Incoming message: -1001714667923 暈左
[TG-UB] Skip duplicate onMessage: -1001714667923_4266243_in
[TG-UB] NewMessage from -1001714667923 text: 超正👍
[TG-UB] Incoming message: -1001714667923 超正👍
[33m[2026-09-19T16:46:05.525] [INFO] - [Starting direct file download in chunks of 65536 at 0, stride 65536][0m
[TG-UB] Incoming message: -1001714667923 超正👍
[TG-UB] Skip duplicate onMessage: -1001714667923_4266244_in
[35m[2026-09-19T16:46:27.146] [WARN] - [Disconnecting...][0m
[33m[2026-09-19T16:46:27.147] [INFO] - [Disconnecting from 149.154.175.56:443/TCPFull...][0m
[33m[2026-09-19T16:46:27.147] [INFO] - [connection closed][0m
[TG-UB] NewMessage from -1001714667923 text: 一齊瞓
[TG-UB] Incoming message: -1001714667923 一齊瞓
[TG-UB] Incoming message: -1001714667923 一齊瞓
[TG-UB] Skip duplicate onMessage: -1001714667923_4266245_in
[33m[2026-09-19T16:46:28.406] [INFO] - [Starting direct file download in chunks of 65536 at 0, stride 65536][0m
[TG-UB Media DEBUG] type=MessageMediaPhoto isOut=false hasRaw=true client=undef
[TG-UB Media] Downloading msgId=4266245 type=MessageMediaPhoto rawType=Message
[33m[2026-09-19T16:46:28.633] [INFO] - [Starting direct file download in chunks of 131072 at 0, stride 131072][0m
[TG-UB Media] Download result: buf=buffer:110459
[TG-UB] Media downloaded: e05a2d75500c86ffb357d1d6fca67ef2.jpg
[TG-UB] NewMessage from -1001714667923 text: 係好暈🤭
[TG-UB] Incoming message: -1001714667923 係好暈🤭
[TG-UB] Incoming message: -1001714667923 係好暈🤭
[TG-UB] Skip duplicate onMessage: -1001714667923_4266246_in
[33m[2026-09-19T16:46:29.994] [INFO] - [Starting direct file download in chunks of 65536 at 0, stride 65536][0m
[TG-UB] NewMessage from -1001714667923 text: 又miss
[TG-UB] Incoming message: -1001714667923 又miss
[TG-UB] Incoming message: -1001714667923 又miss
[TG-UB] Skip duplicate onMessage: -1001714667923_4266247_in
[33m[2026-09-19T16:46:44.465] [INFO] - [Starting direct file download in chunks of 65536 at 0, stride 65536][0m
[TG-UB] NewMessage from -1001714667923 text: 正呀，係唔係先🤩
[TG-UB] Incoming message: -1001714667923 正呀，係唔係先🤩
[TG-UB] Incoming message: -1001714667923 正呀，係唔係先🤩
[TG-UB] Skip duplicate onMessage: -1001714667923_4266248_in
[33m[2026-09-19T16:46:46.303] [INFO] - [Starting direct file download in chunks of 65536 at 0, stride 65536][0m
[TG-UB] NewMessage from -1001714667923 text: 😞
[TG-UB] Incoming message: -1001714667923 😞
[TG-UB] Incoming message: -1001714667923 😞
[TG-UB] Skip duplicate onMessage: -1001714667923_4266249_in
[33m[2026-09-19T16:46:46.952] [INFO] - [Starting direct file download in chunks of 65536 at 0, stride 65536][0m
[TG-UB] NewMessage from -1001714667923 text: 走出嚟
[TG-UB] Incoming message: -1001714667923 走出嚟
[TG-UB] Incoming message: -1001714667923 走出嚟
[TG-UB] Skip duplicate onMessage: -1001714667923_4266250_in
[33m[2026-09-19T16:47:00.055] [INFO] - [Starting direct file download in chunks of 65536 at 0, stride 65536][0m
[TG-UB] NewMessage from -1001714667923 text: 好夢幻呀❤️❤️❤️❤️
[TG-UB] Incoming message: -1001714667923 好夢幻呀❤️❤️❤️❤️
[TG-UB] Incoming message: -1001714667923 好夢幻呀❤️❤️❤️❤️
[TG-UB] Skip duplicate onMessage: -1001714667923_4266251_in
[33m[2026-09-19T16:47:02.317] [INFO] - [Starting direct file download in chunks of 65536 at 0, stride 65536][0m
[TG-UB] NewMessage from -1001714667923 text: 同檸檬咋
[TG-UB] Incoming message: -1001714667923 同檸檬咋
[TG-UB] Incoming message: -1001714667923 同檸檬咋
[TG-UB] Skip duplicate onMessage: -1001714667923_4266252_in
[33m[2026-09-19T16:47:06.273] [INFO] - [Starting direct file download in chunks of 65536 at 0, stride 65536][0m
[TG-UB] NewMessage from -1001714667923 text: miss
[TG-UB] Incoming message: -1001714667923 miss
[TG-UB] Incoming message: -1001714667923 miss
[TG-UB] Skip duplicate onMessage: -1001714667923_4266253_in
[33m[2026-09-19T16:47:12.071] [INFO] - [Starting direct file download in chunks of 65536 at 0, stride 65536][0m
[TG-UB] NewMessage from -1001714667923 text: 
[TG-UB] Incoming message: -1001714667923 [MessageMediaDocument]
[TG-UB] Incoming message: -1001714667923 [MessageMediaDocument]
[TG-UB] Skip duplicate onMessage: -1001714667923_4266254_in
[TG-UB] NewMessage from -1001714667923 text: 正得你們😙❤️
[TG-UB] Incoming message: -1001714667923 正得你們😙❤️
[33m[2026-09-19T16:47:20.826] [INFO] - [Starting direct file download in chunks of 65536 at 0, stride 65536][0m
[33m[2026-09-19T16:47:21.034] [INFO] - [Starting direct file download in chunks of 65536 at 0, stride 65536][0m
[TG-UB] Incoming message: -1001714667923 正得你們😙❤️
[TG-UB] Skip duplicate onMessage: -1001714667923_4266255_in
[TG-UB Media DEBUG] type=MessageMediaDocument isOut=false hasRaw=true client=undef
[TG-UB Media] Downloading msgId=4266254 type=MessageMediaDocument rawType=Message
[33m[2026-09-19T16:47:21.096] [INFO] - [Starting direct file download in chunks of 131072 at 0, stride 131072][0m
[33m[2026-09-19T16:47:21.096] [INFO] - [Connecting to 149.154.175.56:443/TCPFull...][0m
[33m[2026-09-19T16:47:21.293] [INFO] - [Connection to 149.154.175.56:443/TCPFull complete!][0m
[33m[2026-09-19T16:47:21.499] [INFO] - [File lives in another DC][0m
[33m[2026-09-19T16:47:21.499] [INFO] - [Connecting to 149.154.167.91:443/TCPFull...][0m
[33m[2026-09-19T16:47:21.719] [INFO] - [Connection to 149.154.167.91:443/TCPFull complete!][0m
[TG-UB Media] Download result: buf=buffer:108695
[TG-UB] Media downloaded: 8c5f4a462902934994fd7d0e7d589d07.jpg
[TG-UB] NewMessage from -1001714667923 text: 你最正
[TG-UB] Incoming message: -1001714667923 你最正
[TG-UB] Incoming message: -1001714667923 你最正
[TG-UB] Skip duplicate onMessage: -1001714667923_4266256_in
[33m[2026-09-19T16:47:35.483] [INFO] - [Starting direct file download in chunks of 65536 at 0, stride 65536][0m
[TG-UB] NewMessage from -1001714667923 text: 到你了 我係你fans
[TG-UB] Incoming message: -1001714667923 到你了 我係你fans
[TG-UB] Incoming message: -1001714667923 到你了 我係你fans
[TG-UB] Skip duplicate onMessage: -1001714667923_4266257_in
[33m[2026-09-19T16:47:43.190] [INFO] - [Starting direct file download in chunks of 65536 at 0, stride 65536][0m
[TG-UB] NewMessage from -1001714667923 text: 我肥肉肉多
[TG-UB] Incoming message: -1001714667923 我肥肉肉多
[TG-UB] Incoming message: -1001714667923 我肥肉肉多
[TG-UB] Skip duplicate onMessage: -1001714667923_4266258_in
[33m[2026-09-19T16:47:47.349] [INFO] - [Starting direct file download in chunks of 65536 at 0, stride 65536][0m
[35m[2026-09-19T16:47:51.293] [WARN] - [Disconnecting...][0m
[33m[2026-09-19T16:47:51.293] [INFO] - [Disconnecting from 149.154.175.56:443/TCPFull...][0m
[33m[2026-09-19T16:47:51.294] [INFO] - [connection closed][0m
[TG-UB] NewMessage from -1001714667923 text: 哭😢
[TG-UB] Incoming message: -1001714667923 哭😢
[35m[2026-09-19T16:47:51.719] [WARN] - [Disconnecting...][0m
[33m[2026-09-19T16:47:51.719] [INFO] - [Disconnecting from 149.154.167.91:443/TCPFull...][0m
[33m[2026-09-19T16:47:51.720] [INFO] - [connection closed][0m
[TG-UB] Incoming message: -1001714667923 哭😢
[TG-UB] Skip duplicate onMessage: -1001714667923_4266259_in
[33m[2026-09-19T16:47:52.004] [INFO] - [Starting direct file download in chunks of 65536 at 0, stride 65536][0m
[TG-UB] Poll found message from -1001714667923 text: 哭😢
[TG-UB] Incoming message: -1001714667923 哭😢
[TG-UB] Skip duplicate onMessage: -1001714667923_4266259_in
[TG-UB] Poll found message from -1001714667923 text: 我肥肉肉多
[TG-UB] Incoming message: -1001714667923 我肥肉肉多
[TG-UB] Skip duplicate onMessage: -1001714667923_4266258_in
[TG-UB] Poll found message from -1001714667923 text: 到你了 我係你fans
[TG-UB] Incoming message: -1001714667923 到你了 我係你fans
[TG-UB] Skip duplicate onMessage: -1001714667923_4266257_in
[TG-UB] Poll found message from -1001714667923 text: 你最正
[TG-UB] Incoming message: -1001714667923 你最正
[TG-UB] Skip duplicate onMessage: -1001714667923_4266256_in
[TG-UB] Poll found message from -1001714667923 text: 正得你們😙❤️
[TG-UB] Incoming message: -1001714667923 正得你們😙❤️
[TG-UB] Skip duplicate onMessage: -1001714667923_4266255_in
[TG-UB] Poll found message from -1001714667923 text: [media]
[TG-UB] Incoming message: -1001714667923 [media]
[TG-UB] Skip duplicate onMessage: -1001714667923_4266254_in
[TG-UB] Poll found message from -1001714667923 text: miss
[TG-UB] Incoming message: -1001714667923 miss
[TG-UB] Skip duplicate onMessage: -1001714667923_4266253_in
[TG-UB] Poll found message from -1001714667923 text: 同檸檬咋
[TG-UB] Incoming message: -1001714667923 同檸檬咋
[TG-UB] Skip duplicate onMessage: -1001714667923_4266252_in
[TG-UB] Poll found message from -1001714667923 text: 好夢幻呀❤️❤️❤️❤️
[TG-UB] Incoming message: -1001714667923 好夢幻呀❤️❤️❤️❤️
[TG-UB] Skip duplicate onMessage: -1001714667923_4266251_in
[TG-UB] Poll found message from -1001714667923 text: 走出嚟
[TG-UB] Incoming message: -1001714667923 走出嚟
[TG-UB] Skip duplicate onMessage: -1001714667923_4266250_in
[TG-UB] Poll found message from -1001714667923 text: 😞
[TG-UB] Incoming message: -1001714667923 😞
[TG-UB] Skip duplicate onMessage: -1001714667923_4266249_in
[TG-UB] Poll found message from -1001714667923 text: 正呀，係唔係先🤩
[TG-UB] Incoming message: -1001714667923 正呀，係唔係先🤩
[TG-UB] Skip duplicate onMessage: -1001714667923_4266248_in
[TG-UB] Poll found message from -1001714667923 text: 又miss
[TG-UB] Incoming message: -1001714667923 又miss
[TG-UB] Skip duplicate onMessage: -1001714667923_4266247_in
[TG-UB] Poll found message from -1001714667923 text: 係好暈🤭
[TG-UB] Incoming message: -1001714667923 係好暈🤭
[TG-UB] Skip duplicate onMessage: -1001714667923_4266246_in
[TG-UB] Poll found message from -1001714667923 text: 一齊瞓
[TG-UB] Incoming message: -1001714667923 一齊瞓
[TG-UB] Skip duplicate onMessage: -1001714667923_4266245_in
[TG-UB] Poll found message from -1001714667923 text: 超正👍
[TG-UB] Incoming message: -1001714667923 超正👍
[TG-UB] Skip duplicate onMessage: -1001714667923_4266244_in
[TG-UB] Poll found message from -1001714667923 text: 暈左
[TG-UB] Incoming message: -1001714667923 暈左
[TG-UB] Skip duplicate onMessage: -1001714667923_4266243_in
[TG-UB] NewMessage from -1001714667923 text: 兩個咁樣可能要天光先訓到
[TG-UB] Incoming message: -1001714667923 兩個咁樣可能要天光先訓到
[TG-UB] Incoming message: -1001714667923 兩個咁樣可能要天光先訓到
[TG-UB] Skip duplicate onMessage: -1001714667923_4266260_in
[33m[2026-09-19T16:47:59.857] [INFO] - [Starting direct file download in chunks of 65536 at 0, stride 65536][0m
[TG-UB] NewMessage from -1001714667923 text: 有啲肉地先好
[TG-UB] Incoming message: -1001714667923 有啲肉地先好
[TG-UB] Incoming message: -1001714667923 有啲肉地先好
[TG-UB] Skip duplicate onMessage: -1001714667923_4266261_in
[33m[2026-09-19T16:48:06.661] [INFO] - [Starting direct file download in chunks of 65536 at 0, stride 65536][0m
[TG-UB] NewMessage from -1001714667923 text: 呢啲先吸引
[TG-UB] Incoming message: -1001714667923 呢啲先吸引
[TG-UB] Incoming message: -1001714667923 呢啲先吸引
[TG-UB] Skip duplicate onMessage: -1001714667923_4266262_in
[33m[2026-09-19T16:48:36.589] [INFO] - [Starting direct file download in chunks of 65536 at 0, stride 65536][0m
[TG-UB] NewMessage from -1001714667923 text: 甘先好
[TG-UB] Incoming message: -1001714667923 甘先好
[TG-UB] Incoming message: -1001714667923 甘先好
[TG-UB] Skip duplicate onMessage: -1001714667923_4266263_in
[33m[2026-09-19T16:48:40.484] [INFO] - [Starting direct file download in chunks of 65536 at 0, stride 65536][0m
[TG-UB] NewMessage from -1001714667923 text: 
[TG-UB] Incoming message: -1001714667923 [MessageMediaPhoto]
[TG-UB] Incoming message: -1001714667923 [MessageMediaPhoto]
[TG-UB] Skip duplicate onMessage: -1001714667923_4266264_in
[33m[2026-09-19T16:48:49.783] [INFO] - [Starting direct file download in chunks of 65536 at 0, stride 65536][0m
[TG-UB Media DEBUG] type=MessageMediaPhoto isOut=false hasRaw=true client=undef
[TG-UB Media] Downloading msgId=4266264 type=MessageMediaPhoto rawType=Message
[33m[2026-09-19T16:48:49.929] [INFO] - [Starting direct file download in chunks of 131072 at 0, stride 131072][0m
[TG-UB Media] Download result: buf=buffer:44266
[TG-UB] Media downloaded: b7b7380a4cb26f2e9d0bcdbf9c13f136.jpg
[TG-UB] NewMessage from -1001714667923 text: Wow
[TG-UB] Incoming message: -1001714667923 Wow
[TG-UB] Incoming message: -1001714667923 Wow
[TG-UB] Skip duplicate onMessage: -1001714667923_4266265_in
[33m[2026-09-19T16:49:13.703] [INFO] - [Starting direct file download in chunks of 65536 at 0, stride 65536][0m
[TG-UB] NewMessage from -1001714667923 text: 有鏡真好
[TG-UB] Incoming message: -1001714667923 有鏡真好
[TG-UB] Incoming message: -1001714667923 有鏡真好
[TG-UB] Skip duplicate onMessage: -1001714667923_4266266_in
[33m[2026-09-19T16:49:16.389] [INFO] - [Starting direct file download in chunks of 65536 at 0, stride 65536][0m
[TG-UB] NewMessage from -1001714667923 text: 大力d
[TG-UB] Incoming message: -1001714667923 大力d
[TG-UB] Incoming message: -1001714667923 大力d
[TG-UB] Skip duplicate onMessage: -1001714667923_4266267_in
[33m[2026-09-19T16:49:23.814] [INFO] - [Starting direct file download in chunks of 65536 at 0, stride 65536][0m
[TG-UB] NewMessage from -1001714667923 text: 唔怕喇  禾陪你🤭
[TG-UB] Incoming message: -1001714667923 唔怕喇  禾陪你🤭
[TG-UB] Incoming message: -1001714667923 唔怕喇  禾陪你🤭
[TG-UB] Skip duplicate onMessage: -1001714667923_4266268_in
[33m[2026-09-19T16:49:40.180] [INFO] - [Starting direct file download in chunks of 65536 at 0, stride 65536][0m
[TG-UB] Poll found message from -1001714667923 text: 唔怕喇  禾陪你🤭
[TG-UB] Incoming message: -1001714667923 唔怕喇  禾陪你🤭
[TG-UB] Skip duplicate onMessage: -1001714667923_4266268_in
[TG-UB] Poll found message from -1001714667923 text: 大力d
[TG-UB] Incoming message: -1001714667923 大力d
[TG-UB] Skip duplicate onMessage: -1001714667923_4266267_in
[TG-UB] Poll found message from -1001714667923 text: 有鏡真好
[TG-UB] Incoming message: -1001714667923 有鏡真好
[TG-UB] Skip duplicate onMessage: -1001714667923_4266266_in
[TG-UB] Poll found message from -1001714667923 text: Wow
[TG-UB] Incoming message: -1001714667923 Wow
[TG-UB] Skip duplicate onMessage: -1001714667923_4266265_in
[TG-UB] Poll found message from -1001714667923 text: [media]
[TG-UB] Incoming message: -1001714667923 [media]
[TG-UB] Skip duplicate onMessage: -1001714667923_4266264_in
[TG-UB] Poll found message from -1001714667923 text: 甘先好
[TG-UB] Incoming message: -1001714667923 甘先好
[TG-UB] Skip duplicate onMessage: -1001714667923_4266263_in
[TG-UB] Poll found message from -1001714667923 text: 呢啲先吸引
[TG-UB] Incoming message: -1001714667923 呢啲先吸引
[TG-UB] Skip duplicate onMessage: -1001714667923_4266262_in
[TG-UB] Poll found message from -1001714667923 text: 有啲肉地先好
[TG-UB] Incoming message: -1001714667923 有啲肉地先好
[TG-UB] Skip duplicate onMessage: -1001714667923_4266261_in
[TG-UB] Poll found message from -1001714667923 text: 兩個咁樣可能要天光先訓到
[TG-UB] Incoming message: -1001714667923 兩個咁樣可能要天光先訓到
[TG-UB] Skip duplicate onMessage: -1001714667923_4266260_in
[35m[2026-09-19T16:50:10.181] [WARN] - [Disconnecting...][0m
[33m[2026-09-19T16:50:10.181] [INFO] - [Disconnecting from 91.108.56.183:443/TCPFull...][0m
[33m[2026-09-19T16:50:10.182] [INFO] - [connection closed][0m
[TG-UB] NewMessage from -1001714667923 text: 我係肚肚肉爆
[TG-UB] Incoming message: -1001714667923 我係肚肚肉爆
[TG-UB] Incoming message: -1001714667923 我係肚肚肉爆
[TG-UB] Skip duplicate onMessage: -1001714667923_4266269_in
[33m[2026-09-19T16:51:03.329] [INFO] - [Starting direct file download in chunks of 65536 at 0, stride 65536][0m
[33m[2026-09-19T16:51:03.329] [INFO] - [Connecting to 91.108.56.183:443/TCPFull...][0m
[33m[2026-09-19T16:51:03.396] [INFO] - [Connection to 91.108.56.183:443/TCPFull complete!][0m
[TG-UB] NewMessage from -1001714667923 text: 
[TG-UB] Incoming message: -1001714667923 [MessageMediaPhoto]
[TG-UB] Incoming message: -1001714667923 [MessageMediaPhoto]
[TG-UB] Skip duplicate onMessage: -1001714667923_4266270_in
[33m[2026-09-19T16:51:18.785] [INFO] - [Starting direct file download in chunks of 65536 at 0, stride 65536][0m
[TG-UB Media DEBUG] type=MessageMediaPhoto isOut=false hasRaw=true client=undef
[TG-UB Media] Downloading msgId=4266270 type=MessageMediaPhoto rawType=Message
[33m[2026-09-19T16:51:18.935] [INFO] - [Starting direct file download in chunks of 131072 at 0, stride 131072][0m
[TG-UB Media] Download result: buf=buffer:134667
[TG-UB] Media downloaded: fe494db448add49cb1ac66f184a9684a.jpg
[TG-UB] NewMessage from -1001714667923 text: 有小小先好
[TG-UB] Incoming message: -1001714667923 有小小先好
[TG-UB] Incoming message: -1001714667923 有小小先好
[TG-UB] Skip duplicate onMessage: -1001714667923_4266271_in
[33m[2026-09-19T16:51:31.393] [INFO] - [Starting direct file download in chunks of 65536 at 0, stride 65536][0m
[TG-UB] NewMessage from -1001714667923 text: wow
[TG-UB] Incoming message: -1001714667923 wow
[TG-UB] Incoming message: -1001714667923 wow
[TG-UB] Skip duplicate onMessage: -1001714667923_4266272_in
[33m[2026-09-19T16:51:35.026] [INFO] - [Starting direct file download in chunks of 65536 at 0, stride 65536][0m
[TG-UB] NewMessage from -1001714667923 text: 就漏出嚟啦
[TG-UB] Incoming message: -1001714667923 就漏出嚟啦
[TG-UB] Incoming message: -1001714667923 就漏出嚟啦
[TG-UB] Skip duplicate onMessage: -1001714667923_4266273_in
[33m[2026-09-19T16:51:38.252] [INFO] - [Starting direct file download in chunks of 65536 at 0, stride 65536][0m
[TG-UB] NewMessage from -1001714667923 text: 太快🥺
[TG-UB] Incoming message: -1001714667923 太快🥺
[TG-UB] Incoming message: -1001714667923 太快🥺
[TG-UB] Skip duplicate onMessage: -1001714667923_4266274_in
[33m[2026-09-19T16:51:48.372] [INFO] - [Starting direct file download in chunks of 65536 at 0, stride 65536][0m
[TG-UB] NewMessage from -1001714667923 text: 有邊套無？。？
[TG-UB] Incoming message: -1001714667923 有邊套無？。？
[TG-UB] Incoming message: -1001714667923 有邊套無？。？
[TG-UB] Skip duplicate onMessage: -1001714667923_4266275_in
[33m[2026-09-19T16:51:52.888] [INFO] - [Starting direct file download in chunks of 65536 at 0, stride 65536][0m
[TG-UB] Poll found message from -1001714667923 text: 有邊套無？。？
[TG-UB] Incoming message: -1001714667923 有邊套無？。？
[TG-UB] Skip duplicate onMessage: -1001714667923_4266275_in
[TG-UB] Poll found message from -1001714667923 text: 太快🥺
[TG-UB] Incoming message: -1001714667923 太快🥺
[TG-UB] Skip duplicate onMessage: -1001714667923_4266274_in
[TG-UB] Poll found message from -1001714667923 text: 就漏出嚟啦
[TG-UB] Incoming message: -1001714667923 就漏出嚟啦
[TG-UB] Skip duplicate onMessage: -1001714667923_4266273_in
[TG-UB] Poll found message from -1001714667923 text: wow
[TG-UB] Incoming message: -1001714667923 wow
[TG-UB] Skip duplicate onMessage: -1001714667923_4266272_in
[TG-UB] Poll found message from -1001714667923 text: 有小小先好
[TG-UB] Incoming message: -1001714667923 有小小先好
[TG-UB] Skip duplicate onMessage: -1001714667923_4266271_in
[TG-UB] Poll found message from -1001714667923 text: [media]
[TG-UB] Incoming message: -1001714667923 [media]
[TG-UB] Skip duplicate onMessage: -1001714667923_4266270_in
[TG-UB] Poll found message from -1001714667923 text: 我係肚肚肉爆
[TG-UB] Incoming message: -1001714667923 我係肚肚肉爆
[TG-UB] Skip duplicate onMessage: -1001714667923_4266269_in
[TG-UB] NewMessage from -1001714667923 text: 
[TG-UB] Incoming message: -1001714667923 [MessageMediaPhoto]
[TG-UB] Incoming message: -1001714667923 [MessageMediaPhoto]
[TG-UB] Skip duplicate onMessage: -1001714667923_4266276_in
[33m[2026-09-19T16:51:55.910] [INFO] - [Starting direct file download in chunks of 65536 at 0, stride 65536][0m
[TG-UB Media DEBUG] type=MessageMediaPhoto isOut=false hasRaw=true client=undef
[TG-UB Media] Downloading msgId=4266276 type=MessageMediaPhoto rawType=Message
[33m[2026-09-19T16:51:56.073] [INFO] - [Starting direct file download in chunks of 131072 at 0, stride 131072][0m
[TG-UB Media] Download result: buf=buffer:136837
[TG-UB] Media downloaded: 8e726879a958f4c7e0b11fad30938f27.jpg
[TG-UB] NewMessage from -1001714667923 text: 係喎,快成咁
[TG-UB] Incoming message: -1001714667923 係喎,快成咁
[TG-UB] Incoming message: -1001714667923 係喎,快成咁
[TG-UB] Skip duplicate onMessage: -1001714667923_4266277_in
[33m[2026-09-19T16:52:08.799] [INFO] - [Starting direct file download in chunks of 65536 at 0, stride 65536][0m
[TG-UB] NewMessage from -1001714667923 text: 所以我都要遮🤭
[TG-UB] Incoming message: -1001714667923 所以我都要遮🤭
[TG-UB] Incoming message: -1001714667923 所以我都要遮🤭
[TG-UB] Skip duplicate onMessage: -1001714667923_4266278_in
[33m[2026-09-19T16:52:12.595] [INFO] - [Starting direct file download in chunks of 65536 at 0, stride 65536][0m
[TG-UB Media DEBUG] type=MessageMediaPhoto isOut=false hasRaw=true client=undef
[TG-UB Media] Downloading msgId=4266278 type=MessageMediaPhoto rawType=Message
[33m[2026-09-19T16:52:12.817] [INFO] - [Starting direct file download in chunks of 131072 at 0, stride 131072][0m
[33m[2026-09-19T16:52:12.817] [INFO] - [Connecting to 149.154.167.91:443/TCPFull...][0m
[33m[2026-09-19T16:52:13.039] [INFO] - [Connection to 149.154.167.91:443/TCPFull complete!][0m
[TG-UB Media] Download result: buf=buffer:46192
[TG-UB] Media downloaded: 15fb8b6380630154401432f286e11f8a.jpg
[TG-UB] NewMessage from -1001714667923 text: wow
[TG-UB] Incoming message: -1001714667923 wow
[TG-UB] Incoming message: -1001714667923 wow
[TG-UB] Skip duplicate onMessage: -1001714667923_4266279_in
[33m[2026-09-19T16:52:14.671] [INFO] - [Starting direct file download in chunks of 65536 at 0, stride 65536][0m
[TG-UB] NewMessage from -1001714667923 text: 呢套仲勁啲
[TG-UB] Incoming message: -1001714667923 呢套仲勁啲
[TG-UB] Incoming message: -1001714667923 呢套仲勁啲
[TG-UB] Skip duplicate onMessage: -1001714667923_4266280_in
[33m[2026-09-19T16:52:17.876] [INFO] - [Starting direct file download in chunks of 65536 at 0, stride 65536][0m
[TG-UB] NewMessage from -1001714667923 text: 唔使遮啦
[TG-UB] Incoming message: -1001714667923 唔使遮啦
[TG-UB] Incoming message: -1001714667923 唔使遮啦
[TG-UB] Skip duplicate onMessage: -1001714667923_4266281_in
[33m[2026-09-19T16:52:22.418] [INFO] - [Starting direct file download in chunks of 65536 at 0, stride 65536][0m
[TG-UB] NewMessage from -1001714667923 text: sexy
[TG-UB] Incoming message: -1001714667923 sexy
[TG-UB] Incoming message: -1001714667923 sexy
[TG-UB] Skip duplicate onMessage: -1001714667923_4266282_in
[33m[2026-09-19T16:52:28.840] [INFO] - [Starting direct file download in chunks of 65536 at 0, stride 65536][0m
[TG-UB] NewMessage from -1001714667923 text: 都無肉啦
[TG-UB] Incoming message: -1001714667923 都無肉啦
[TG-UB] Incoming message: -1001714667923 都無肉啦
[TG-UB] Skip duplicate onMessage: -1001714667923_4266283_in
[33m[2026-09-19T16:52:32.624] [INFO] - [Starting direct file download in chunks of 65536 at 0, stride 65536][0m
[TG-UB] NewMessage from -1001714667923 text: So sad,睇唔到
[TG-UB] Incoming message: -1001714667923 So sad,睇唔到
[TG-UB] Incoming message: -1001714667923 So sad,睇唔到
[TG-UB] Skip duplicate onMessage: -1001714667923_4266284_in
[33m[2026-09-19T16:52:36.036] [INFO] - [Starting direct file download in chunks of 65536 at 0, stride 65536][0m
[TG-UB] NewMessage from -1001714667923 text: 靚
[TG-UB] Incoming message: -1001714667923 靚
[TG-UB] Incoming message: -1001714667923 靚
[TG-UB] Skip duplicate onMessage: -1001714667923_4266285_in
[33m[2026-09-19T16:52:36.937] [INFO] - [Starting direct file download in chunks of 65536 at 0, stride 65536][0m
[35m[2026-09-19T16:52:43.039] [WARN] - [Disconnecting...][0m
[33m[2026-09-19T16:52:43.039] [INFO] - [Disconnecting from 149.154.167.91:443/TCPFull...][0m
[33m[2026-09-19T16:52:43.040] [INFO] - [connection closed][0m
[TG-UB] NewMessage from -1001714667923 text: 靚
[TG-UB] Incoming message: -1001714667923 靚
[TG-UB] Incoming message: -1001714667923 靚
[TG-UB] Skip duplicate onMessage: -1001714667923_4266286_in
[33m[2026-09-19T16:52:48.391] [INFO] - [Starting direct file download in chunks of 65536 at 0, stride 65536][0m
[TG-UB] NewMessage from -1001714667923 text: 未睇到
[TG-UB] Incoming message: -1001714667923 未睇到
[TG-UB] NewMessage from -1001714667923 text: 一直跟開隔離谷
原來呢到咁多野睇
[TG-UB] Incoming message: -1001714667923 一直跟開隔離谷
原來呢到咁多野睇
[TG-UB] Incoming message: -1001714667923 未睇到
[TG-UB] Skip duplicate onMessage: -1001714667923_4266287_in
[33m[2026-09-19T16:52:56.666] [INFO] - [Starting direct file download in chunks of 65536 at 0, stride 65536][0m
[33m[2026-09-19T16:52:56.667] [INFO] - [Starting direct file download in chunks of 65536 at 0, stride 65536][0m
[TG-UB] Incoming message: -1001714667923 一直跟開隔離谷
原來呢到咁多野睇
[TG-UB] Skip duplicate onMessage: -1001714667923_4266288_in
[TG-UB] NewMessage from -1001714667923 text: 哩套唔覺？
[TG-UB] Incoming message: -1001714667923 哩套唔覺？
[TG-UB] Incoming message: -1001714667923 哩套唔覺？
[TG-UB] Skip duplicate onMessage: -1001714667923_4266289_in
[33m[2026-09-19T16:53:01.004] [INFO] - [Starting direct file download in chunks of 65536 at 0, stride 65536][0m
[TG-UB Media DEBUG] type=MessageMediaPhoto isOut=false hasRaw=true client=undef
[TG-UB Media] Downloading msgId=4266289 type=MessageMediaPhoto rawType=Message
[33m[2026-09-19T16:53:01.223] [INFO] - [Starting direct file download in chunks of 131072 at 0, stride 131072][0m
[TG-UB Media] Download result: buf=buffer:148272
[TG-UB] Media downloaded: 768ae46cf036e6423517cffa652a080b.jpg
[TG-UB] NewMessage from -1001714667923 text: 睇到
[TG-UB] Incoming message: -1001714667923 睇到
[TG-UB] Incoming message: -1001714667923 睇到
[TG-UB] Skip duplicate onMessage: -1001714667923_4266290_in
[33m[2026-09-19T16:53:13.200] [INFO] - [Starting direct file download in chunks of 65536 at 0, stride 65536][0m
[TG-UB] NewMessage from -1001714667923 text: 好強嘅胸壓
[TG-UB] Incoming message: -1001714667923 好強嘅胸壓
[TG-UB] Incoming message: -1001714667923 好強嘅胸壓
[TG-UB] Skip duplicate onMessage: -1001714667923_4266291_in
[33m[2026-09-19T16:53:16.630] [INFO] - [Starting direct file download in chunks of 65536 at 0, stride 65536][0m
[TG-UB] NewMessage from -1001714667923 text: 呢套係就嚟爆😂
[TG-UB] Incoming message: -1001714667923 呢套係就嚟爆😂
[TG-UB] Incoming message: -1001714667923 呢套係就嚟爆😂
[TG-UB] Skip duplicate onMessage: -1001714667923_4266292_in
[33m[2026-09-19T16:53:18.608] [INFO] - [Starting direct file download in chunks of 65536 at 0, stride 65536][0m
[TG-UB] NewMessage from -1001714667923 text: 大到呢
[TG-UB] Incoming message: -1001714667923 大到呢
[TG-UB] Incoming message: -1001714667923 大到呢
[TG-UB] Skip duplicate onMessage: -1001714667923_4266293_in
[TG-UB] NewMessage from -1001714667923 text: 夾爆
[TG-UB] Incoming message: -1001714667923 夾爆
[33m[2026-09-19T16:53:20.893] [INFO] - [Starting direct file download in chunks of 65536 at 0, stride 65536][0m
[33m[2026-09-19T16:53:21.103] [INFO] - [Starting direct file download in chunks of 65536 at 0, stride 65536][0m
[TG-UB] Incoming message: -1001714667923 夾爆
[TG-UB] Skip duplicate onMessage: -1001714667923_4266294_in
[TG-UB] NewMessage from -1001714667923 text: pm 約
[TG-UB] Incoming message: -1001714667923 pm 約
[TG-UB] Incoming message: -1001714667923 pm 約
[TG-UB] Skip duplicate onMessage: -1001714667923_4266295_in
[33m[2026-09-19T16:53:24.038] [INFO] - [Starting direct file download in chunks of 65536 at 0, stride 65536][0m
[TG-UB] NewMessage from -1001714667923 text: 睇唔到😢
[TG-UB] Incoming message: -1001714667923 睇唔到😢
[TG-UB] Incoming message: -1001714667923 睇唔到😢
[TG-UB] Skip duplicate onMessage: -1001714667923_4266296_in
[33m[2026-09-19T16:53:37.015] [INFO] - [Starting direct file download in chunks of 65536 at 0, stride 65536][0m
[TG-UB] NewMessage from -1001714667923 text: Cls 
巨到
但係咪俾蚊咬？
[TG-UB] Incoming message: -1001714667923 Cls 
巨到
但係咪俾蚊咬？
[TG-UB] Incoming message: -1001714667923 Cls 
巨到
但係咪俾蚊咬？
[TG-UB] Skip duplicate onMessage: -1001714667923_4266297_in
[33m[2026-09-19T16:53:38.576] [INFO] - [Starting direct file download in chunks of 65536 at 0, stride 65536][0m
[TG-UB] NewMessage from -1001714667923 text: 睇隔離好
[TG-UB] Incoming message: -1001714667923 睇隔離好
[TG-UB] Incoming message: -1001714667923 睇隔離好
[TG-UB] Skip duplicate onMessage: -1001714667923_4266298_in
[33m[2026-09-19T16:53:39.585] [INFO] - [Starting direct file download in chunks of 65536 at 0, stride 65536][0m
[TG-UB] NewMessage from -1001714667923 text: Miss
[TG-UB] Incoming message: -1001714667923 Miss
[TG-UB] Incoming message: -1001714667923 Miss
[TG-UB] Skip duplicate onMessage: -1001714667923_4266299_in
[33m[2026-09-19T16:53:42.215] [INFO] - [Starting direct file download in chunks of 65536 at 0, stride 65536][0m
[TG-UB] NewMessage from -1001714667923 text: 視覺效果轉移哂😹
[TG-UB] Incoming message: -1001714667923 視覺效果轉移哂😹
[TG-UB] Incoming message: -1001714667923 視覺效果轉移哂😹
[TG-UB] Skip duplicate onMessage: -1001714667923_4266300_in
[33m[2026-09-19T16:53:45.198] [INFO] - [Starting direct file download in chunks of 65536 at 0, stride 65536][0m
[TG-UB] NewMessage from -1001714667923 text: 點會
[TG-UB] Incoming message: -1001714667923 點會
[TG-UB] Poll found message from -1001714667923 text: 點會
[TG-UB] Incoming message: -1001714667923 點會
[TG-UB] Skip duplicate onMessage: -1001714667923_4266301_in
[TG-UB] Poll found message from -1001714667923 text: 視覺效果轉移哂😹
[TG-UB] Incoming message: -1001714667923 視覺效果轉移哂😹
[TG-UB] Skip duplicate onMessage: -1001714667923_4266300_in
[TG-UB] Poll found message from -1001714667923 text: Miss
[TG-UB] Incoming message: -1001714667923 Miss
[TG-UB] Skip duplicate onMessage: -1001714667923_4266299_in
[TG-UB] Poll found message from -1001714667923 text: 睇隔離好
[TG-UB] Incoming message: -1001714667923 睇隔離好
[TG-UB] Skip duplicate onMessage: -1001714667923_4266298_in
[TG-UB] Poll found message from -1001714667923 text: Cls 
巨到
但係咪俾蚊咬？
[TG-UB] Incoming message: -1001714667923 Cls 
巨到
但係咪俾蚊咬？
[TG-UB] Skip duplicate onMessage: -1001714667923_4266297_in
[TG-UB] Poll found message from -1001714667923 text: 睇唔到😢
[TG-UB] Incoming message: -1001714667923 睇唔到😢
[TG-UB] Skip duplicate onMessage: -1001714667923_4266296_in
[TG-UB] Poll found message from -1001714667923 text: pm 約
[TG-UB] Incoming message: -1001714667923 pm 約
[TG-UB] Skip duplicate onMessage: -1001714667923_4266295_in
[TG-UB] Poll found message from -1001714667923 text: 夾爆
[TG-UB] Incoming message: -1001714667923 夾爆
[TG-UB] Skip duplicate onMessage: -1001714667923_4266294_in
[TG-UB] Poll found message from -1001714667923 text: 大到呢
[TG-UB] Incoming message: -1001714667923 大到呢
[TG-UB] Skip duplicate onMessage: -1001714667923_4266293_in
[TG-UB] Poll found message from -1001714667923 text: 呢套係就嚟爆😂
[TG-UB] Incoming message: -1001714667923 呢套係就嚟爆😂
[TG-UB] Skip duplicate onMessage: -1001714667923_4266292_in
[TG-UB] Poll found message from -1001714667923 text: 好強嘅胸壓
[TG-UB] Incoming message: -1001714667923 好強嘅胸壓
[TG-UB] Skip duplicate onMessage: -1001714667923_4266291_in
[TG-UB] Poll found message from -1001714667923 text: 睇到
[TG-UB] Incoming message: -1001714667923 睇到
[TG-UB] Skip duplicate onMessage: -1001714667923_4266290_in
[TG-UB] Poll found message from -1001714667923 text: 哩套唔覺？
[TG-UB] Incoming message: -1001714667923 哩套唔覺？
[TG-UB] Skip duplicate onMessage: -1001714667923_4266289_in
[TG-UB] Poll found message from -1001714667923 text: 一直跟開隔離谷
原來呢到咁多野睇
[TG-UB] Incoming message: -1001714667923 一直跟開隔離谷
原來呢到咁多野睇
[TG-UB] Skip duplicate onMessage: -1001714667923_4266288_in
[TG-UB] Poll found message from -1001714667923 text: 未睇到
[TG-UB] Incoming message: -1001714667923 未睇到
[TG-UB] Skip duplicate onMessage: -1001714667923_4266287_in
[TG-UB] Poll found message from -1001714667923 text: 靚
[TG-UB] Incoming message: -1001714667923 靚
[TG-UB] Skip duplicate onMessage: -1001714667923_4266286_in
[TG-UB] Poll found message from -1001714667923 text: 靚
[TG-UB] Incoming message: -1001714667923 靚
[TG-UB] Skip duplicate onMessage: -1001714667923_4266285_in
[TG-UB] Poll found message from -1001714667923 text: So sad,睇唔到
[TG-UB] Incoming message: -1001714667923 So sad,睇唔到
[TG-UB] Skip duplicate onMessage: -1001714667923_4266284_in
[TG-UB] Poll found message from -1001714667923 text: 都無肉啦
[TG-UB] Incoming message: -1001714667923 都無肉啦
[TG-UB] Skip duplicate onMessage: -1001714667923_4266283_in
[TG-UB] Poll found message from -1001714667923 text: sexy
[TG-UB] Incoming message: -1001714667923 sexy
[TG-UB] Skip duplicate onMessage: -1001714667923_4266282_in
[33m[2026-09-19T16:53:53.934] [INFO] - [Starting direct file download in chunks of 65536 at 0, stride 65536][0m
[TG-UB] Incoming message: -1001714667923 點會
[TG-UB] Skip duplicate onMessage: -1001714667923_4266301_in
[TG-UB] NewMessage from -1001714667923 text: where
[TG-UB] Incoming message: -1001714667923 where
[TG-UB] Incoming message: -1001714667923 where
[TG-UB] Skip duplicate onMessage: -1001714667923_4266302_in
[33m[2026-09-19T16:53:57.262] [INFO] - [Starting direct file download in chunks of 65536 at 0, stride 65536][0m
[TG-UB] NewMessage from -1001714667923 text: You?
[TG-UB] Incoming message: -1001714667923 You?
[TG-UB] Incoming message: -1001714667923 You?
[TG-UB] Skip duplicate onMessage: -1001714667923_4266303_in
[33m[2026-09-19T16:53:58.654] [INFO] - [Starting direct file download in chunks of 65536 at 0, stride 65536][0m
[TG-UB] NewMessage from -1001714667923 text: 隔離得男人
呢到好多師姐閃
[TG-UB] Incoming message: -1001714667923 隔離得男人
呢到好多師姐閃
[TG-UB] Incoming message: -1001714667923 隔離得男人
呢到好多師姐閃
[TG-UB] Skip duplicate onMessage: -1001714667923_4266304_in
[33m[2026-09-19T16:54:01.240] [INFO] - [Starting direct file download in chunks of 65536 at 0, stride 65536][0m
[TG-UB] NewMessage from -1001714667923 text: 唔知呀
[TG-UB] Incoming message: -1001714667923 唔知呀
[TG-UB] Incoming message: -1001714667923 唔知呀
[TG-UB] Skip duplicate onMessage: -1001714667923_4266305_in
[33m[2026-09-19T16:54:11.481] [INFO] - [Starting direct file download in chunks of 65536 at 0, stride 65536][0m
[TG-UB] NewMessage from -1001714667923 text: 繼續閃
[TG-UB] Incoming message: -1001714667923 繼續閃
[TG-UB] Incoming message: -1001714667923 繼續閃
[TG-UB] Skip duplicate onMessage: -1001714667923_4266306_in
[33m[2026-09-19T16:54:15.426] [INFO] - [Starting direct file download in chunks of 65536 at 0, stride 65536][0m
[TG-UB] NewMessage from -1001714667923 text: 
[TG-UB] Incoming message: -1001714667923 [MessageMediaDocument]
[TG-UB] Incoming message: -1001714667923 [MessageMediaDocument]
[TG-UB] Skip duplicate onMessage: -1001714667923_4266307_in
[33m[2026-09-19T16:54:22.802] [INFO] - [Starting direct file download in chunks of 65536 at 0, stride 65536][0m
[TG-UB Media DEBUG] type=MessageMediaDocument isOut=false hasRaw=true client=undef
[TG-UB Media] Downloading msgId=4266307 type=MessageMediaDocument rawType=Message
[33m[2026-09-19T16:54:23.292] [INFO] - [Starting direct file download in chunks of 131072 at 0, stride 131072][0m
[33m[2026-09-19T16:54:23.292] [INFO] - [Connecting to 149.154.175.56:443/TCPFull...][0m
[33m[2026-09-19T16:54:23.486] [INFO] - [Connection to 149.154.175.56:443/TCPFull complete!][0m
[33m[2026-09-19T16:54:23.689] [INFO] - [File lives in another DC][0m
[33m[2026-09-19T16:54:23.690] [INFO] - [Connecting to 149.154.167.91:443/TCPFull...][0m
[33m[2026-09-19T16:54:23.916] [INFO] - [Connection to 149.154.167.91:443/TCPFull complete!][0m
[TG-UB Media] Download result: buf=buffer:40444
[TG-UB] Media downloaded: b84a8154eacdb9c16a3279ff0792beff.jpg
[TG-UB] NewMessage from -1001714667923 text: 你都閃下
[TG-UB] Incoming message: -1001714667923 你都閃下
[TG-UB] Incoming message: -1001714667923 你都閃下
[TG-UB] Skip duplicate onMessage: -1001714667923_4266308_in
[33m[2026-09-19T16:54:36.292] [INFO] - [Starting direct file download in chunks of 65536 at 0, stride 65536][0m
[35m[2026-09-19T16:54:53.489] [WARN] - [Disconnecting...][0m
[33m[2026-09-19T16:54:53.489] [INFO] - [Disconnecting from 149.154.175.56:443/TCPFull...][0m
[33m[2026-09-19T16:54:53.489] [INFO] - [connection closed][0m
[35m[2026-09-19T16:54:53.917] [WARN] - [Disconnecting...][0m
[33m[2026-09-19T16:54:53.917] [INFO] - [Disconnecting from 149.154.167.91:443/TCPFull...][0m
[33m[2026-09-19T16:54:53.917] [INFO] - [connection closed][0m
[35m[2026-09-19T16:55:06.297] [WARN] - [Disconnecting...][0m
[33m[2026-09-19T16:55:06.297] [INFO] - [Disconnecting from 91.108.56.183:443/TCPFull...][0m
[33m[2026-09-19T16:55:06.297] [INFO] - [connection closed][0m
[TG-UB] NewMessage from -1001714667923 text: 男得一條腸 佢地放導彈喎
[TG-UB] Incoming message: -1001714667923 男得一條腸 佢地放導彈喎
[TG-UB] Incoming message: -1001714667923 男得一條腸 佢地放導彈喎
[TG-UB] Skip duplicate onMessage: -1001714667923_4266309_in
[33m[2026-09-19T16:55:15.805] [INFO] - [Starting direct file download in chunks of 65536 at 0, stride 65536][0m
[33m[2026-09-19T16:55:15.805] [INFO] - [Connecting to 91.108.56.183:443/TCPFull...][0m
[33m[2026-09-19T16:55:15.871] [INFO] - [Connection to 91.108.56.183:443/TCPFull complete!][0m
[TG-UB] NewMessage from -1001714667923 text: 
[TG-UB] Incoming message: -1001714667923 [MessageMediaDocument]
[TG-UB] Incoming message: -1001714667923 [MessageMediaDocument]
[TG-UB] Skip duplicate onMessage: -1001714667923_4266310_in
[33m[2026-09-19T16:55:24.890] [INFO] - [Starting direct file download in chunks of 65536 at 0, stride 65536][0m
[TG-UB Media DEBUG] type=MessageMediaDocument isOut=false hasRaw=true client=undef
[TG-UB Media] Downloading msgId=4266310 type=MessageMediaDocument rawType=Message
[33m[2026-09-19T16:55:24.993] [INFO] - [Starting direct file download in chunks of 131072 at 0, stride 131072][0m
[33m[2026-09-19T16:55:24.993] [INFO] - [Connecting to 149.154.175.56:443/TCPFull...][0m
[33m[2026-09-19T16:55:25.197] [INFO] - [Connection to 149.154.175.56:443/TCPFull complete!][0m
[33m[2026-09-19T16:55:25.412] [INFO] - [File lives in another DC][0m
[TG-UB Media] Download result: buf=buffer:8880
[TG-UB] Media downloaded: bbeb2ae914d5cf20a4ae42bbac69f82f.jpg
[TG-UB] NewMessage from -1001714667923 text: 真
[TG-UB] Incoming message: -1001714667923 真
[TG-UB] Incoming message: -1001714667923 真
[TG-UB] Skip duplicate onMessage: -1001714667923_4266311_in
[33m[2026-09-19T16:55:27.246] [INFO] - [Starting direct file download in chunks of 65536 at 0, stride 65536][0m
[TG-UB] NewMessage from -1001714667923 text: 睇導彈好啲
[TG-UB] Incoming message: -1001714667923 睇導彈好啲
[TG-UB] Incoming message: -1001714667923 睇導彈好啲
[TG-UB] Skip duplicate onMessage: -1001714667923_4266312_in
[33m[2026-09-19T16:55:28.809] [INFO] - [Starting direct file download in chunks of 65536 at 0, stride 65536][0m
[TG-UB] NewMessage from -1001714667923 text: 來！
[TG-UB] Incoming message: -1001714667923 來！
[TG-UB] Incoming message: -1001714667923 來！
[TG-UB] Skip duplicate onMessage: -1001714667923_4266313_in
[33m[2026-09-19T16:55:35.914] [INFO] - [Starting direct file download in chunks of 65536 at 0, stride 65536][0m
[TG-UB] NewMessage from -1001714667923 text: 有好多款式
[TG-UB] Incoming message: -1001714667923 有好多款式
[TG-UB] Incoming message: -1001714667923 有好多款式
[TG-UB] Skip duplicate onMessage: -1001714667923_4266314_in
[33m[2026-09-19T16:55:48.106] [INFO] - [Starting direct file download in chunks of 65536 at 0, stride 65536][0m
[TG-UB] NewMessage from -1001714667923 text: ？。？邊到有
[TG-UB] Incoming message: -1001714667923 ？。？邊到有
[TG-UB] Incoming message: -1001714667923 ？。？邊到有
[TG-UB] Skip duplicate onMessage: -1001714667923_4266315_in
[33m[2026-09-19T16:55:49.355] [INFO] - [Starting direct file download in chunks of 65536 at 0, stride 65536][0m
[Automation Scheduler] Running check at 2026-09-19T16:55:50.071Z
[TG-UB] NewMessage from -1001714667923 text: 核爆咁
[TG-UB] Incoming message: -1001714667923 核爆咁
[TG-UB] Poll found message from -1001714667923 text: 核爆咁
[TG-UB] Incoming message: -1001714667923 核爆咁
[TG-UB] Skip duplicate onMessage: -1001714667923_4266316_in
[TG-UB] Poll found message from -1001714667923 text: ？。？邊到有
[TG-UB] Incoming message: -1001714667923 ？。？邊到有
[TG-UB] Skip duplicate onMessage: -1001714667923_4266315_in
[TG-UB] Poll found message from -1001714667923 text: 有好多款式
[TG-UB] Incoming message: -1001714667923 有好多款式
[TG-UB] Skip duplicate onMessage: -1001714667923_4266314_in
[TG-UB] Poll found message from -1001714667923 text: 來！
[TG-UB] Incoming message: -1001714667923 來！
[TG-UB] Skip duplicate onMessage: -1001714667923_4266313_in
[TG-UB] Poll found message from -1001714667923 text: 睇導彈好啲
[TG-UB] Incoming message: -1001714667923 睇導彈好啲
[TG-UB] Skip duplicate onMessage: -1001714667923_4266312_in
[TG-UB] Poll found message from -1001714667923 text: 真
[TG-UB] Incoming message: -1001714667923 真
[TG-UB] Skip duplicate onMessage: -1001714667923_4266311_in
[TG-UB] Poll found message from -1001714667923 text: [media]
[TG-UB] Incoming message: -1001714667923 [media]
[TG-UB] Skip duplicate onMessage: -1001714667923_4266310_in
[TG-UB] Poll found message from -1001714667923 text: 男得一條腸 佢地放導彈喎
[TG-UB] Incoming message: -1001714667923 男得一條腸 佢地放導彈喎
[TG-UB] Skip duplicate onMessage: -1001714667923_4266309_in
[TG-UB] Poll found message from -1001714667923 text: 你都閃下
[TG-UB] Incoming message: -1001714667923 你都閃下
[TG-UB] Skip duplicate onMessage: -1001714667923_4266308_in
[TG-UB] Poll found message from -1001714667923 text: [media]
[TG-UB] Incoming message: -1001714667923 [media]
[TG-UB] Skip duplicate onMessage: -1001714667923_4266307_in
[TG-UB] Poll found message from -1001714667923 text: 繼續閃
[TG-UB] Incoming message: -1001714667923 繼續閃
[TG-UB] Skip duplicate onMessage: -1001714667923_4266306_in
[TG-UB] Poll found message from -1001714667923 text: 唔知呀
[TG-UB] Incoming message: -1001714667923 唔知呀
[TG-UB] Skip duplicate onMessage: -1001714667923_4266305_in
[TG-UB] Poll found message from -1001714667923 text: 隔離得男人
呢到好多師姐閃
[TG-UB] Incoming message: -1001714667923 隔離得男人
呢到好多師姐閃
[TG-UB] Skip duplicate onMessage: -1001714667923_4266304_in
[TG-UB] Poll found message from -1001714667923 text: You?
[TG-UB] Incoming message: -1001714667923 You?
[TG-UB] Skip duplicate onMessage: -1001714667923_4266303_in
[TG-UB] Poll found message from -1001714667923 text: where
[TG-UB] Incoming message: -1001714667923 where
[TG-UB] Skip duplicate onMessage: -1001714667923_4266302_in
[33m[2026-09-19T16:55:53.934] [INFO] - [Starting direct file download in chunks of 65536 at 0, stride 65536][0m
[TG-UB] Incoming message: -1001714667923 核爆咁
[TG-UB] Skip duplicate onMessage: -1001714667923_4266316_in
[35m[2026-09-19T16:55:55.197] [WARN] - [Disconnecting...][0m
[33m[2026-09-19T16:55:55.197] [INFO] - [Disconnecting from 149.154.175.56:443/TCPFull...][0m
[33m[2026-09-19T16:55:55.197] [INFO] - [connection closed][0m
[TG-UB] NewMessage from -1001714667923 text: 等你
[TG-UB] Incoming message: -1001714667923 等你
[TG-UB] Incoming message: -1001714667923 等你
[TG-UB] Skip duplicate onMessage: -1001714667923_4266317_in
[33m[2026-09-19T16:55:59.460] [INFO] - [Starting direct file download in chunks of 65536 at 0, stride 65536][0m
[TG-UB] NewMessage from -1001714667923 text: 放腸就唔岩呢到主題架喇
[TG-UB] Incoming message: -1001714667923 放腸就唔岩呢到主題架喇
[TG-UB] Incoming message: -1001714667923 放腸就唔岩呢到主題架喇
[TG-UB] Skip duplicate onMessage: -1001714667923_4266318_in
[33m[2026-09-19T16:56:05.027] [INFO] - [Starting direct file download in chunks of 65536 at 0, stride 65536][0m
[TG-UB] NewMessage from -1001714667923 text: 你先係
[TG-UB] Incoming message: -1001714667923 你先係
[TG-UB] Incoming message: -1001714667923 你先係
[TG-UB] Skip duplicate onMessage: -1001714667923_4266319_in
[33m[2026-09-19T16:56:07.431] [INFO] - [Starting direct file download in chunks of 65536 at 0, stride 65536][0m
[TG-UB] NewMessage from -1001714667923 text: 爆晒班人出嚟🤭🤭🤭
[TG-UB] Incoming message: -1001714667923 爆晒班人出嚟🤭🤭🤭
[TG-UB] Incoming message: -1001714667923 爆晒班人出嚟🤭🤭🤭
[TG-UB] Skip duplicate onMessage: -1001714667923_4266320_in
[33m[2026-09-19T16:56:16.052] [INFO] - [Starting direct file download in chunks of 65536 at 0, stride 65536][0m
[TG-UB] NewMessage from -1001714667923 text: 唔係導彈係核彈
[TG-UB] Incoming message: -1001714667923 唔係導彈係核彈
[TG-UB] Incoming message: -1001714667923 唔係導彈係核彈
[TG-UB] Skip duplicate onMessage: -1001714667923_4266321_in
[33m[2026-09-19T16:56:27.982] [INFO] - [Starting direct file download in chunks of 65536 at 0, stride 65536][0m
[TG-UB] NewMessage from -1001714667923 text: 照顧下女group友🤣
[TG-UB] Incoming message: -1001714667923 照顧下女group友🤣
[TG-UB] Incoming message: -1001714667923 照顧下女group友🤣
[TG-UB] Skip duplicate onMessage: -1001714667923_4266322_in
[33m[2026-09-19T16:56:28.405] [INFO] - [Starting direct file download in chunks of 65536 at 0, stride 65536][0m
[TG-UB] NewMessage from -1001714667923 text: 唔關我事吧？。？
[TG-UB] Incoming message: -1001714667923 唔關我事吧？。？
[TG-UB] Incoming message: -1001714667923 唔關我事吧？。？
[TG-UB] Skip duplicate onMessage: -1001714667923_4266323_in
[33m[2026-09-19T16:56:49.580] [INFO] - [Starting direct file download in chunks of 65536 at 0, stride 65536][0m
[TG-UB] NewMessage from -1001714667923 text: 
[TG-UB] Incoming message: -1001714667923 [MessageMediaPhoto]
[TG-UB] Incoming message: -1001714667923 [MessageMediaPhoto]
[TG-UB] Skip duplicate onMessage: -1001714667923_4266324_in
[33m[2026-09-19T16:56:55.343] [INFO] - [Starting direct file download in chunks of 65536 at 0, stride 65536][0m
[TG-UB Media DEBUG] type=MessageMediaPhoto isOut=false hasRaw=true client=undef
[TG-UB Media] Downloading msgId=4266324 type=MessageMediaPhoto rawType=Message
[33m[2026-09-19T16:56:55.464] [INFO] - [Starting direct file download in chunks of 131072 at 0, stride 131072][0m
[TG-UB Media] Download result: buf=buffer:94179
[TG-UB] Media downloaded: 56eea0fd19f53461c03cfd86325422eb.jpg
[TG-UB] NewMessage from -1001714667923 text: 正
[TG-UB] Incoming message: -1001714667923 正
[TG-UB] Incoming message: -1001714667923 正
[TG-UB] Skip duplicate onMessage: -1001714667923_4266325_in
[33m[2026-09-19T16:57:02.872] [INFO] - [Starting direct file download in chunks of 65536 at 0, stride 65536][0m
[TG-UB] NewMessage from -1001714667923 text: wow靚
[TG-UB] Incoming message: -1001714667923 wow靚
[TG-UB] Incoming message: -1001714667923 wow靚
[TG-UB] Skip duplicate onMessage: -1001714667923_4266326_in
[33m[2026-09-19T16:57:10.238] [INFO] - [Starting direct file download in chunks of 65536 at 0, stride 65536][0m
[TG-UB] NewMessage from -1001714667923 text: 核爆了
[TG-UB] Incoming message: -1001714667923 核爆了
[TG-UB] Incoming message: -1001714667923 核爆了
[TG-UB] Skip duplicate onMessage: -1001714667923_4266327_in
[33m[2026-09-19T16:57:12.878] [INFO] - [Starting direct file download in chunks of 65536 at 0, stride 65536][0m
[TG-UB] NewMessage from -1001714667923 text: 約🫢
[TG-UB] Incoming message: -1001714667923 約🫢
[TG-UB] Incoming message: -1001714667923 約🫢
[TG-UB] Skip duplicate onMessage: -1001714667923_4266328_in
[TG-UB] NewMessage from -1001714667923 text: 嘩！
[TG-UB] Incoming message: -1001714667923 嘩！
[33m[2026-09-19T16:57:15.269] [INFO] - [Starting direct file download in chunks of 65536 at 0, stride 65536][0m
[33m[2026-09-19T16:57:15.475] [INFO] - [Starting direct file download in chunks of 65536 at 0, stride 65536][0m
[TG-UB] Incoming message: -1001714667923 嘩！
[TG-UB] Skip duplicate onMessage: -1001714667923_4266329_in
[TG-UB] NewMessage from -1001714667923 text: 好深長
[TG-UB] Incoming message: -1001714667923 好深長
[TG-UB] Incoming message: -1001714667923 好深長
[TG-UB] Skip duplicate onMessage: -1001714667923_4266330_in
[33m[2026-09-19T16:57:17.181] [INFO] - [Starting direct file download in chunks of 65536 at 0, stride 65536][0m
[TG-UB] NewMessage from -1001714667923 text: 而家有三大台柱
[TG-UB] Incoming message: -1001714667923 而家有三大台柱
[TG-UB] Incoming message: -1001714667923 而家有三大台柱
[TG-UB] Skip duplicate onMessage: -1001714667923_4266331_in
[33m[2026-09-19T16:57:20.960] [INFO] - [Starting direct file download in chunks of 65536 at 0, stride 65536][0m
[TG-UB] NewMessage from -1001714667923 text: 
[TG-UB] Incoming message: -1001714667923 [MessageMediaDocument]
[TG-UB] Incoming message: -1001714667923 [MessageMediaDocument]
[TG-UB] Skip duplicate onMessage: -1001714667923_4266332_in
[TG-UB] NewMessage from -1001714667923 text: 會比男谷友打
[TG-UB] Incoming message: -1001714667923 會比男谷友打
[33m[2026-09-19T16:57:23.297] [INFO] - [Starting direct file download in chunks of 65536 at 0, stride 65536][0m
[TG-UB Media DEBUG] type=MessageMediaDocument isOut=false hasRaw=true client=undef
[TG-UB Media] Downloading msgId=4266332 type=MessageMediaDocument rawType=Message
[33m[2026-09-19T16:57:23.388] [INFO] - [Starting direct file download in chunks of 131072 at 0, stride 131072][0m
[33m[2026-09-19T16:57:23.388] [INFO] - [Connecting to 149.154.175.56:443/TCPFull...][0m
[33m[2026-09-19T16:57:23.496] [INFO] - [Starting direct file download in chunks of 65536 at 0, stride 65536][0m
[TG-UB] Incoming message: -1001714667923 會比男谷友打
[TG-UB] Skip duplicate onMessage: -1001714667923_4266333_in
[33m[2026-09-19T16:57:23.613] [INFO] - [Connection to 149.154.175.56:443/TCPFull complete!][0m
[33m[2026-09-19T16:57:23.847] [INFO] - [File lives in another DC][0m
[TG-UB Media] Download result: buf=buffer:144966
[TG-UB] Media downloaded: 0600809c0fa868aa68cdea75da7a8aa9.jpg
[TG-UB] NewMessage from -1001714667923 text: 個個都正，咁搞唔掂喎
[TG-UB] Incoming message: -1001714667923 個個都正，咁搞唔掂喎
[TG-UB] Incoming message: -1001714667923 個個都正，咁搞唔掂喎
[TG-UB] Skip duplicate onMessage: -1001714667923_4266334_in
[33m[2026-09-19T16:57:26.365] [INFO] - [Starting direct file download in chunks of 65536 at 0, stride 65536][0m
[TG-UB] NewMessage from -1001714667923 text: 個嘴仔咁靚
[TG-UB] Incoming message: -1001714667923 個嘴仔咁靚
[TG-UB] Incoming message: -1001714667923 個嘴仔咁靚
[TG-UB] Skip duplicate onMessage: -1001714667923_4266335_in
[33m[2026-09-19T16:57:28.360] [INFO] - [Starting direct file download in chunks of 65536 at 0, stride 65536][0m
[TG-UB] NewMessage from -1001714667923 text: 正到呢 不得了🥰
[TG-UB] Incoming message: -1001714667923 正到呢 不得了🥰
[TG-UB] Incoming message: -1001714667923 正到呢 不得了🥰
[TG-UB] Skip duplicate onMessage: -1001714667923_4266336_in
[33m[2026-09-19T16:57:36.281] [INFO] - [Starting direct file download in chunks of 65536 at 0, stride 65536][0m
[TG-UB] NewMessage from -1001714667923 text: Woooo
索喎
[TG-UB] Incoming message: -1001714667923 Woooo
索喎
[TG-UB] Incoming message: -1001714667923 Woooo
索喎
[TG-UB] Skip duplicate onMessage: -1001714667923_4266337_in
[TG-UB] NewMessage from -1001714667923 text: J ed
[TG-UB] Incoming message: -1001714667923 J ed
[33m[2026-09-19T16:57:45.695] [INFO] - [Starting direct file download in chunks of 65536 at 0, stride 65536][0m
[33m[2026-09-19T16:57:45.906] [INFO] - [Starting direct file download in chunks of 65536 at 0, stride 65536][0m
[TG-UB] Incoming message: -1001714667923 J ed
[TG-UB] Skip duplicate onMessage: -1001714667923_4266338_in
[TG-UB] NewMessage from -1001714667923 text: 打j 打到虛脫
[TG-UB] Incoming message: -1001714667923 打j 打到虛脫
[TG-UB] Incoming message: -1001714667923 打j 打到虛脫
[TG-UB] Skip duplicate onMessage: -1001714667923_4266339_in
[33m[2026-09-19T16:57:51.355] [INFO] - [Starting direct file download in chunks of 65536 at 0, stride 65536][0m
[TG-UB] NewMessage from -1001714667923 text: Miss
[TG-UB] Incoming message: -1001714667923 Miss
[33m[2026-09-19T16:57:52.736] [INFO] - [Starting direct file download in chunks of 65536 at 0, stride 65536][0m
[TG-UB] Incoming message: -1001714667923 Miss
[TG-UB] Skip duplicate onMessage: -1001714667923_4266340_in
[35m[2026-09-19T16:57:53.614] [WARN] - [Disconnecting...][0m
[33m[2026-09-19T16:57:53.614] [INFO] - [Disconnecting from 149.154.175.56:443/TCPFull...][0m
[33m[2026-09-19T16:57:53.614] [INFO] - [connection closed][0m
[TG-UB] Poll found message from -1001714667923 text: Miss
[TG-UB] Incoming message: -1001714667923 Miss
[TG-UB] Skip duplicate onMessage: -1001714667923_4266340_in
[TG-UB] Poll found message from -1001714667923 text: 打j 打到虛脫
[TG-UB] Incoming message: -1001714667923 打j 打到虛脫
[TG-UB] Skip duplicate onMessage: -1001714667923_4266339_in
[TG-UB] Poll found message from -1001714667923 text: J ed
[TG-UB] Incoming message: -1001714667923 J ed
[TG-UB] Skip duplicate onMessage: -1001714667923_4266338_in
[TG-UB] Poll found message from -1001714667923 text: Woooo
索喎
[TG-UB] Incoming message: -1001714667923 Woooo
索喎
[TG-UB] Skip duplicate onMessage: -1001714667923_4266337_in
[TG-UB] Poll found message from -1001714667923 text: 正到呢 不得了🥰
[TG-UB] Incoming message: -1001714667923 正到呢 不得了🥰
[TG-UB] Skip duplicate onMessage: -1001714667923_4266336_in
[TG-UB] Poll found message from -1001714667923 text: 個嘴仔咁靚
[TG-UB] Incoming message: -1001714667923 個嘴仔咁靚
[TG-UB] Skip duplicate onMessage: -1001714667923_4266335_in
[TG-UB] Poll found message from -1001714667923 text: 個個都正，咁搞唔掂喎
[TG-UB] Incoming message: -1001714667923 個個都正，咁搞唔掂喎
[TG-UB] Skip duplicate onMessage: -1001714667923_4266334_in
[TG-UB] Poll found message from -1001714667923 text: 會比男谷友打
[TG-UB] Incoming message: -1001714667923 會比男谷友打
[TG-UB] Skip duplicate onMessage: -1001714667923_4266333_in
[TG-UB] Poll found message from -1001714667923 text: [media]
[TG-UB] Incoming message: -1001714667923 [media]
[TG-UB] Skip duplicate onMessage: -1001714667923_4266332_in
[TG-UB] Poll found message from -1001714667923 text: 而家有三大台柱
[TG-UB] Incoming message: -1001714667923 而家有三大台柱
[TG-UB] Skip duplicate onMessage: -1001714667923_4266331_in
[TG-UB] Poll found message from -1001714667923 text: 好深長
[TG-UB] Incoming message: -1001714667923 好深長
[TG-UB] Skip duplicate onMessage: -1001714667923_4266330_in
[TG-UB] Poll found message from -1001714667923 text: 嘩！
[TG-UB] Incoming message: -1001714667923 嘩！
[TG-UB] Skip duplicate onMessage: -1001714667923_4266329_in
[TG-UB] Poll found message from -1001714667923 text: 約🫢
[TG-UB] Incoming message: -1001714667923 約🫢
[TG-UB] Skip duplicate onMessage: -1001714667923_4266328_in
[TG-UB] Poll found message from -1001714667923 text: 核爆了
[TG-UB] Incoming message: -1001714667923 核爆了
[TG-UB] Skip duplicate onMessage: -1001714667923_4266327_in
[TG-UB] Poll found message from -1001714667923 text: wow靚
[TG-UB] Incoming message: -1001714667923 wow靚
[TG-UB] Skip duplicate onMessage: -1001714667923_4266326_in
[TG-UB] Poll found message from -1001714667923 text: 正
[TG-UB] Incoming message: -1001714667923 正
[TG-UB] Skip duplicate onMessage: -1001714667923_4266325_in
[TG-UB] Poll found message from -1001714667923 text: [media]
[TG-UB] Incoming message: -1001714667923 [media]
[TG-UB] Skip duplicate onMessage: -1001714667923_4266324_in
[TG-UB] Poll found message from -1001714667923 text: 唔關我事吧？。？
[TG-UB] Incoming message: -1001714667923 唔關我事吧？。？
[TG-UB] Skip duplicate onMessage: -1001714667923_4266323_in
[TG-UB] Poll found message from -1001714667923 text: 照顧下女group友🤣
[TG-UB] Incoming message: -1001714667923 照顧下女group友🤣
[TG-UB] Skip duplicate onMessage: -1001714667923_4266322_in
[TG-UB] Poll found message from -1001714667923 text: 唔係導彈係核彈
[TG-UB] Incoming message: -1001714667923 唔係導彈係核彈
[TG-UB] Skip duplicate onMessage: -1001714667923_4266321_in
[TG-UB] NewMessage from -1001714667923 text: 咁樣放腸可以嗎？
[TG-UB] Incoming message: -1001714667923 咁樣放腸可以嗎？
[TG-UB] Incoming message: -1001714667923 咁樣放腸可以嗎？
[TG-UB] Skip duplicate onMessage: -1001714667923_4266341_in
[33m[2026-09-19T16:58:04.955] [INFO] - [Starting direct file download in chunks of 65536 at 0, stride 65536][0m
[TG-UB Media DEBUG] type=MessageMediaPhoto isOut=false hasRaw=true client=undef
[TG-UB Media] Downloading msgId=4266341 type=MessageMediaPhoto rawType=Message
[33m[2026-09-19T16:58:05.062] [INFO] - [Starting direct file download in chunks of 131072 at 0, stride 131072][0m
[TG-UB Media] Download result: buf=buffer:46261
[TG-UB] Media downloaded: ac593a5ab820ac5dd90591631067a10c.jpg
[TG-UB] NewMessage from -1001714667923 text: 呢個我可唔可以要呀？
[TG-UB] Incoming message: -1001714667923 呢個我可唔可以要呀？
[TG-UB] Incoming message: -1001714667923 呢個我可唔可以要呀？
[TG-UB] Skip duplicate onMessage: -1001714667923_4266342_in
[33m[2026-09-19T16:58:08.240] [INFO] - [Starting direct file download in chunks of 65536 at 0, stride 65536][0m
[TG-UB] NewMessage from -1001714667923 text: 個個都係核彈級
[TG-UB] Incoming message: -1001714667923 個個都係核彈級
[TG-UB] Incoming message: -1001714667923 個個都係核彈級
[TG-UB] Skip duplicate onMessage: -1001714667923_4266343_in
[33m[2026-09-19T16:58:15.090] [INFO] - [Starting direct file download in chunks of 65536 at 0, stride 65536][0m
[TG-UB] NewMessage from -1001714667923 text: 嘩
[TG-UB] Incoming message: -1001714667923 嘩
[TG-UB] Incoming message: -1001714667923 嘩
[TG-UB] Skip duplicate onMessage: -1001714667923_4266344_in
[33m[2026-09-19T16:58:16.525] [INFO] - [Starting direct file download in chunks of 65536 at 0, stride 65536][0m
[TG-UB] NewMessage from -1001714667923 text: 正
[TG-UB] Incoming message: -1001714667923 正
[TG-UB] Incoming message: -1001714667923 正
[TG-UB] Skip duplicate onMessage: -1001714667923_4266345_in
[33m[2026-09-19T16:58:20.789] [INFO] - [Starting direct file download in chunks of 65536 at 0, stride 65536][0m
[TG-UB] NewMessage from -1001714667923 text: 想睇片
[TG-UB] Incoming message: -1001714667923 想睇片
[TG-UB] Incoming message: -1001714667923 想睇片
[TG-UB] Skip duplicate onMessage: -1001714667923_4266346_in
[33m[2026-09-19T16:58:21.247] [INFO] - [Starting direct file download in chunks of 65536 at 0, stride 65536][0m
[TG-UB] NewMessage from -1001714667923 text: 2分鐘放煙花🤭🤭🤭
[TG-UB] Incoming message: -1001714667923 2分鐘放煙花🤭🤭🤭
[TG-UB] Incoming message: -1001714667923 2分鐘放煙花🤭🤭🤭
[TG-UB] Skip duplicate onMessage: -1001714667923_4266347_in
[33m[2026-09-19T16:58:27.374] [INFO] - [Starting direct file download in chunks of 65536 at 0, stride 65536][0m
[TG-UB] NewMessage from -1001714667923 text: 淫嘴
[TG-UB] Incoming message: -1001714667923 淫嘴
[TG-UB] Incoming message: -1001714667923 淫嘴
[TG-UB] Skip duplicate onMessage: -1001714667923_4266348_in
[33m[2026-09-19T16:58:29.938] [INFO] - [Starting direct file download in chunks of 65536 at 0, stride 65536][0m
[TG-UB] NewMessage from -1001714667923 text: 片有樣，不了
[TG-UB] Incoming message: -1001714667923 片有樣，不了
[TG-UB] Incoming message: -1001714667923 片有樣，不了
[TG-UB] Skip duplicate onMessage: -1001714667923_4266349_in
[33m[2026-09-19T16:58:48.832] [INFO] - [Starting direct file download in chunks of 65536 at 0, stride 65536][0m
[TG-UB] NewMessage from -1001714667923 text: 放多幾張,再問問🙈🙈🙈
[TG-UB] Incoming message: -1001714667923 放多幾張,再問問🙈🙈🙈
[TG-UB] Incoming message: -1001714667923 放多幾張,再問問🙈🙈🙈
[TG-UB] Skip duplicate onMessage: -1001714667923_4266350_in
[33m[2026-09-19T16:58:59.500] [INFO] - [Starting direct file download in chunks of 65536 at 0, stride 65536][0m
[TG-UB] NewMessage from -1001714667923 text: 咁下次我幫你影
影唔到樣既
[TG-UB] Incoming message: -1001714667923 咁下次我幫你影
影唔到樣既
[TG-UB] Incoming message: -1001714667923 咁下次我幫你影
影唔到樣既
[TG-UB] Skip duplicate onMessage: -1001714667923_4266351_in
[33m[2026-09-19T16:59:12.160] [INFO] - [Starting direct file download in chunks of 65536 at 0, stride 65536][0m
[TG-UB] NewMessage from -1001714667923 text: 問乜？
[TG-UB] Incoming message: -1001714667923 問乜？
[TG-UB] Incoming message: -1001714667923 問乜？
[TG-UB] Skip duplicate onMessage: -1001714667923_4266352_in
[33m[2026-09-19T16:59:22.915] [INFO] - [Starting direct file download in chunks of 65536 at 0, stride 65536][0m
[TG-UB] NewMessage from -1001714667923 text: 做乜要畀你影？🤣
[TG-UB] Incoming message: -1001714667923 做乜要畀你影？🤣
[TG-UB] Incoming message: -1001714667923 做乜要畀你影？🤣
[TG-UB] Skip duplicate onMessage: -1001714667923_4266353_in
[33m[2026-09-19T16:59:43.839] [INFO] - [Starting direct file download in chunks of 65536 at 0, stride 65536][0m
[TG-UB] Poll found message from -1001714667923 text: 做乜要畀你影？🤣
[TG-UB] Incoming message: -1001714667923 做乜要畀你影？🤣
[TG-UB] Skip duplicate onMessage: -1001714667923_4266353_in
[TG-UB] Poll found message from -1001714667923 text: 問乜？
[TG-UB] Incoming message: -1001714667923 問乜？
[TG-UB] Skip duplicate onMessage: -1001714667923_4266352_in
[TG-UB] Poll found message from -1001714667923 text: 咁下次我幫你影
影唔到樣既
[TG-UB] Incoming message: -1001714667923 咁下次我幫你影
影唔到樣既
[TG-UB] Skip duplicate onMessage: -1001714667923_4266351_in
[TG-UB] Poll found message from -1001714667923 text: 放多幾張,再問問🙈🙈🙈
[TG-UB] Incoming message: -1001714667923 放多幾張,再問問🙈🙈🙈
[TG-UB] Skip duplicate onMessage: -1001714667923_4266350_in
[TG-UB] Poll found message from -1001714667923 text: 片有樣，不了
[TG-UB] Incoming message: -1001714667923 片有樣，不了
[TG-UB] Skip duplicate onMessage: -1001714667923_4266349_in
[TG-UB] Poll found message from -1001714667923 text: 淫嘴
[TG-UB] Incoming message: -1001714667923 淫嘴
[TG-UB] Skip duplicate onMessage: -1001714667923_4266348_in
[TG-UB] Poll found message from -1001714667923 text: 2分鐘放煙花🤭🤭🤭
[TG-UB] Incoming message: -1001714667923 2分鐘放煙花🤭🤭🤭
[TG-UB] Skip duplicate onMessage: -1001714667923_4266347_in
[TG-UB] Poll found message from -1001714667923 text: 想睇片
[TG-UB] Incoming message: -1001714667923 想睇片
[TG-UB] Skip duplicate onMessage: -1001714667923_4266346_in
[TG-UB] Poll found message from -1001714667923 text: 正
[TG-UB] Incoming message: -1001714667923 正
[TG-UB] Skip duplicate onMessage: -1001714667923_4266345_in
[TG-UB] Poll found message from -1001714667923 text: 嘩
[TG-UB] Incoming message: -1001714667923 嘩
[TG-UB] Skip duplicate onMessage: -1001714667923_4266344_in
[TG-UB] Poll found message from -1001714667923 text: 個個都係核彈級
[TG-UB] Incoming message: -1001714667923 個個都係核彈級
[TG-UB] Skip duplicate onMessage: -1001714667923_4266343_in
[TG-UB] Poll found message from -1001714667923 text: 呢個我可唔可以要呀？
[TG-UB] Incoming message: -1001714667923 呢個我可唔可以要呀？
[TG-UB] Skip duplicate onMessage: -1001714667923_4266342_in
[TG-UB] NewMessage from -1001714667923 text: 問下group啲女fans💪
[TG-UB] Incoming message: -1001714667923 問下group啲女fans💪
[TG-UB] Incoming message: -1001714667923 問下group啲女fans💪
[TG-UB] Skip duplicate onMessage: -1001714667923_4266354_in
[33m[2026-09-19T17:00:00.047] [INFO] - [Starting direct file download in chunks of 65536 at 0, stride 65536][0m
[TG-UB] NewMessage from -1001714667923 text: 試下唔同野嘛
[TG-UB] Incoming message: -1001714667923 試下唔同野嘛
[TG-UB] Incoming message: -1001714667923 試下唔同野嘛
[TG-UB] Skip duplicate onMessage: -1001714667923_4266355_in
[33m[2026-09-19T17:00:09.979] [INFO] - [Starting direct file download in chunks of 65536 at 0, stride 65536][0m
[TG-UB] NewMessage from -1001714667923 text: 🌒 開始夜間模式

❌ 從現在開始直到 8 時，所有成員均無法發送文字訊息到群組中。
[TG-UB] Incoming message: -1001714667923 🌒 開始夜間模式

❌ 從現在開始直到 8 時，所有成員均無法發送文字訊息到群組中。
[TG-UB] Incoming message: -1001714667923 🌒 開始夜間模式

❌ 從現在開始直到 8 時，所有成員均無法發送文字訊息到群組中。
[TG-UB] Skip duplicate onMessage: -1001714667923_4266356_in
[33m[2026-09-19T17:00:19.185] [INFO] - [Starting direct file download in chunks of 65536 at 0, stride 65536][0m
[TG-UB] NewMessage from -1001714667923 text: 完
[TG-UB] Incoming message: -1001714667923 完
[TG-UB] Incoming message: -1001714667923 完
[TG-UB] Skip duplicate onMessage: -1001714667923_4266357_in
[33m[2026-09-19T17:00:44.949] [INFO] - [Starting direct file download in chunks of 65536 at 0, stride 65536][0m
[TG-UB Media DEBUG] type=MessageMediaPhoto isOut=false hasRaw=true client=undef
[TG-UB Media] Downloading msgId=4266357 type=MessageMediaPhoto rawType=Message
[33m[2026-09-19T17:00:45.042] [INFO] - [Starting direct file download in chunks of 131072 at 0, stride 131072][0m
[TG-UB Media] Download result: buf=buffer:212472
[TG-UB] Media downloaded: dd83ef53f7e1e7bada1308375c0ebd94.jpg
[35m[2026-09-19T17:01:15.217] [WARN] - [Disconnecting...][0m
[33m[2026-09-19T17:01:15.217] [INFO] - [Disconnecting from 91.108.56.183:443/TCPFull...][0m
[33m[2026-09-19T17:01:15.218] [INFO] - [connection closed][0m
[TG-UB] Poll found message from -1001714667923 text: 🌒 開始夜間模式

❌ 從現在開始直到 8 時，所有成員均無法發送文字訊息到群組中。
[TG-UB] Incoming message: -1001714667923 🌒 開始夜間模式

❌ 從現在開始直到 8 時，所有成員均無法發送文字訊息到群組中。
[TG-UB] Skip duplicate onMessage: -1001714667923_4266356_in
[TG-UB] Poll found message from -1001714667923 text: 問下group啲女fans💪
[TG-UB] Incoming message: -1001714667923 問下group啲女fans💪
[TG-UB] Skip duplicate onMessage: -1001714667923_4266354_in
[TG-UB] NewMessage from -1003821755044 text: Pm🙏
[TG-UB] Incoming message: -1003821755044 Pm🙏
[TG-UB] Incoming message: -1003821755044 Pm🙏
[TG-UB] Skip duplicate onMessage: -1003821755044_20229_in
[33m[2026-09-19T17:18:46.707] [INFO] - [Starting direct file download in chunks of 65536 at 0, stride 65536][0m
[33m[2026-09-19T17:18:46.708] [INFO] - [Connecting to 149.154.175.56:443/TCPFull...][0m
[33m[2026-09-19T17:18:46.917] [INFO] - [Connection to 149.154.175.56:443/TCPFull complete!][0m
[AI Client] DeepSeek V4 Pro reasoning-only empty content (finish=length), retry with max_tokens=4096
[TG-UB Translate] en->zh: "Pm🙏" => "私信🙏"
[TG-UB] Emitting translation events, io.connected: 1
[35m[2026-09-19T17:19:16.919] [WARN] - [Disconnecting...][0m
[33m[2026-09-19T17:19:16.919] [INFO] - [Disconnecting from 149.154.175.56:443/TCPFull...][0m
[33m[2026-09-19T17:19:16.919] [INFO] - [connection closed][0m
[TG-UB] Poll found message from -1003821755044 text: Pm🙏
[TG-UB] Incoming message: -1003821755044 Pm🙏
[TG-UB] Skip duplicate onMessage: -1003821755044_20229_in
[Automation Scheduler] Running check at 2026-09-19T17:25:50.072Z
[TG-UB] NewMessage from -1003821755044 text: Hot 🔥🔥🔥
[TG-UB] Incoming message: -1003821755044 Hot 🔥🔥🔥
[TG-UB] Incoming message: -1003821755044 Hot 🔥🔥🔥
[TG-UB] Skip duplicate onMessage: -1003821755044_20230_in
[33m[2026-09-19T17:29:18.045] [INFO] - [Starting direct file download in chunks of 65536 at 0, stride 65536][0m
[33m[2026-09-19T17:29:18.045] [INFO] - [Connecting to 149.154.175.56:443/TCPFull...][0m
[33m[2026-09-19T17:29:18.246] [INFO] - [Connection to 149.154.175.56:443/TCPFull complete!][0m
[AI Client] DeepSeek V4 Pro reasoning-only empty content (finish=length), retry with max_tokens=4096
[TG-UB Translate] en->zh: "Hot 🔥🔥🔥" => "热🔥🔥🔥"
[TG-UB] Emitting translation events, io.connected: 1
[35m[2026-09-19T17:29:48.247] [WARN] - [Disconnecting...][0m
[33m[2026-09-19T17:29:48.247] [INFO] - [Disconnecting from 149.154.175.56:443/TCPFull...][0m
[33m[2026-09-19T17:29:48.247] [INFO] - [connection closed][0m
[TG-UB] Poll found message from -1003821755044 text: Hot 🔥🔥🔥
[TG-UB] Incoming message: -1003821755044 Hot 🔥🔥🔥
[TG-UB] Skip duplicate onMessage: -1003821755044_20230_in
[Automation Scheduler] Running check at 2026-09-19T17:55:50.071Z
[TG-UB] NewMessage from -1003821755044 text: PM 🙏🏽
[TG-UB] Incoming message: -1003821755044 PM 🙏🏽
[TG-UB] Incoming message: -1003821755044 PM 🙏🏽
[TG-UB] Skip duplicate onMessage: -1003821755044_20231_in
[33m[2026-09-19T17:57:26.029] [INFO] - [Starting direct file download in chunks of 65536 at 0, stride 65536][0m
[33m[2026-09-19T17:57:26.030] [INFO] - [Connecting to 149.154.175.56:443/TCPFull...][0m
[33m[2026-09-19T17:57:26.217] [INFO] - [Connection to 149.154.175.56:443/TCPFull complete!][0m
[AI Client] DeepSeek V4 Pro reasoning-only empty content (finish=length), retry with max_tokens=4096
[AI Client] DeepSeek V4 Pro reasoning-only empty content (finish=length), retry with max_tokens=4096
[TG-UB Translate] en->zh: "PM 🙏🏽" => "私信 🙏🏽"
[TG-UB] Emitting translation events, io.connected: 1
[TG-UB] Poll found message from -1003821755044 text: PM 🙏🏽
[TG-UB] Incoming message: -1003821755044 PM 🙏🏽
[TG-UB] Skip duplicate onMessage: -1003821755044_20231_in
[35m[2026-09-19T17:57:56.218] [WARN] - [Disconnecting...][0m
[33m[2026-09-19T17:57:56.218] [INFO] - [Disconnecting from 149.154.175.56:443/TCPFull...][0m
[33m[2026-09-19T17:57:56.218] [INFO] - [connection closed][0m
[Automation Scheduler] Running check at 2026-09-19T18:25:50.072Z
[TG-UB] NewMessage from -1003821755044 text: Pm please
[TG-UB] Incoming message: -1003821755044 Pm please
[TG-UB] Incoming message: -1003821755044 Pm please
[TG-UB] Skip duplicate onMessage: -1003821755044_20232_in
[33m[2026-09-19T18:29:42.525] [INFO] - [Starting direct file download in chunks of 65536 at 0, stride 65536][0m
[33m[2026-09-19T18:29:42.525] [INFO] - [Connecting to 149.154.175.56:443/TCPFull...][0m
[33m[2026-09-19T18:29:42.750] [INFO] - [Connection to 149.154.175.56:443/TCPFull complete!][0m
[TG-UB Translate] en->zh: "Pm please" => "请私信"
[TG-UB] Emitting translation events, io.connected: 1
[TG-UB] Poll found message from -1003821755044 text: Pm please
[TG-UB] Incoming message: -1003821755044 Pm please
[TG-UB] Skip duplicate onMessage: -1003821755044_20232_in
[35m[2026-09-19T18:30:12.751] [WARN] - [Disconnecting...][0m
[33m[2026-09-19T18:30:12.751] [INFO] - [Disconnecting from 149.154.175.56:443/TCPFull...][0m
[33m[2026-09-19T18:30:12.752] [INFO] - [connection closed][0m
[Automation Scheduler] Running check at 2026-09-19T18:55:50.071Z
[Automation Scheduler] Running check at 2026-09-19T19:25:50.073Z
[Automation Scheduler] Running check at 2026-09-19T19:55:50.074Z
[Socket] User 1 connected (socket: ge_JfSanWSCXE4zqAABe)
[WA Sync] wa_whatsapp1_mtc3zz7c synced 8 contacts
[Socket] User 1 disconnected (socket: ge_JfSanWSCXE4zqAABe, reason: transport close)
[Socket] User 1 connected (socket: BLvgdaWSNTVHJJ8BAABg)
[Socket] User 1 disconnected (socket: BLvgdaWSNTVHJJ8BAABg, reason: transport close)
[Socket] User 1 connected (socket: UB7DwuJ1NFI72neyAABi)
[Socket] User 1 disconnected (socket: UB7DwuJ1NFI72neyAABi, reason: transport close)
[Socket] User 1 connected (socket: A7gw0VuVN-d6kNN7AABk)
[WA Sync] wa_whatsapp1_mtc3zz7c synced 8 contacts
[Socket] User 1 disconnected (socket: A7gw0VuVN-d6kNN7AABk, reason: transport close)
[Socket] User 1 connected (socket: 6vcFKcMuc1J4IOFeAABm)
[Socket] User 1 disconnected (socket: 6vcFKcMuc1J4IOFeAABm, reason: transport close)
[Socket] User 1 connected (socket: _E_bpYIST4XEB0yBAABo)
[WA Sync] wa_whatsapp1_mtc3zz7c synced 8 contacts
[Socket] User 1 disconnected (socket: _E_bpYIST4XEB0yBAABo, reason: transport close)
[WA Sync] wa_whatsapp1_mtc3zz7c synced 8 contacts
[Socket] User 1 connected (socket: n_1SFy-_A4YspWsjAABq)
[Socket] User 1 disconnected (socket: n_1SFy-_A4YspWsjAABq, reason: transport close)
[Socket] User 1 connected (socket: r11TQWzHxX5De6VGAABs)
[Socket] User 1 disconnected (socket: r11TQWzHxX5De6VGAABs, reason: transport close)
[Socket] User 1 connected (socket: TSyRAloYprWvpP6lAABu)
[Socket] User 1 disconnected (socket: TSyRAloYprWvpP6lAABu, reason: transport close)
[Socket] User 1 connected (socket: QRZoU6xgJRNMEhqaAABw)
[WA Sync] wa_whatsapp1_mtc3zz7c synced 8 contacts
[Socket] User 1 disconnected (socket: QRZoU6xgJRNMEhqaAABw, reason: transport close)
[Socket] User 1 connected (socket: apbtcJsFBM0RdcqrAABy)
[Socket] User 1 disconnected (socket: apbtcJsFBM0RdcqrAABy, reason: transport close)
[Socket] User 1 connected (socket: _lu0t_23UjpybGEUAAB0)
[WA Sync] wa_whatsapp1_mtc3zz7c synced 8 contacts
[Socket] User 1 disconnected (socket: _lu0t_23UjpybGEUAAB0, reason: transport close)
[Socket] User 1 connected (socket: sPAZm9xSLghfSfzyAAB2)
[Socket] User 1 disconnected (socket: sPAZm9xSLghfSfzyAAB2, reason: transport close)
[Socket] User 1 connected (socket: _2DJqsoUTzz6Fg_SAAB4)
[WA Sync] wa_whatsapp1_mtc3zz7c synced 8 contacts
[Socket] User 1 disconnected (socket: _2DJqsoUTzz6Fg_SAAB4, reason: transport close)
[Socket] User 1 connected (socket: 67fAVL6jVt0r-DKAAAB6)
[Socket] User 1 disconnected (socket: 67fAVL6jVt0r-DKAAAB6, reason: transport close)
[Socket] User 1 connected (socket: 50M7pqoCkPAqslGqAAB8)
[Socket] User 1 disconnected (socket: 50M7pqoCkPAqslGqAAB8, reason: transport close)
[Socket] User 1 connected (socket: -c_w3yq_O6A5EzIEAAB-)
[Socket] User 1 disconnected (socket: -c_w3yq_O6A5EzIEAAB-, reason: transport close)
[Socket] User 1 connected (socket: KJmBolJocjBaS7XTAACA)
[WA Sync] wa_whatsapp1_mtc3zz7c synced 8 contacts
[Socket] User 1 disconnected (socket: KJmBolJocjBaS7XTAACA, reason: transport close)
[Socket] User 1 connected (socket: RU3oSxivKKRte3g2AACC)
[Socket] User 1 disconnected (socket: RU3oSxivKKRte3g2AACC, reason: transport close)
[Socket] User 1 connected (socket: M4L2fF1xdhv-VV5BAACE)
[Socket] User 1 disconnected (socket: M4L2fF1xdhv-VV5BAACE, reason: transport close)
[Socket] User 1 connected (socket: K4Hr7mJ8c5Sizhz8AACG)
[Socket] User 1 disconnected (socket: K4Hr7mJ8c5Sizhz8AACG, reason: transport close)
[Socket] User 1 connected (socket: pysBePqUvUssj1tBAACI)
[WA Sync] wa_whatsapp1_mtc3zz7c synced 8 contacts
[Socket] User 1 disconnected (socket: pysBePqUvUssj1tBAACI, reason: transport close)
[Socket] User 1 connected (socket: aPqxY3ocAXX6s6gjAACK)
[Socket] User 1 disconnected (socket: aPqxY3ocAXX6s6gjAACK, reason: transport close)
[Socket] User 1 connected (socket: RsdUaQ1DNhWV6zpCAACM)
[Socket] User 1 disconnected (socket: RsdUaQ1DNhWV6zpCAACM, reason: transport close)
[Socket] User 1 connected (socket: -Bt046qofmtN2BKIAACO)
[WA Sync] wa_whatsapp1_mtc3zz7c synced 8 contacts
[Socket] User 1 disconnected (socket: -Bt046qofmtN2BKIAACO, reason: transport close)
[Socket] User 1 connected (socket: aUlpuhbT633dJJ4SAACQ)
[Socket] User 1 disconnected (socket: aUlpuhbT633dJJ4SAACQ, reason: transport close)
[Socket] User 1 connected (socket: CMR5gFlxDsFXs1Y0AACS)
[Socket] User 1 connected (socket: PoyPE4IwMEMEyGZgAACU)
[Socket] User 1 disconnected (socket: CMR5gFlxDsFXs1Y0AACS, reason: transport close)
[Socket] User 1 disconnected (socket: PoyPE4IwMEMEyGZgAACU, reason: transport close)
[Socket] User 1 connected (socket: riMOUq7m09TD8PqWAACW)
[Socket] User 1 connected (socket: xvf2CpH1IonWn6-fAACY)
[Socket] User 1 disconnected (socket: riMOUq7m09TD8PqWAACW, reason: transport close)
[Socket] User 1 disconnected (socket: xvf2CpH1IonWn6-fAACY, reason: transport close)
[Socket] User 1 connected (socket: y5fn7TG4LkRhnvv-AACa)
[Socket] User 1 connected (socket: _MX6Azclw0Zj-Io2AACc)
[AI Analyze req] {"jid":"971522222222@s.whatsapp.net","directMsgs":0,"t":"2026-09-19T20:16:45.573Z"}
[WA Sync] wa_whatsapp1_mtc3zz7c synced 8 contacts
[Socket] User 1 disconnected (socket: y5fn7TG4LkRhnvv-AACa, reason: transport close)
[Socket] User 1 disconnected (socket: _MX6Azclw0Zj-Io2AACc, reason: transport close)
[Socket] User 1 connected (socket: 1MTJpdyRA9Jl_pz6AACe)
[Socket] User 1 connected (socket: k83yZwxdD5zee6EUAACg)
[AI Analyze req] {"jid":"971522222222@s.whatsapp.net","directMsgs":0,"t":"2026-09-19T20:17:16.924Z"}
[Socket] User 1 disconnected (socket: k83yZwxdD5zee6EUAACg, reason: transport close)
[Socket] User 1 disconnected (socket: 1MTJpdyRA9Jl_pz6AACe, reason: transport close)
[Socket] User 1 connected (socket: n4H0wmT-DA1XlFEKAACi)
[Socket] User 1 connected (socket: 8IYZvk6xTInIzyWSAACk)
[TG-UB] NewMessage from -1003821755044 text: Pm
[TG-UB] Incoming message: -1003821755044 Pm
[TG-UB] Incoming message: -1003821755044 Pm
[TG-UB] Skip duplicate onMessage: -1003821755044_20233_in
[33m[2026-09-19T20:17:41.586] [INFO] - [Starting direct file download in chunks of 65536 at 0, stride 65536][0m
[33m[2026-09-19T20:17:41.586] [INFO] - [Connecting to 149.154.175.56:443/TCPFull...][0m
[33m[2026-09-19T20:17:41.780] [INFO] - [Connection to 149.154.175.56:443/TCPFull complete!][0m
[AI Client] DeepSeek V4 Pro reasoning-only empty content (finish=length), retry with max_tokens=4096
[WA Sync] wa_whatsapp1_mtc3zz7c synced 8 contacts
[AI Analyze req] {"jid":"971522222222@s.whatsapp.net","directMsgs":0,"t":"2026-09-19T20:17:47.636Z"}
[TG-UB Translate] en->zh: "Pm" => "下午"
[TG-UB] Emitting translation events, io.connected: 3
[Socket] User 1 disconnected (socket: n4H0wmT-DA1XlFEKAACi, reason: transport close)
[Socket] User 1 disconnected (socket: 8IYZvk6xTInIzyWSAACk, reason: transport close)
[TG-UB] Poll found message from -1003821755044 text: Pm
[TG-UB] Incoming message: -1003821755044 Pm
[TG-UB] Skip duplicate onMessage: -1003821755044_20233_in
[35m[2026-09-19T20:18:11.782] [WARN] - [Disconnecting...][0m
[33m[2026-09-19T20:18:11.782] [INFO] - [Disconnecting from 149.154.175.56:443/TCPFull...][0m
[33m[2026-09-19T20:18:11.782] [INFO] - [connection closed][0m
[Socket] User 1 connected (socket: L0AOyDsY-Wrd-9vpAACm)
[Socket] User 1 connected (socket: KXvdkqUUKSjaPa98AACo)
[AI Analyze req] {"jid":"971522222222@s.whatsapp.net","directMsgs":0,"t":"2026-09-19T20:18:20.381Z"}
[Socket] User 1 disconnected (socket: KXvdkqUUKSjaPa98AACo, reason: transport close)
[Socket] User 1 disconnected (socket: L0AOyDsY-Wrd-9vpAACm, reason: transport close)
[Socket] User 1 connected (socket: mQU7fiRqmvc7DeysAACq)
[Socket] User 1 connected (socket: RZRJPa08LzHYldXTAACs)
[WA Sync] wa_whatsapp1_mtc3zz7c synced 8 contacts
[AI Analyze req] {"jid":"971522222222@s.whatsapp.net","directMsgs":0,"t":"2026-09-19T20:18:53.452Z"}
[Socket] User 1 disconnected (socket: RZRJPa08LzHYldXTAACs, reason: transport close)
[Socket] User 1 disconnected (socket: mQU7fiRqmvc7DeysAACq, reason: transport close)
[Socket] User 1 connected (socket: HsvAhnObkP_jUMF4AACu)
[Socket] User 1 connected (socket: aaHGawbfqr12ZmmpAACw)
[AI Analyze req] {"jid":"971522222222@s.whatsapp.net","directMsgs":0,"t":"2026-09-19T20:19:26.591Z"}
[Socket] User 1 disconnected (socket: HsvAhnObkP_jUMF4AACu, reason: transport close)
[Socket] User 1 disconnected (socket: aaHGawbfqr12ZmmpAACw, reason: transport close)
[Socket] User 1 connected (socket: RiXD5H0zGNcZsn9eAACy)
[Socket] User 1 connected (socket: WBJqtbFhbUA72Pu3AAC0)
[WA Sync] wa_whatsapp1_mtc3zz7c synced 8 contacts
[AI Analyze req] {"jid":"971522222222@s.whatsapp.net","directMsgs":0,"t":"2026-09-19T20:19:55.987Z"}
[Socket] User 1 disconnected (socket: RiXD5H0zGNcZsn9eAACy, reason: transport close)
[Socket] User 1 disconnected (socket: WBJqtbFhbUA72Pu3AAC0, reason: transport close)
[Socket] User 1 connected (socket: O6Djzg_BO-jgn49fAAC2)
[Socket] User 1 connected (socket: 197LphQrGuIIBIZ-AAC4)
[AI Analyze req] {"jid":"971522222222@s.whatsapp.net","directMsgs":0,"t":"2026-09-19T20:20:25.848Z"}
[Socket] User 1 disconnected (socket: O6Djzg_BO-jgn49fAAC2, reason: transport close)
[Socket] User 1 disconnected (socket: 197LphQrGuIIBIZ-AAC4, reason: transport close)
[Socket] User 1 connected (socket: jeZ7L9JOpSJ4uFTPAAC6)
[Socket] User 1 connected (socket: a_7D3VqUFVYc4G7gAAC8)
[AI Analyze req] {"jid":"971522222222@s.whatsapp.net","directMsgs":0,"t":"2026-09-19T20:20:49.837Z"}
[WA Sync] wa_whatsapp1_mtc3zz7c synced 8 contacts
[Socket] User 1 disconnected (socket: jeZ7L9JOpSJ4uFTPAAC6, reason: transport close)
[Socket] User 1 disconnected (socket: a_7D3VqUFVYc4G7gAAC8, reason: transport close)
[Socket] User 1 connected (socket: VbG-6D4EiUjdHDyUAAC-)
[Socket] User 1 connected (socket: pesssHA5qTQAqdDDAADA)
[AI Analyze req] {"jid":"971522222222@s.whatsapp.net","directMsgs":0,"t":"2026-09-19T20:21:19.485Z"}
[bg-check] starting search for 971522222222@s.whatsapp.net
[Socket] User 1 disconnected (socket: pesssHA5qTQAqdDDAADA, reason: transport close)
[Socket] User 1 disconnected (socket: VbG-6D4EiUjdHDyUAAC-, reason: transport close)
[AI Client] DeepSeek V4 Pro reasoning-only empty content (finish=length), retry with max_tokens=4096
[Automation Scheduler] Running check at 2026-09-19T20:25:50.076Z
[TG-UB] NewMessage from -1003821755044 text: Pm plz
[TG-UB] Incoming message: -1003821755044 Pm plz
[TG-UB] Incoming message: -1003821755044 Pm plz
[TG-UB] Skip duplicate onMessage: -1003821755044_20234_in
[33m[2026-09-19T20:31:05.894] [INFO] - [Starting direct file download in chunks of 65536 at 0, stride 65536][0m
[33m[2026-09-19T20:31:05.894] [INFO] - [Connecting to 149.154.175.56:443/TCPFull...][0m
[33m[2026-09-19T20:31:06.092] [INFO] - [Connection to 149.154.175.56:443/TCPFull complete!][0m
[TG-UB Translate] en->zh: "Pm plz" => "请私信"
[TG-UB] Emitting translation events, io.connected: 1
[35m[2026-09-19T20:31:36.093] [WARN] - [Disconnecting...][0m
[33m[2026-09-19T20:31:36.093] [INFO] - [Disconnecting from 149.154.175.56:443/TCPFull...][0m
[33m[2026-09-19T20:31:36.093] [INFO] - [connection closed][0m
[TG-UB] Poll found message from -1003821755044 text: Pm plz
[TG-UB] Incoming message: -1003821755044 Pm plz
[TG-UB] Skip duplicate onMessage: -1003821755044_20234_in
[Automation Scheduler] Running check at 2026-09-19T20:55:50.077Z
[TG-UB] Poll found OUTGOING message to 6451398844 text: 你好
[TG-UB] Incoming message: 6451398844 你好
[33m[2026-09-19T21:01:54.363] [INFO] - [Starting direct file download in chunks of 65536 at 0, stride 65536][0m
[33m[2026-09-19T21:01:54.363] [INFO] - [Connecting to 91.108.56.183:443/TCPFull...][0m
[33m[2026-09-19T21:01:54.429] [INFO] - [Connection to 91.108.56.183:443/TCPFull complete!][0m
[TG-UB] NewMessage from 6451398844 text: 
[TG-UB] Incoming message: 6451398844 [MessageMediaDocument]
[TG-UB] Incoming message: 6451398844 [MessageMediaDocument]
[TG-UB] Skip duplicate onMessage: 6451398844_1082_in
[33m[2026-09-19T21:02:07.850] [INFO] - [Starting direct file download in chunks of 65536 at 0, stride 65536][0m
[TG-UB Media DEBUG] type=MessageMediaDocument isOut=false hasRaw=true client=undef
[TG-UB Media] Downloading msgId=1082 type=MessageMediaDocument rawType=Message
[33m[2026-09-19T21:02:07.950] [INFO] - [Starting direct file download in chunks of 131072 at 0, stride 131072][0m
[33m[2026-09-19T21:02:07.950] [INFO] - [Connecting to 149.154.175.56:443/TCPFull...][0m
[33m[2026-09-19T21:02:08.138] [INFO] - [Connection to 149.154.175.56:443/TCPFull complete!][0m
[33m[2026-09-19T21:02:08.333] [INFO] - [File lives in another DC][0m
[TG-UB Media] Download result: buf=buffer:41248
[TG-UB] Media downloaded: 469a6f7b3fc72cddff2c69ab166b49c9.jpg
[TG-UB] NewMessage from 6451398844 text: 
[TG-UB] Incoming message: 6451398844 [MessageMediaDocument]
[TG-UB] Incoming message: 6451398844 [MessageMediaDocument]
[TG-UB] Skip duplicate onMessage: 6451398844_1083_in
[33m[2026-09-19T21:02:28.366] [INFO] - [Starting direct file download in chunks of 65536 at 0, stride 65536][0m
[TG-UB Media DEBUG] type=MessageMediaDocument isOut=false hasRaw=true client=undef
[TG-UB Media] Downloading msgId=1083 type=MessageMediaDocument rawType=Message
[33m[2026-09-19T21:02:28.450] [INFO] - [Starting direct file download in chunks of 131072 at 0, stride 131072][0m
[33m[2026-09-19T21:02:28.648] [INFO] - [File lives in another DC][0m
[TG-UB Media] Download result: buf=buffer:160925
[TG-UB] Media downloaded: ed2af7ff266f556fcc73d71b09135abc.jpg
[TG-UB] NewMessage from 6451398844 text: 我叫可可
[TG-UB] Incoming message: 6451398844 我叫可可
[TG-UB] UpdateShortMessage from 6451398844 text: 我叫可可
[TG-UB] Incoming message: 6451398844 我叫可可
[TG-UB] Skip duplicate onMessage: 6451398844_1085_in
[33m[2026-09-19T21:02:53.695] [INFO] - [Starting direct file download in chunks of 65536 at 0, stride 65536][0m
[TG-UB] NewMessage from 6451398844 text: 怎么称呼你呢
[TG-UB] Incoming message: 6451398844 怎么称呼你呢
[TG-UB] UpdateShortMessage from 6451398844 text: 怎么称呼你呢
[TG-UB] Incoming message: 6451398844 怎么称呼你呢
[TG-UB] Skip duplicate onMessage: 6451398844_1086_in
[33m[2026-09-19T21:02:56.186] [INFO] - [Starting direct file download in chunks of 65536 at 0, stride 65536][0m
[35m[2026-09-19T21:02:58.451] [WARN] - [Disconnecting...][0m
[33m[2026-09-19T21:02:58.451] [INFO] - [Disconnecting from 149.154.175.56:443/TCPFull...][0m
[33m[2026-09-19T21:02:58.451] [INFO] - [connection closed][0m
[35m[2026-09-19T21:03:26.187] [WARN] - [Disconnecting...][0m
[33m[2026-09-19T21:03:26.188] [INFO] - [Disconnecting from 91.108.56.183:443/TCPFull...][0m
[33m[2026-09-19T21:03:26.188] [INFO] - [connection closed][0m
[TG-UB] Poll found OUTGOING message to 6451398844 text: 唐三
[TG-UB] Incoming message: 6451398844 唐三
[TG-UB] Poll found message from 6451398844 text: 怎么称呼你呢
[TG-UB] Incoming message: 6451398844 怎么称呼你呢
[TG-UB] Skip duplicate onMessage: 6451398844_1086_in
[TG-UB] Poll found message from 6451398844 text: 我叫可可
[TG-UB] Incoming message: 6451398844 我叫可可
[TG-UB] Skip duplicate onMessage: 6451398844_1085_in
[TG-UB] Poll found OUTGOING message to 6451398844 text: 是的
[TG-UB] Incoming message: 6451398844 是的
[TG-UB] Poll found message from 6451398844 text: [media]
[TG-UB] Incoming message: 6451398844 [media]
[TG-UB] Skip duplicate onMessage: 6451398844_1083_in
[TG-UB] Poll found message from 6451398844 text: [media]
[TG-UB] Incoming message: 6451398844 [media]
[TG-UB] Skip duplicate onMessage: 6451398844_1082_in
[33m[2026-09-19T21:03:54.093] [INFO] - [Starting direct file download in chunks of 65536 at 0, stride 65536][0m
[33m[2026-09-19T21:03:54.093] [INFO] - [Connecting to 91.108.56.183:443/TCPFull...][0m
[33m[2026-09-19T21:03:54.159] [INFO] - [Connection to 91.108.56.183:443/TCPFull complete!][0m
[33m[2026-09-19T21:03:54.301] [INFO] - [Starting direct file download in chunks of 65536 at 0, stride 65536][0m
[TG-UB] NewMessage from 6451398844 text: 你少打了一个字吗
[TG-UB] Incoming message: 6451398844 你少打了一个字吗
[TG-UB] UpdateShortMessage from 6451398844 text: 你少打了一个字吗
[TG-UB] Incoming message: 6451398844 你少打了一个字吗
[TG-UB] Skip duplicate onMessage: 6451398844_1088_in
[33m[2026-09-19T21:03:58.212] [INFO] - [Starting direct file download in chunks of 65536 at 0, stride 65536][0m
[TG-UB] NewMessage from 6451398844 text: 唐三藏
[TG-UB] Incoming message: 6451398844 唐三藏
[TG-UB] UpdateShortMessage from 6451398844 text: 唐三藏
[TG-UB] Incoming message: 6451398844 唐三藏
[TG-UB] Skip duplicate onMessage: 6451398844_1089_in
[33m[2026-09-19T21:04:01.235] [INFO] - [Starting direct file download in chunks of 65536 at 0, stride 65536][0m
[35m[2026-09-19T21:04:31.237] [WARN] - [Disconnecting...][0m
[33m[2026-09-19T21:04:31.237] [INFO] - [Disconnecting from 91.108.56.183:443/TCPFull...][0m
[33m[2026-09-19T21:04:31.237] [INFO] - [connection closed][0m
[TG-UB] NewMessage from 6451398844 text: 秀英
[TG-UB] Incoming message: 6451398844 秀英
[TG-UB] UpdateShortMessage from 6451398844 text: 秀英
[TG-UB] Incoming message: 6451398844 秀英
[TG-UB] Skip duplicate onMessage: 6451398844_1092_in
[33m[2026-09-19T21:04:55.694] [INFO] - [Starting direct file download in chunks of 65536 at 0, stride 65536][0m
[33m[2026-09-19T21:04:55.694] [INFO] - [Connecting to 91.108.56.183:443/TCPFull...][0m
[33m[2026-09-19T21:04:55.761] [INFO] - [Connection to 91.108.56.183:443/TCPFull complete!][0m
[TG-UB] NewMessage from 6451398844 text: 你呢
[TG-UB] Incoming message: 6451398844 你呢
[TG-UB] UpdateShortMessage from 6451398844 text: 你呢
[TG-UB] Incoming message: 6451398844 你呢
[TG-UB] Skip duplicate onMessage: 6451398844_1093_in
[33m[2026-09-19T21:04:56.893] [INFO] - [Starting direct file download in chunks of 65536 at 0, stride 65536][0m
[35m[2026-09-19T21:05:26.895] [WARN] - [Disconnecting...][0m
[33m[2026-09-19T21:05:26.895] [INFO] - [Disconnecting from 91.108.56.183:443/TCPFull...][0m
[33m[2026-09-19T21:05:26.895] [INFO] - [connection closed][0m
[TG-UB] Poll found OUTGOING message to 6451398844 text: 秀英
[TG-UB] Incoming message: 6451398844 秀英
[TG-UB] Poll found message from 6451398844 text: 你呢
[TG-UB] Incoming message: 6451398844 你呢
[TG-UB] Skip duplicate onMessage: 6451398844_1093_in
[TG-UB] Poll found message from 6451398844 text: 秀英
[TG-UB] Incoming message: 6451398844 秀英
[TG-UB] Skip duplicate onMessage: 6451398844_1092_in
[TG-UB] Poll found OUTGOING message to 6451398844 text: 你是在哪里
[TG-UB] Incoming message: 6451398844 你是在哪里
[TG-UB] Poll found OUTGOING message to 6451398844 text: 呵呵
[TG-UB] Incoming message: 6451398844 呵呵
[TG-UB] Poll found message from 6451398844 text: 唐三藏
[TG-UB] Incoming message: 6451398844 唐三藏
[TG-UB] Skip duplicate onMessage: 6451398844_1089_in
[TG-UB] Poll found message from 6451398844 text: 你少打了一个字吗
[TG-UB] Incoming message: 6451398844 你少打了一个字吗
[TG-UB] Skip duplicate onMessage: 6451398844_1088_in
[33m[2026-09-19T21:05:54.094] [INFO] - [Starting direct file download in chunks of 65536 at 0, stride 65536][0m
[33m[2026-09-19T21:05:54.095] [INFO] - [Connecting to 91.108.56.183:443/TCPFull...][0m
[33m[2026-09-19T21:05:54.162] [INFO] - [Connection to 91.108.56.183:443/TCPFull complete!][0m
[33m[2026-09-19T21:05:54.304] [INFO] - [Starting direct file download in chunks of 65536 at 0, stride 65536][0m
[33m[2026-09-19T21:05:54.309] [INFO] - [Starting direct file download in chunks of 65536 at 0, stride 65536][0m
[35m[2026-09-19T21:06:24.309] [WARN] - [Disconnecting...][0m
[33m[2026-09-19T21:06:24.309] [INFO] - [Disconnecting from 91.108.56.183:443/TCPFull...][0m
[33m[2026-09-19T21:06:24.309] [INFO] - [connection closed][0m
[TG-UB] NewMessage from 6451398844 text: 我在向荣路 你呢
[TG-UB] Incoming message: 6451398844 我在向荣路 你呢
[TG-UB] UpdateShortMessage from 6451398844 text: 我在向荣路 你呢
[TG-UB] Incoming message: 6451398844 我在向荣路 你呢
[TG-UB] Skip duplicate onMessage: 6451398844_1095_in
[33m[2026-09-19T21:06:34.724] [INFO] - [Starting direct file download in chunks of 65536 at 0, stride 65536][0m
[33m[2026-09-19T21:06:34.724] [INFO] - [Connecting to 91.108.56.183:443/TCPFull...][0m
[33m[2026-09-19T21:06:34.791] [INFO] - [Connection to 91.108.56.183:443/TCPFull complete!][0m
[35m[2026-09-19T21:07:04.792] [WARN] - [Disconnecting...][0m
[33m[2026-09-19T21:07:04.792] [INFO] - [Disconnecting from 91.108.56.183:443/TCPFull...][0m
[33m[2026-09-19T21:07:04.793] [INFO] - [connection closed][0m
[TG-UB] NewMessage from 6451398844 text: 
[TG-UB] Incoming message: 6451398844 [MessageMediaPhoto]
[TG-UB] Incoming message: 6451398844 [MessageMediaPhoto]
[TG-UB] Skip duplicate onMessage: 6451398844_1097_in
[33m[2026-09-19T21:07:18.999] [INFO] - [Starting direct file download in chunks of 65536 at 0, stride 65536][0m
[33m[2026-09-19T21:07:18.999] [INFO] - [Connecting to 91.108.56.183:443/TCPFull...][0m
[33m[2026-09-19T21:07:19.066] [INFO] - [Connection to 91.108.56.183:443/TCPFull complete!][0m
[TG-UB Media DEBUG] type=MessageMediaPhoto isOut=false hasRaw=true client=undef
[TG-UB Media] Downloading msgId=1097 type=MessageMediaPhoto rawType=Message
[33m[2026-09-19T21:07:19.151] [INFO] - [Starting direct file download in chunks of 131072 at 0, stride 131072][0m
[TG-UB Media] Download result: buf=buffer:71240
[TG-UB] Media downloaded: d6a4488e877f79a4c0aeaa3ff3af047d.jpg
[TG-UB] NewMessage from 6451398844 text: 这是我的位置  你看下我们的距离远还是近呢
[TG-UB] Incoming message: 6451398844 这是我的位置  你看下我们的距离远还是近呢
[TG-UB] UpdateShortMessage from 6451398844 text: 这是我的位置  你看下我们的距离远还是近呢
[TG-UB] Incoming message: 6451398844 这是我的位置  你看下我们的距离远还是近呢
[TG-UB] Skip duplicate onMessage: 6451398844_1098_in
[33m[2026-09-19T21:07:28.515] [INFO] - [Starting direct file download in chunks of 65536 at 0, stride 65536][0m
[TG-UB] Poll found message from 6451398844 text: 这是我的位置  你看下我们的距离远还是近呢
[TG-UB] Incoming message: 6451398844 这是我的位置  你看下我们的距离远还是近呢
[TG-UB] Skip duplicate onMessage: 6451398844_1098_in
[TG-UB] Poll found message from 6451398844 text: [media]
[TG-UB] Incoming message: 6451398844 [media]
[TG-UB] Skip duplicate onMessage: 6451398844_1097_in
[TG-UB] Poll found OUTGOING message to 6451398844 text: 宝龙城
[TG-UB] Incoming message: 6451398844 宝龙城
[TG-UB] Poll found message from 6451398844 text: 我在向荣路 你呢
[TG-UB] Incoming message: 6451398844 我在向荣路 你呢
[TG-UB] Skip duplicate onMessage: 6451398844_1095_in
[33m[2026-09-19T21:07:54.100] [INFO] - [Starting direct file download in chunks of 65536 at 0, stride 65536][0m
[35m[2026-09-19T21:08:24.101] [WARN] - [Disconnecting...][0m
[33m[2026-09-19T21:08:24.101] [INFO] - [Disconnecting from 91.108.56.183:443/TCPFull...][0m
[33m[2026-09-19T21:08:24.101] [INFO] - [connection closed][0m
[TG-UB] Poll found OUTGOING message to 6451398844 text: 南海幸福汇
[TG-UB] Incoming message: 6451398844 南海幸福汇
[TG-UB] Poll found OUTGOING message to 6451398844 text: 靠近环球100
[TG-UB] Incoming message: 6451398844 靠近环球100
[TG-UB] Poll found OUTGOING message to 6451398844 text: 在长流这边
[TG-UB] Incoming message: 6451398844 在长流这边
[33m[2026-09-19T21:09:54.111] [INFO] - [Starting direct file download in chunks of 65536 at 0, stride 65536][0m
[33m[2026-09-19T21:09:54.111] [INFO] - [Connecting to 91.108.56.183:443/TCPFull...][0m
[33m[2026-09-19T21:09:54.178] [INFO] - [Connection to 91.108.56.183:443/TCPFull complete!][0m
[33m[2026-09-19T21:09:54.320] [INFO] - [Starting direct file download in chunks of 65536 at 0, stride 65536][0m
[33m[2026-09-19T21:09:54.321] [INFO] - [Starting direct file download in chunks of 65536 at 0, stride 65536][0m
[TG-UB] NewMessage from 6451398844 text: 坐车距离多久呢
[TG-UB] Incoming message: 6451398844 坐车距离多久呢
[TG-UB] UpdateShortMessage from 6451398844 text: 坐车距离多久呢
[TG-UB] Incoming message: 6451398844 坐车距离多久呢
[TG-UB] Skip duplicate onMessage: 6451398844_1102_in
[33m[2026-09-19T21:10:23.976] [INFO] - [Starting direct file download in chunks of 65536 at 0, stride 65536][0m
[35m[2026-09-19T21:10:53.977] [WARN] - [Disconnecting...][0m
[33m[2026-09-19T21:10:53.977] [INFO] - [Disconnecting from 91.108.56.183:443/TCPFull...][0m
[33m[2026-09-19T21:10:53.977] [INFO] - [connection closed][0m
[TG-UB] NewMessage from 6451398844 text: 那有点距离了
[TG-UB] Incoming message: 6451398844 那有点距离了
[TG-UB] UpdateShortMessage from 6451398844 text: 那有点距离了
[TG-UB] Incoming message: 6451398844 那有点距离了
[TG-UB] Skip duplicate onMessage: 6451398844_1104_in
[33m[2026-09-19T21:11:30.544] [INFO] - [Starting direct file download in chunks of 65536 at 0, stride 65536][0m
[33m[2026-09-19T21:11:30.545] [INFO] - [Connecting to 91.108.56.183:443/TCPFull...][0m
[33m[2026-09-19T21:11:30.611] [INFO] - [Connection to 91.108.56.183:443/TCPFull complete!][0m
[TG-UB] NewMessage from 6451398844 text: 你要约酒店还是你住的地方呢
[TG-UB] Incoming message: 6451398844 你要约酒店还是你住的地方呢
[TG-UB] UpdateShortMessage from 6451398844 text: 你要约酒店还是你住的地方呢
[TG-UB] Incoming message: 6451398844 你要约酒店还是你住的地方呢
[TG-UB] Skip duplicate onMessage: 6451398844_1105_in
[33m[2026-09-19T21:11:36.391] [INFO] - [Starting direct file download in chunks of 65536 at 0, stride 65536][0m
[TG-UB] Poll found OUTGOING message to 6451398844 text: 住的地方
[TG-UB] Incoming message: 6451398844 住的地方
[TG-UB] Poll found message from 6451398844 text: 你要约酒店还是你住的地方呢
[TG-UB] Incoming message: 6451398844 你要约酒店还是你住的地方呢
[TG-UB] Skip duplicate onMessage: 6451398844_1105_in
[TG-UB] Poll found message from 6451398844 text: 那有点距离了
[TG-UB] Incoming message: 6451398844 那有点距离了
[TG-UB] Skip duplicate onMessage: 6451398844_1104_in
[TG-UB] Poll found OUTGOING message to 6451398844 text: 大概半个小时吧
[TG-UB] Incoming message: 6451398844 大概半个小时吧
[TG-UB] Poll found message from 6451398844 text: 坐车距离多久呢
[TG-UB] Incoming message: 6451398844 坐车距离多久呢
[TG-UB] Skip duplicate onMessage: 6451398844_1102_in
[33m[2026-09-19T21:11:54.102] [INFO] - [Starting direct file download in chunks of 65536 at 0, stride 65536][0m
[33m[2026-09-19T21:11:54.313] [INFO] - [Starting direct file download in chunks of 65536 at 0, stride 65536][0m
[35m[2026-09-19T21:12:24.313] [WARN] - [Disconnecting...][0m
[33m[2026-09-19T21:12:24.313] [INFO] - [Disconnecting from 91.108.56.183:443/TCPFull...][0m
[33m[2026-09-19T21:12:24.313] [INFO] - [connection closed][0m
[TG-UB] NewMessage from 6451398844 text: 什么呢
[TG-UB] Incoming message: 6451398844 什么呢
[TG-UB] UpdateShortMessage from 6451398844 text: 什么呢
[TG-UB] Incoming message: 6451398844 什么呢
[TG-UB] Skip duplicate onMessage: 6451398844_1108_in
[33m[2026-09-19T21:13:09.937] [INFO] - [Starting direct file download in chunks of 65536 at 0, stride 65536][0m
[33m[2026-09-19T21:13:09.937] [INFO] - [Connecting to 91.108.56.183:443/TCPFull...][0m
[33m[2026-09-19T21:13:10.003] [INFO] - [Connection to 91.108.56.183:443/TCPFull complete!][0m
[TG-UB] NewMessage from 6451398844 text: 生活？
[TG-UB] Incoming message: 6451398844 生活？
[TG-UB] UpdateShortMessage from 6451398844 text: 生活？
[TG-UB] Incoming message: 6451398844 生活？
[TG-UB] Skip duplicate onMessage: 6451398844_1109_in
[33m[2026-09-19T21:13:12.950] [INFO] - [Starting direct file download in chunks of 65536 at 0, stride 65536][0m
[35m[2026-09-19T21:13:42.950] [WARN] - [Disconnecting...][0m
[33m[2026-09-19T21:13:42.950] [INFO] - [Disconnecting from 91.108.56.183:443/TCPFull...][0m
[33m[2026-09-19T21:13:42.951] [INFO] - [connection closed][0m
[TG-UB] NewMessage from 6451398844 text: 你是一个人住吗
[TG-UB] Incoming message: 6451398844 你是一个人住吗
[TG-UB] UpdateShortMessage from 6451398844 text: 你是一个人住吗
[TG-UB] Incoming message: 6451398844 你是一个人住吗
[TG-UB] Skip duplicate onMessage: 6451398844_1111_in
[33m[2026-09-19T21:13:50.270] [INFO] - [Starting direct file download in chunks of 65536 at 0, stride 65536][0m
[33m[2026-09-19T21:13:50.270] [INFO] - [Connecting to 91.108.56.183:443/TCPFull...][0m
[33m[2026-09-19T21:13:50.336] [INFO] - [Connection to 91.108.56.183:443/TCPFull complete!][0m
[TG-UB] Poll found message from 6451398844 text: 你是一个人住吗
[TG-UB] Incoming message: 6451398844 你是一个人住吗
[TG-UB] Skip duplicate onMessage: 6451398844_1111_in
[TG-UB] Poll found OUTGOING message to 6451398844 text: 生活照
[TG-UB] Incoming message: 6451398844 生活照
[TG-UB] Poll found message from 6451398844 text: 生活？
[TG-UB] Incoming message: 6451398844 生活？
[TG-UB] Skip duplicate onMessage: 6451398844_1109_in
[TG-UB] Poll found message from 6451398844 text: 什么呢
[TG-UB] Incoming message: 6451398844 什么呢
[TG-UB] Skip duplicate onMessage: 6451398844_1108_in
[TG-UB] Poll found OUTGOING message to 6451398844 text: 你有生活吗
[TG-UB] Incoming message: 6451398844 你有生活吗
[33m[2026-09-19T21:13:54.110] [INFO] - [Starting direct file download in chunks of 65536 at 0, stride 65536][0m
[33m[2026-09-19T21:13:54.318] [INFO] - [Starting direct file download in chunks of 65536 at 0, stride 65536][0m
[TG-UB] NewMessage from 6451398844 text: 平台客服应该有发我的生活照给你吧
[TG-UB] Incoming message: 6451398844 平台客服应该有发我的生活照给你吧
[TG-UB] UpdateShortMessage from 6451398844 text: 平台客服应该有发我的生活照给你吧
[TG-UB] Incoming message: 6451398844 平台客服应该有发我的生活照给你吧
[TG-UB] Skip duplicate onMessage: 6451398844_1113_in
[33m[2026-09-19T21:14:04.153] [INFO] - [Starting direct file download in chunks of 65536 at 0, stride 65536][0m
[35m[2026-09-19T21:14:34.157] [WARN] - [Disconnecting...][0m
[33m[2026-09-19T21:14:34.157] [INFO] - [Disconnecting from 91.108.56.183:443/TCPFull...][0m
[33m[2026-09-19T21:14:34.157] [INFO] - [connection closed][0m
[TG-UB] Poll found OUTGOING message to 6451398844 text: 有给
[TG-UB] Incoming message: 6451398844 有给
[TG-UB] Poll found message from 6451398844 text: 平台客服应该有发我的生活照给你吧
[TG-UB] Incoming message: 6451398844 平台客服应该有发我的生活照给你吧
[TG-UB] Skip duplicate onMessage: 6451398844_1113_in
[TG-UB] Poll found OUTGOING message to 6451398844 text: 是的
[TG-UB] Incoming message: 6451398844 是的
[33m[2026-09-19T21:15:54.131] [INFO] - [Starting direct file download in chunks of 65536 at 0, stride 65536][0m
[33m[2026-09-19T21:15:54.131] [INFO] - [Connecting to 91.108.56.183:443/TCPFull...][0m
[33m[2026-09-19T21:15:54.198] [INFO] - [Connection to 91.108.56.183:443/TCPFull complete!][0m
[33m[2026-09-19T21:15:54.341] [INFO] - [Starting direct file download in chunks of 65536 at 0, stride 65536][0m
[35m[2026-09-19T21:16:24.342] [WARN] - [Disconnecting...][0m
[33m[2026-09-19T21:16:24.342] [INFO] - [Disconnecting from 91.108.56.183:443/TCPFull...][0m
[33m[2026-09-19T21:16:24.342] [INFO] - [connection closed][0m
[TG-UB] NewMessage from 6451398844 text: 那不是一样的吗
[TG-UB] Incoming message: 6451398844 那不是一样的吗
[TG-UB] UpdateShortMessage from 6451398844 text: 那不是一样的吗
[TG-UB] Incoming message: 6451398844 那不是一样的吗
[TG-UB] Skip duplicate onMessage: 6451398844_1115_in
[33m[2026-09-19T21:17:57.918] [INFO] - [Starting direct file download in chunks of 65536 at 0, stride 65536][0m
[33m[2026-09-19T21:17:57.918] [INFO] - [Connecting to 91.108.56.183:443/TCPFull...][0m
[33m[2026-09-19T21:17:57.985] [INFO] - [Connection to 91.108.56.183:443/TCPFull complete!][0m
[35m[2026-09-19T21:18:27.986] [WARN] - [Disconnecting...][0m
[33m[2026-09-19T21:18:27.986] [INFO] - [Disconnecting from 91.108.56.183:443/TCPFull...][0m
[33m[2026-09-19T21:18:27.986] [INFO] - [connection closed][0m
[TG-UB] NewMessage from 6451398844 text: 
[TG-UB] Incoming message: 6451398844 [MessageMediaDocument]
[TG-UB] Incoming message: 6451398844 [MessageMediaDocument]
[TG-UB] Skip duplicate onMessage: 6451398844_1116_in
[33m[2026-09-19T21:19:11.596] [INFO] - [Starting direct file download in chunks of 65536 at 0, stride 65536][0m
[33m[2026-09-19T21:19:11.596] [INFO] - [Connecting to 91.108.56.183:443/TCPFull...][0m
[33m[2026-09-19T21:19:11.663] [INFO] - [Connection to 91.108.56.183:443/TCPFull complete!][0m
[TG-UB Media DEBUG] type=MessageMediaDocument isOut=false hasRaw=true client=undef
[TG-UB Media] Downloading msgId=1116 type=MessageMediaDocument rawType=Message
[33m[2026-09-19T21:19:11.746] [INFO] - [Starting direct file download in chunks of 131072 at 0, stride 131072][0m
[33m[2026-09-19T21:19:11.747] [INFO] - [Connecting to 149.154.175.56:443/TCPFull...][0m
[33m[2026-09-19T21:19:11.956] [INFO] - [Connection to 149.154.175.56:443/TCPFull complete!][0m
[33m[2026-09-19T21:19:12.469] [INFO] - [File lives in another DC][0m
[TG-UB Media] Download result: buf=buffer:1413397
[TG-UB] Media downloaded: a2297d09b4334430a3433f5ee6eaad53.jpg
[TG-UB] NewMessage from 6451398844 text: 
[TG-UB] Incoming message: 6451398844 [MessageMediaPhoto]
[33m[2026-09-19T21:19:32.232] [INFO] - [Starting direct file download in chunks of 65536 at 0, stride 65536][0m
[TG-UB] Incoming message: 6451398844 [MessageMediaPhoto]
[TG-UB] Skip duplicate onMessage: 6451398844_1117_in
[TG-UB Media DEBUG] type=MessageMediaPhoto isOut=false hasRaw=true client=undef
[TG-UB Media] Downloading msgId=1117 type=MessageMediaPhoto rawType=Message
[33m[2026-09-19T21:19:32.325] [INFO] - [Starting direct file download in chunks of 131072 at 0, stride 131072][0m
[TG-UB Media] Download result: buf=buffer:111460
[TG-UB] Media downloaded: 6a737d5bfed86b82674c72a5b8431d5f.jpg
[TG-UB] NewMessage from 6451398844 text: 
[TG-UB] Incoming message: 6451398844 [MessageMediaDocument]
[TG-UB] Incoming message: 6451398844 [MessageMediaDocument]
[TG-UB] Skip duplicate onMessage: 6451398844_1118_in
[33m[2026-09-19T21:19:41.879] [INFO] - [Starting direct file download in chunks of 65536 at 0, stride 65536][0m
[35m[2026-09-19T21:19:41.956] [WARN] - [Disconnecting...][0m
[33m[2026-09-19T21:19:41.956] [INFO] - [Disconnecting from 149.154.175.56:443/TCPFull...][0m
[33m[2026-09-19T21:19:41.956] [INFO] - [connection closed][0m
[TG-UB Media DEBUG] type=MessageMediaDocument isOut=false hasRaw=true client=undef
[TG-UB Media] Downloading msgId=1118 type=MessageMediaDocument rawType=Message
[33m[2026-09-19T21:19:41.963] [INFO] - [Starting direct file download in chunks of 131072 at 0, stride 131072][0m
[33m[2026-09-19T21:19:41.963] [INFO] - [Connecting to 149.154.175.56:443/TCPFull...][0m
[33m[2026-09-19T21:19:42.159] [INFO] - [Connection to 149.154.175.56:443/TCPFull complete!][0m
[33m[2026-09-19T21:19:42.369] [INFO] - [File lives in another DC][0m
[TG-UB Media] Download result: buf=buffer:68440
[TG-UB] Media downloaded: 55ee4a2310704b423a87d1a820a4a08e.jpg
[TG-UB] Poll found message from 6451398844 text: [media]
[TG-UB] Incoming message: 6451398844 [media]
[TG-UB] Skip duplicate onMessage: 6451398844_1118_in
[TG-UB] Poll found message from 6451398844 text: [media]
[TG-UB] Incoming message: 6451398844 [media]
[TG-UB] Skip duplicate onMessage: 6451398844_1117_in
[TG-UB] Poll found message from 6451398844 text: [media]
[TG-UB] Incoming message: 6451398844 [media]
[TG-UB] Skip duplicate onMessage: 6451398844_1116_in
[TG-UB] Poll found message from 6451398844 text: 那不是一样的吗
[TG-UB] Incoming message: 6451398844 那不是一样的吗
[TG-UB] Skip duplicate onMessage: 6451398844_1115_in
[35m[2026-09-19T21:20:12.160] [WARN] - [Disconnecting...][0m
[33m[2026-09-19T21:20:12.160] [INFO] - [Disconnecting from 149.154.175.56:443/TCPFull...][0m
[33m[2026-09-19T21:20:12.160] [INFO] - [connection closed][0m
[35m[2026-09-19T21:20:12.370] [WARN] - [Disconnecting...][0m
[33m[2026-09-19T21:20:12.370] [INFO] - [Disconnecting from 91.108.56.183:443/TCPFull...][0m
[33m[2026-09-19T21:20:12.370] [INFO] - [connection closed][0m
[TG-UB] NewMessage from 6451398844 text: 是不是约的我呢
[TG-UB] Incoming message: 6451398844 是不是约的我呢
[TG-UB] UpdateShortMessage from 6451398844 text: 是不是约的我呢
[TG-UB] Incoming message: 6451398844 是不是约的我呢
[TG-UB] Skip duplicate onMessage: 6451398844_1120_in
[33m[2026-09-19T21:21:17.152] [INFO] - [Starting direct file download in chunks of 65536 at 0, stride 65536][0m
[33m[2026-09-19T21:21:17.152] [INFO] - [Connecting to 91.108.56.183:443/TCPFull...][0m
[33m[2026-09-19T21:21:17.219] [INFO] - [Connection to 91.108.56.183:443/TCPFull complete!][0m
[35m[2026-09-19T21:21:47.223] [WARN] - [Disconnecting...][0m
[33m[2026-09-19T21:21:47.223] [INFO] - [Disconnecting from 91.108.56.183:443/TCPFull...][0m
[33m[2026-09-19T21:21:47.223] [INFO] - [connection closed][0m
[TG-UB] Poll found OUTGOING message to 6451398844 text: 是的
[TG-UB] Incoming message: 6451398844 是的
[TG-UB] Poll found message from 6451398844 text: 是不是约的我呢
[TG-UB] Incoming message: 6451398844 是不是约的我呢
[TG-UB] Skip duplicate onMessage: 6451398844_1120_in
[TG-UB] Poll found OUTGOING message to 6451398844 text: 好的
[TG-UB] Incoming message: 6451398844 好的
[33m[2026-09-19T21:21:54.115] [INFO] - [Starting direct file download in chunks of 65536 at 0, stride 65536][0m
[33m[2026-09-19T21:21:54.115] [INFO] - [Connecting to 91.108.56.183:443/TCPFull...][0m
[33m[2026-09-19T21:21:54.182] [INFO] - [Connection to 91.108.56.183:443/TCPFull complete!][0m
[33m[2026-09-19T21:21:54.325] [INFO] - [Starting direct file download in chunks of 65536 at 0, stride 65536][0m
[35m[2026-09-19T21:22:24.326] [WARN] - [Disconnecting...][0m
[33m[2026-09-19T21:22:24.326] [INFO] - [Disconnecting from 91.108.56.183:443/TCPFull...][0m
[33m[2026-09-19T21:22:24.326] [INFO] - [connection closed][0m
[Automation Scheduler] Running check at 2026-09-19T21:25:50.078Z
[TG-UB] NewMessage from 6451398844 text: 你打算什么时候约呢
[TG-UB] Incoming message: 6451398844 你打算什么时候约呢
[TG-UB] UpdateShortMessage from 6451398844 text: 你打算什么时候约呢
[TG-UB] Incoming message: 6451398844 你打算什么时候约呢
[TG-UB] Skip duplicate onMessage: 6451398844_1122_in
[33m[2026-09-19T21:30:17.475] [INFO] - [Starting direct file download in chunks of 65536 at 0, stride 65536][0m
[33m[2026-09-19T21:30:17.475] [INFO] - [Connecting to 91.108.56.183:443/TCPFull...][0m
[33m[2026-09-19T21:30:17.543] [INFO] - [Connection to 91.108.56.183:443/TCPFull complete!][0m
[TG-UB] NewMessage from 6451398844 text: 要是不着急约  我就再睡一会了
[TG-UB] Incoming message: 6451398844 要是不着急约  我就再睡一会了
[TG-UB] UpdateShortMessage from 6451398844 text: 要是不着急约  我就再睡一会了
[TG-UB] Incoming message: 6451398844 要是不着急约  我就再睡一会了
[TG-UB] Skip duplicate onMessage: 6451398844_1123_in
[33m[2026-09-19T21:30:25.925] [INFO] - [Starting direct file download in chunks of 65536 at 0, stride 65536][0m
[35m[2026-09-19T21:30:55.926] [WARN] - [Disconnecting...][0m
[33m[2026-09-19T21:30:55.926] [INFO] - [Disconnecting from 91.108.56.183:443/TCPFull...][0m
[33m[2026-09-19T21:30:55.927] [INFO] - [connection closed][0m
[TG-UB] Poll found message from 6451398844 text: 要是不着急约  我就再睡一会了
[TG-UB] Incoming message: 6451398844 要是不着急约  我就再睡一会了
[TG-UB] Skip duplicate onMessage: 6451398844_1123_in
[TG-UB] Poll found message from 6451398844 text: 你打算什么时候约呢
[TG-UB] Incoming message: 6451398844 你打算什么时候约呢
[TG-UB] Skip duplicate onMessage: 6451398844_1122_in
[TG-UB] Poll found OUTGOING message to 6451398844 text: 到时白天下午约，是到了再付费是吧
[TG-UB] Incoming message: 6451398844 到时白天下午约，是到了再付费是吧
[33m[2026-09-19T21:35:54.150] [INFO] - [Starting direct file download in chunks of 65536 at 0, stride 65536][0m
[33m[2026-09-19T21:35:54.150] [INFO] - [Connecting to 91.108.56.183:443/TCPFull...][0m
[33m[2026-09-19T21:35:54.216] [INFO] - [Connection to 91.108.56.183:443/TCPFull complete!][0m
[35m[2026-09-19T21:36:24.217] [WARN] - [Disconnecting...][0m
[33m[2026-09-19T21:36:24.217] [INFO] - [Disconnecting from 91.108.56.183:443/TCPFull...][0m
[33m[2026-09-19T21:36:24.217] [INFO] - [connection closed][0m
[TG-UB] NewMessage from 6451398844 text: 下午约？
[TG-UB] Incoming message: 6451398844 下午约？
[TG-UB] UpdateShortMessage from 6451398844 text: 下午约？
[TG-UB] Incoming message: 6451398844 下午约？
[TG-UB] Skip duplicate onMessage: 6451398844_1125_in
[33m[2026-09-19T21:40:45.691] [INFO] - [Starting direct file download in chunks of 65536 at 0, stride 65536][0m
[33m[2026-09-19T21:40:45.691] [INFO] - [Connecting to 91.108.56.183:443/TCPFull...][0m
[33m[2026-09-19T21:40:45.757] [INFO] - [Connection to 91.108.56.183:443/TCPFull complete!][0m
[TG-UB] NewMessage from 6451398844 text: 见面满意之后再付 给平台
[TG-UB] Incoming message: 6451398844 见面满意之后再付 给平台
[TG-UB] UpdateShortMessage from 6451398844 text: 见面满意之后再付 给平台
[TG-UB] Incoming message: 6451398844 见面满意之后再付 给平台
[TG-UB] Skip duplicate onMessage: 6451398844_1126_in
[33m[2026-09-19T21:40:55.068] [INFO] - [Starting direct file download in chunks of 65536 at 0, stride 65536][0m
[TG-UB] NewMessage from 6451398844 text: 我只是兼职的   我有自己的工作
[TG-UB] Incoming message: 6451398844 我只是兼职的   我有自己的工作
[TG-UB] UpdateShortMessage from 6451398844 text: 我只是兼职的   我有自己的工作
[TG-UB] Incoming message: 6451398844 我只是兼职的   我有自己的工作
[TG-UB] Skip duplicate onMessage: 6451398844_1127_in
[33m[2026-09-19T21:41:02.029] [INFO] - [Starting direct file download in chunks of 65536 at 0, stride 65536][0m
[TG-UB] NewMessage from 6451398844 text: 你晚上约没时间吗
[TG-UB] Incoming message: 6451398844 你晚上约没时间吗
[TG-UB] UpdateShortMessage from 6451398844 text: 你晚上约没时间吗
[TG-UB] Incoming message: 6451398844 你晚上约没时间吗
[TG-UB] Skip duplicate onMessage: 6451398844_1128_in
[33m[2026-09-19T21:41:07.832] [INFO] - [Starting direct file download in chunks of 65536 at 0, stride 65536][0m
[35m[2026-09-19T21:41:37.837] [WARN] - [Disconnecting...][0m
[33m[2026-09-19T21:41:37.837] [INFO] - [Disconnecting from 91.108.56.183:443/TCPFull...][0m
[33m[2026-09-19T21:41:37.837] [INFO] - [connection closed][0m
[TG-UB] Poll found message from 6451398844 text: 你晚上约没时间吗
[TG-UB] Incoming message: 6451398844 你晚上约没时间吗
[TG-UB] Skip duplicate onMessage: 6451398844_1128_in
[TG-UB] Poll found message from 6451398844 text: 我只是兼职的   我有自己的工作
[TG-UB] Incoming message: 6451398844 我只是兼职的   我有自己的工作
[TG-UB] Skip duplicate onMessage: 6451398844_1127_in
[TG-UB] Poll found message from 6451398844 text: 见面满意之后再付 给平台
[TG-UB] Incoming message: 6451398844 见面满意之后再付 给平台
[TG-UB] Skip duplicate onMessage: 6451398844_1126_in
[TG-UB] Poll found message from 6451398844 text: 下午约？
[TG-UB] Incoming message: 6451398844 下午约？
[TG-UB] Skip duplicate onMessage: 6451398844_1125_in
[Automation Scheduler] Running check at 2026-09-19T21:55:50.079Z
[Automation Scheduler] Running check at 2026-09-19T22:25:50.080Z
[Automation Scheduler] Running check at 2026-09-19T22:55:50.081Z
[Automation Scheduler] Running check at 2026-09-19T23:25:50.081Z
[TG-UB] NewMessage from -1003821755044 text: p m
[TG-UB] Incoming message: -1003821755044 p m
[TG-UB] Incoming message: -1003821755044 p m
[TG-UB] Skip duplicate onMessage: -1003821755044_20235_in
[33m[2026-09-19T23:29:56.391] [INFO] - [Starting direct file download in chunks of 65536 at 0, stride 65536][0m
[33m[2026-09-19T23:29:56.391] [INFO] - [Connecting to 149.154.175.56:443/TCPFull...][0m
[TG-UB] Poll found message from -1003821755044 text: p m
[TG-UB] Incoming message: -1003821755044 p m
[TG-UB] Skip duplicate onMessage: -1003821755044_20235_in
[33m[2026-09-19T23:29:56.593] [INFO] - [Connection to 149.154.175.56:443/TCPFull complete!][0m
[AI Client] DeepSeek V4 Pro reasoning-only empty content (finish=length), retry with max_tokens=4096
[TG-UB Translate] la->zh: "p m" => "下午"
[TG-UB] Emitting translation events, io.connected: 1
[35m[2026-09-19T23:30:26.594] [WARN] - [Disconnecting...][0m
[33m[2026-09-19T23:30:26.594] [INFO] - [Disconnecting from 149.154.175.56:443/TCPFull...][0m
[33m[2026-09-19T23:30:26.595] [INFO] - [connection closed][0m
[TG-UB] NewMessage from -1003821755044 text: Pm 想要唔該
[TG-UB] Incoming message: -1003821755044 Pm 想要唔該
[TG-UB] Incoming message: -1003821755044 Pm 想要唔該
[TG-UB] Skip duplicate onMessage: -1003821755044_20236_in
[33m[2026-09-19T23:44:53.944] [INFO] - [Starting direct file download in chunks of 65536 at 0, stride 65536][0m
[33m[2026-09-19T23:44:53.944] [INFO] - [Connecting to 149.154.175.56:443/TCPFull...][0m
[33m[2026-09-19T23:44:54.146] [INFO] - [Connection to 149.154.175.56:443/TCPFull complete!][0m
[35m[2026-09-19T23:45:24.147] [WARN] - [Disconnecting...][0m
[33m[2026-09-19T23:45:24.147] [INFO] - [Disconnecting from 149.154.175.56:443/TCPFull...][0m
[33m[2026-09-19T23:45:24.147] [INFO] - [connection closed][0m
[TG-UB] Poll found message from -1003821755044 text: Pm 想要唔該
[TG-UB] Incoming message: -1003821755044 Pm 想要唔該
[TG-UB] Skip duplicate onMessage: -1003821755044_20236_in
[TG-UB] NewMessage from -1003821755044 text: Pm
[TG-UB] Incoming message: -1003821755044 Pm
[TG-UB] Incoming message: -1003821755044 Pm
[TG-UB] Skip duplicate onMessage: -1003821755044_20237_in
[33m[2026-09-19T23:51:43.678] [INFO] - [Starting direct file download in chunks of 65536 at 0, stride 65536][0m
[33m[2026-09-19T23:51:43.678] [INFO] - [Connecting to 149.154.175.56:443/TCPFull...][0m
[33m[2026-09-19T23:51:43.866] [INFO] - [Connection to 149.154.175.56:443/TCPFull complete!][0m
[AI Client] DeepSeek V4 Pro reasoning-only empty content (finish=length), retry with max_tokens=4096
[TG-UB Translate] en->zh: "Pm" => "下午"
[TG-UB] Emitting translation events, io.connected: 1
[TG-UB] Poll found message from -1003821755044 text: Pm
[TG-UB] Incoming message: -1003821755044 Pm
[TG-UB] Skip duplicate onMessage: -1003821755044_20237_in
[35m[2026-09-19T23:52:13.869] [WARN] - [Disconnecting...][0m
[33m[2026-09-19T23:52:13.869] [INFO] - [Disconnecting from 149.154.175.56:443/TCPFull...][0m
[33m[2026-09-19T23:52:13.869] [INFO] - [connection closed][0m
[Automation Scheduler] Running check at 2026-09-19T23:55:50.082Z
[TG-UB] NewMessage from -1003821755044 text: Pm please
[TG-UB] Incoming message: -1003821755044 Pm please
[TG-UB] Incoming message: -1003821755044 Pm please
[TG-UB] Skip duplicate onMessage: -1003821755044_20238_in
[33m[2026-09-19T23:59:03.521] [INFO] - [Starting direct file download in chunks of 65536 at 0, stride 65536][0m
[33m[2026-09-19T23:59:03.521] [INFO] - [Connecting to 149.154.175.56:443/TCPFull...][0m
[33m[2026-09-19T23:59:03.721] [INFO] - [Connection to 149.154.175.56:443/TCPFull complete!][0m
[TG-UB Translate] en->zh: "Pm please" => "请私信"
[TG-UB] Emitting translation events, io.connected: 1
[35m[2026-09-19T23:59:33.726] [WARN] - [Disconnecting...][0m
[33m[2026-09-19T23:59:33.726] [INFO] - [Disconnecting from 149.154.175.56:443/TCPFull...][0m
[33m[2026-09-19T23:59:33.726] [INFO] - [connection closed][0m
[TG-UB] Poll found message from -1003821755044 text: Pm please
[TG-UB] Incoming message: -1003821755044 Pm please
[TG-UB] Skip duplicate onMessage: -1003821755044_20238_in
[TG-UB] NewMessage from -1003821755044 text: 可pm?
[TG-UB] Incoming message: -1003821755044 可pm?
[TG-UB] Incoming message: -1003821755044 可pm?
[TG-UB] Skip duplicate onMessage: -1003821755044_20239_in
[33m[2026-09-20T00:24:57.474] [INFO] - [Starting direct file download in chunks of 65536 at 0, stride 65536][0m
[33m[2026-09-20T00:24:57.475] [INFO] - [Connecting to 149.154.175.56:443/TCPFull...][0m
[33m[2026-09-20T00:24:57.676] [INFO] - [Connection to 149.154.175.56:443/TCPFull complete!][0m
[35m[2026-09-20T00:25:27.678] [WARN] - [Disconnecting...][0m
[33m[2026-09-20T00:25:27.678] [INFO] - [Disconnecting from 149.154.175.56:443/TCPFull...][0m
[33m[2026-09-20T00:25:27.678] [INFO] - [connection closed][0m
[Automation Scheduler] Running check at 2026-09-20T00:25:50.084Z
[TG-UB] Poll found message from -1003821755044 text: 可pm?
[TG-UB] Incoming message: -1003821755044 可pm?
[TG-UB] Skip duplicate onMessage: -1003821755044_20239_in
[WA Sync] wa_whatsapp1_mtc3zz7c synced 8 contacts
[Socket] User 1 connected (socket: pxupMtSNq0IqNY2RAADC)
[Socket] User 1 disconnected (socket: pxupMtSNq0IqNY2RAADC, reason: transport close)
[Socket] User 1 connected (socket: Q9gI5CTMr9HfP_sVAADE)
[Socket] User 1 disconnected (socket: Q9gI5CTMr9HfP_sVAADE, reason: transport close)
[Socket] User 1 connected (socket: OcZT0Tm9_uIth3fDAADG)
[WA Sync] wa_whatsapp1_mtc3zz7c synced 8 contacts
[Socket] User 1 disconnected (socket: OcZT0Tm9_uIth3fDAADG, reason: transport close)
[Socket] User 1 connected (socket: e8csxWaT0N1hMITxAADI)
[Socket] User 1 disconnected (socket: e8csxWaT0N1hMITxAADI, reason: transport close)
[Socket] User 1 connected (socket: j0J9BrLfyes-XdE7AADK)
[Socket] User 1 disconnected (socket: j0J9BrLfyes-XdE7AADK, reason: transport close)
[Socket] User 1 connected (socket: wLmqt7HDQQH1i_G9AADM)
[WA Sync] wa_whatsapp1_mtc3zz7c synced 8 contacts
[Socket] User 1 disconnected (socket: wLmqt7HDQQH1i_G9AADM, reason: transport close)
[Socket] User 1 connected (socket: 6_mz3JSaeORWUr_RAADO)
[Socket] User 1 connected (socket: acX89DmeuMWPWuyAAADQ)
[Socket] User 1 disconnected (socket: 6_mz3JSaeORWUr_RAADO, reason: transport close)
[Socket] User 1 disconnected (socket: acX89DmeuMWPWuyAAADQ, reason: transport close)
[Socket] User 1 connected (socket: npAF4wATHLkSu3ycAADS)
[WA Sync] wa_whatsapp1_mtc3zz7c synced 8 contacts
[Socket] User 1 disconnected (socket: npAF4wATHLkSu3ycAADS, reason: transport close)
[Socket] User 1 connected (socket: 5FpKjM9JW8pEERcVAADU)
[Socket] User 1 disconnected (socket: 5FpKjM9JW8pEERcVAADU, reason: transport close)
[Socket] User 1 connected (socket: BjFAUax5oN2TQXQNAADW)
[Socket] User 1 connected (socket: z_TU6Lu8pyGo2v71AADY)
[WA Sync] wa_whatsapp1_mtc3zz7c synced 8 contacts
[Socket] User 1 disconnected (socket: BjFAUax5oN2TQXQNAADW, reason: transport close)
[Socket] User 1 disconnected (socket: z_TU6Lu8pyGo2v71AADY, reason: transport close)
[Socket] User 1 connected (socket: c8xx-ninEkKMrgB0AADa)
[Socket] User 1 connected (socket: BWi-21DygXe67Hy6AADc)
[Socket] User 1 disconnected (socket: BWi-21DygXe67Hy6AADc, reason: transport close)
[Socket] User 1 disconnected (socket: c8xx-ninEkKMrgB0AADa, reason: transport close)
[Socket] User 1 connected (socket: Dcar59SowDM52fJBAADf)
[Socket] User 1 connected (socket: uyX-1OyC83UrkgRdAADg)
[Socket] User 1 disconnected (socket: uyX-1OyC83UrkgRdAADg, reason: transport close)
[Socket] User 1 disconnected (socket: Dcar59SowDM52fJBAADf, reason: transport close)
[Socket] User 1 connected (socket: xTXDPf07PUguFtCxAADi)
[Socket] User 1 connected (socket: ApibYtGrXvhXEIsDAADk)
[WA Sync] wa_whatsapp1_mtc3zz7c synced 8 contacts
[AI Analyze req] {"jid":"971522222222@s.whatsapp.net","directMsgs":0,"t":"2026-09-20T00:35:41.819Z"}
[Socket] User 1 disconnected (socket: ApibYtGrXvhXEIsDAADk, reason: transport close)
[Socket] User 1 disconnected (socket: xTXDPf07PUguFtCxAADi, reason: transport close)
[Socket] User 1 connected (socket: zjNes8ObtDZOgV7cAADm)
[Socket] User 1 connected (socket: oK5fqUKzDNI0EVR1AADo)
[Socket] User 1 disconnected (socket: zjNes8ObtDZOgV7cAADm, reason: transport close)
[Socket] User 1 disconnected (socket: oK5fqUKzDNI0EVR1AADo, reason: transport close)
[33m[2026-09-20T00:36:08.270] [INFO] - [Starting direct file download in chunks of 131072 at 0, stride 131072][0m
[33m[2026-09-20T00:36:08.270] [INFO] - [Connecting to 149.154.175.56:443/TCPFull...][0m
[33m[2026-09-20T00:36:08.468] [INFO] - [Connection to 149.154.175.56:443/TCPFull complete!][0m
[33m[2026-09-20T00:36:09.396] [INFO] - [Starting direct file download in chunks of 131072 at 0, stride 131072][0m
[33m[2026-09-20T00:36:09.742] [INFO] - [Starting direct file download in chunks of 131072 at 0, stride 131072][0m
[33m[2026-09-20T00:36:10.364] [INFO] - [Starting direct file download in chunks of 131072 at 0, stride 131072][0m
[TG] Backfilled 0 new messages (total history: 1) for 8880130885@telegram
[TG] Backfilled 0 new messages (total history: 11) for 7325442846@telegram
[TG] Backfilled 0 new messages (total history: 5) for 1168746716@telegram
[Socket] User 1 connected (socket: RVnHK9Z216l9MXiJAADq)
[33m[2026-09-20T00:36:21.501] [INFO] - [Starting direct file download in chunks of 131072 at 0, stride 131072][0m
[BatchRetranslate] Processed 14 messages, translated 8 for 7325442846@telegram
[Socket] User 1 connected (socket: dmEdY3ZH2UYwcZhVAADs)
[33m[2026-09-20T00:36:21.804] [INFO] - [Starting direct file download in chunks of 131072 at 0, stride 131072][0m
[33m[2026-09-20T00:36:22.136] [INFO] - [Starting direct file download in chunks of 131072 at 0, stride 131072][0m
[33m[2026-09-20T00:36:22.422] [INFO] - [Starting direct file download in chunks of 131072 at 0, stride 131072][0m
[33m[2026-09-20T00:36:22.722] [INFO] - [Starting direct file download in chunks of 131072 at 0, stride 131072][0m
[33m[2026-09-20T00:36:23.036] [INFO] - [Starting direct file download in chunks of 131072 at 0, stride 131072][0m
[33m[2026-09-20T00:36:23.760] [INFO] - [Starting direct file download in chunks of 131072 at 0, stride 131072][0m
[WA Sync] wa_whatsapp1_mtc3zz7c synced 8 contacts
[33m[2026-09-20T00:36:26.050] [INFO] - [Starting direct file download in chunks of 131072 at 0, stride 131072][0m
[Socket] User 1 disconnected (socket: dmEdY3ZH2UYwcZhVAADs, reason: transport close)
[Socket] User 1 disconnected (socket: RVnHK9Z216l9MXiJAADq, reason: transport close)
[33m[2026-09-20T00:36:26.473] [INFO] - [Starting direct file download in chunks of 131072 at 0, stride 131072][0m
[33m[2026-09-20T00:36:26.899] [INFO] - [Starting direct file download in chunks of 131072 at 0, stride 131072][0m
[33m[2026-09-20T00:36:27.187] [INFO] - [Starting direct file download in chunks of 131072 at 0, stride 131072][0m
[33m[2026-09-20T00:36:27.354] [INFO] - [Starting direct file download in chunks of 131072 at 0, stride 131072][0m
[33m[2026-09-20T00:36:27.542] [INFO] - [Starting direct file download in chunks of 131072 at 0, stride 131072][0m
[33m[2026-09-20T00:36:27.738] [INFO] - [Starting direct file download in chunks of 131072 at 0, stride 131072][0m
[33m[2026-09-20T00:36:27.945] [INFO] - [Starting direct file download in chunks of 131072 at 0, stride 131072][0m
[33m[2026-09-20T00:36:28.136] [INFO] - [Starting direct file download in chunks of 131072 at 0, stride 131072][0m
[33m[2026-09-20T00:36:28.356] [INFO] - [Starting direct file download in chunks of 131072 at 0, stride 131072][0m
[33m[2026-09-20T00:36:28.802] [INFO] - [Starting direct file download in chunks of 131072 at 0, stride 131072][0m
[33m[2026-09-20T00:36:29.175] [INFO] - [Starting direct file download in chunks of 131072 at 0, stride 131072][0m
[33m[2026-09-20T00:36:36.035] [INFO] - [Starting direct file download in chunks of 131072 at 0, stride 131072][0m
[33m[2026-09-20T00:36:36.829] [INFO] - [Starting direct file download in chunks of 131072 at 0, stride 131072][0m
[33m[2026-09-20T00:36:37.323] [INFO] - [Starting direct file download in chunks of 131072 at 0, stride 131072][0m
[33m[2026-09-20T00:36:37.743] [INFO] - [Starting direct file download in chunks of 131072 at 0, stride 131072][0m
[33m[2026-09-20T00:36:37.942] [INFO] - [Starting direct file download in chunks of 131072 at 0, stride 131072][0m
[33m[2026-09-20T00:36:38.205] [INFO] - [Starting direct file download in chunks of 131072 at 0, stride 131072][0m
[33m[2026-09-20T00:36:38.647] [INFO] - [Starting direct file download in chunks of 131072 at 0, stride 131072][0m
[TG] Backfilled 0 new messages (total history: 1) for 8880130885@telegram
[33m[2026-09-20T00:36:38.892] [INFO] - [Starting direct file download in chunks of 131072 at 0, stride 131072][0m
[33m[2026-09-20T00:36:39.278] [INFO] - [Starting direct file download in chunks of 131072 at 0, stride 131072][0m
[33m[2026-09-20T00:36:39.433] [INFO] - [Starting direct file download in chunks of 131072 at 0, stride 131072][0m
[33m[2026-09-20T00:36:39.680] [INFO] - [Starting direct file download in chunks of 131072 at 0, stride 131072][0m
[TG] Backfilled 0 new messages (total history: 48) for 6451398844@telegram
[33m[2026-09-20T00:36:40.467] [INFO] - [Starting direct file download in chunks of 131072 at 0, stride 131072][0m
[BatchRetranslate] Processed 20 messages, translated 0 for 6451398844@telegram
[33m[2026-09-20T00:36:42.302] [INFO] - [Starting direct file download in chunks of 131072 at 0, stride 131072][0m
[33m[2026-09-20T00:36:42.749] [INFO] - [Starting direct file download in chunks of 131072 at 0, stride 131072][0m
[33m[2026-09-20T00:36:43.430] [INFO] - [Starting direct file download in chunks of 131072 at 0, stride 131072][0m
[33m[2026-09-20T00:36:43.590] [INFO] - [Starting direct file download in chunks of 131072 at 0, stride 131072][0m
[33m[2026-09-20T00:36:43.827] [INFO] - [Starting direct file download in chunks of 131072 at 0, stride 131072][0m
[33m[2026-09-20T00:36:44.020] [INFO] - [Starting direct file download in chunks of 131072 at 0, stride 131072][0m
[33m[2026-09-20T00:36:44.258] [INFO] - [Starting direct file download in chunks of 131072 at 0, stride 131072][0m
[33m[2026-09-20T00:36:44.469] [INFO] - [Starting direct file download in chunks of 131072 at 0, stride 131072][0m
[33m[2026-09-20T00:36:44.675] [INFO] - [Starting direct file download in chunks of 131072 at 0, stride 131072][0m
[33m[2026-09-20T00:36:44.907] [INFO] - [Starting direct file download in chunks of 131072 at 0, stride 131072][0m
[33m[2026-09-20T00:36:45.312] [INFO] - [Starting direct file download in chunks of 131072 at 0, stride 131072][0m
[33m[2026-09-20T00:36:45.729] [INFO] - [Starting direct file download in chunks of 131072 at 0, stride 131072][0m
[33m[2026-09-20T00:36:50.844] [INFO] - [Starting direct file download in chunks of 131072 at 0, stride 131072][0m
[33m[2026-09-20T00:36:51.335] [INFO] - [Starting direct file download in chunks of 131072 at 0, stride 131072][0m
[33m[2026-09-20T00:36:51.886] [INFO] - [Starting direct file download in chunks of 131072 at 0, stride 131072][0m
[33m[2026-09-20T00:36:52.091] [INFO] - [Starting direct file download in chunks of 131072 at 0, stride 131072][0m
[33m[2026-09-20T00:36:52.319] [INFO] - [Starting direct file download in chunks of 131072 at 0, stride 131072][0m
[33m[2026-09-20T00:36:52.910] [INFO] - [Starting direct file download in chunks of 131072 at 0, stride 131072][0m
[33m[2026-09-20T00:36:53.117] [INFO] - [Starting direct file download in chunks of 131072 at 0, stride 131072][0m
[33m[2026-09-20T00:36:53.747] [INFO] - [Starting direct file download in chunks of 131072 at 0, stride 131072][0m
[33m[2026-09-20T00:36:53.949] [INFO] - [Starting direct file download in chunks of 131072 at 0, stride 131072][0m
[33m[2026-09-20T00:36:54.550] [INFO] - [Starting direct file download in chunks of 131072 at 0, stride 131072][0m
[33m[2026-09-20T00:36:54.825] [INFO] - [Starting direct file download in chunks of 131072 at 0, stride 131072][0m
[33m[2026-09-20T00:36:55.583] [INFO] - [Starting direct file download in chunks of 131072 at 0, stride 131072][0m
[Socket] User 1 connected (socket: UgOBzJz4YbRsiNjqAADu)
[WA Send] resolve default account failed: 
Invalid `prisma.whatsAppAccount.findFirst()` invocation:

{
  where: {
    userId: 1,
    platform: "whatsapp",
    instanceName: {
      not: null
    }
  },
  orderBy: {
    updatedAt: "desc",
    ~~~~~~~~~
?   id?: SortOrder,
?   userId?: SortOrder,
?   platform?: SortOrder,
?   phone?: SortOrder | SortOrderInput,
?   name?: SortOrder | SortOrderInput,
?   pushName?: SortOrder | SortOrderInput,
?   status?: SortOrder,
?   sessionDir?: SortOrder | SortOrderInput,
?   avatarUrl?: SortOrder | SortOrderInput,
?   telegramBotToken?: SortOrder | SortOrderInput,
?   telegramBotUsername?: SortOrder | SortOrderInput,
?   telegramBotInfo?: SortOrder | SortOrderInput,
?   telegramProxyProtocol?: SortOrder | SortOrderInput,
?   telegramProxyHost?: SortOrder | SortOrderInput,
?   telegramProxyPort?: SortOrder | SortOrderInput,
?   telegramProxyUser?: SortOrder | SortOrderInput,
?   telegramProxyPass?: SortOrder | SortOrderInput,
?   createdAt?: SortOrder,
?   lastActiveAt?: SortOrder | SortOrderInput,
?   instanceName?: SortOrder | SortOrderInput,
?   contacts?: ContactOrderByRelationAggregateInput,
?   conversations?: ConversationOrderByRelationAggregateInput,
?   messages?: MessageOrderByRelationAggregateInput,
?   user?: UserOrderByWithRelationInput
  },
  select: {
    id: true,
    instanceName: true
  }
}

Unknown argument `updatedAt`. Did you mean `createdAt`? Available options are marked with ?.
[Socket] User 1 connected (socket: 5ZuGsJSi0B5dW_YyAADw)
[WA Send] resolve default account failed: 
Invalid `prisma.whatsAppAccount.findFirst()` invocation:

{
  where: {
    userId: 1,
    platform: "whatsapp",
    instanceName: {
      not: null
    }
  },
  orderBy: {
    updatedAt: "desc",
    ~~~~~~~~~
?   id?: SortOrder,
?   userId?: SortOrder,
?   platform?: SortOrder,
?   phone?: SortOrder | SortOrderInput,
?   name?: SortOrder | SortOrderInput,
?   pushName?: SortOrder | SortOrderInput,
?   status?: SortOrder,
?   sessionDir?: SortOrder | SortOrderInput,
?   avatarUrl?: SortOrder | SortOrderInput,
?   telegramBotToken?: SortOrder | SortOrderInput,
?   telegramBotUsername?: SortOrder | SortOrderInput,
?   telegramBotInfo?: SortOrder | SortOrderInput,
?   telegramProxyProtocol?: SortOrder | SortOrderInput,
?   telegramProxyHost?: SortOrder | SortOrderInput,
?   telegramProxyPort?: SortOrder | SortOrderInput,
?   telegramProxyUser?: SortOrder | SortOrderInput,
?   telegramProxyPass?: SortOrder | SortOrderInput,
?   createdAt?: SortOrder,
?   lastActiveAt?: SortOrder | SortOrderInput,
?   instanceName?: SortOrder | SortOrderInput,
?   contacts?: ContactOrderByRelationAggregateInput,
?   conversations?: ConversationOrderByRelationAggregateInput,
?   messages?: MessageOrderByRelationAggregateInput,
?   user?: UserOrderByWithRelationInput
  },
  select: {
    id: true,
    instanceName: true
  }
}

Unknown argument `updatedAt`. Did you mean `createdAt`? Available options are marked with ?.
[Socket] User 1 disconnected (socket: UgOBzJz4YbRsiNjqAADu, reason: transport close)
[Socket] User 1 disconnected (socket: 5ZuGsJSi0B5dW_YyAADw, reason: transport close)
[33m[2026-09-20T00:37:09.974] [INFO] - [Starting direct file download in chunks of 131072 at 0, stride 131072][0m
[33m[2026-09-20T00:37:10.339] [INFO] - [Starting direct file download in chunks of 131072 at 0, stride 131072][0m
[33m[2026-09-20T00:37:10.930] [INFO] - [Starting direct file download in chunks of 131072 at 0, stride 131072][0m
[33m[2026-09-20T00:37:11.058] [INFO] - [Starting direct file download in chunks of 131072 at 0, stride 131072][0m
[33m[2026-09-20T00:37:11.386] [INFO] - [Starting direct file download in chunks of 131072 at 0, stride 131072][0m
[33m[2026-09-20T00:37:11.566] [INFO] - [Starting direct file download in chunks of 131072 at 0, stride 131072][0m
[33m[2026-09-20T00:37:11.778] [INFO] - [Starting direct file download in chunks of 131072 at 0, stride 131072][0m
[33m[2026-09-20T00:37:12.015] [INFO] - [Starting direct file download in chunks of 131072 at 0, stride 131072][0m
[33m[2026-09-20T00:37:12.601] [INFO] - [Starting direct file download in chunks of 131072 at 0, stride 131072][0m
[33m[2026-09-20T00:37:12.816] [INFO] - [Starting direct file download in chunks of 131072 at 0, stride 131072][0m
[33m[2026-09-20T00:37:13.054] [INFO] - [Starting direct file download in chunks of 131072 at 0, stride 131072][0m
[33m[2026-09-20T00:37:13.869] [INFO] - [Starting direct file download in chunks of 131072 at 0, stride 131072][0m
[33m[2026-09-20T00:37:15.171] [INFO] - [Starting direct file download in chunks of 131072 at 0, stride 131072][0m
[33m[2026-09-20T00:37:15.171] [INFO] - [Connecting to 91.108.56.183:443/TCPFull...][0m
[33m[2026-09-20T00:37:15.238] [INFO] - [Connection to 91.108.56.183:443/TCPFull complete!][0m
[33m[2026-09-20T00:37:15.845] [INFO] - [Starting direct file download in chunks of 262144 at 0, stride 262144][0m
[33m[2026-09-20T00:37:16.066] [INFO] - [File lives in another DC][0m
[BatchRetranslate] Processed 3 messages, translated 0 for -1003821755044@telegram
[TG] Backfilled 0 new messages (total history: 48) for 6451398844@telegram
[BatchRetranslate] Processed 20 messages, translated 0 for 6451398844@telegram
[33m[2026-09-20T00:37:19.633] [INFO] - [Starting direct file download in chunks of 131072 at 0, stride 131072][0m
[33m[2026-09-20T00:37:20.464] [INFO] - [Starting direct file download in chunks of 131072 at 0, stride 131072][0m
[33m[2026-09-20T00:37:20.674] [INFO] - [Starting direct file download in chunks of 131072 at 0, stride 131072][0m
[33m[2026-09-20T00:37:21.304] [INFO] - [Starting direct file download in chunks of 131072 at 0, stride 131072][0m
[33m[2026-09-20T00:37:21.515] [INFO] - [Starting direct file download in chunks of 131072 at 0, stride 131072][0m
[33m[2026-09-20T00:37:22.359] [INFO] - [Starting direct file download in chunks of 131072 at 0, stride 131072][0m
[33m[2026-09-20T00:37:22.587] [INFO] - [Starting direct file download in chunks of 131072 at 0, stride 131072][0m
[33m[2026-09-20T00:37:23.481] [INFO] - [Starting direct file download in chunks of 131072 at 0, stride 131072][0m
[TG] Backfilled 0 new messages (total history: 45) for 3821755044@telegram
[33m[2026-09-20T00:37:23.620] [INFO] - [Starting direct file download in chunks of 131072 at 0, stride 131072][0m
[33m[2026-09-20T00:37:24.247] [INFO] - [Starting direct file download in chunks of 131072 at 0, stride 131072][0m
[BatchRetranslate] Processed 19 messages, translated 0 for 3821755044@telegram
[33m[2026-09-20T00:37:24.455] [INFO] - [Starting direct file download in chunks of 131072 at 0, stride 131072][0m
[Socket] User 1 connected (socket: C0Pd9qzacD2ritWNAADy)
[33m[2026-09-20T00:37:25.268] [INFO] - [Starting direct file download in chunks of 131072 at 0, stride 131072][0m
[Socket] User 1 connected (socket: iV9lwDZHyR_hRRizAAD0)
[WA Sync] wa_whatsapp1_mtc3zz7c synced 8 contacts
[33m[2026-09-20T00:37:26.297] [INFO] - [Starting direct file download in chunks of 131072 at 0, stride 131072][0m
[33m[2026-09-20T00:37:26.732] [INFO] - [Starting direct file download in chunks of 131072 at 0, stride 131072][0m
[TG] Backfilled 0 new messages (total history: 11) for 7325442846@telegram
[33m[2026-09-20T00:37:27.346] [INFO] - [Starting direct file download in chunks of 131072 at 0, stride 131072][0m
[33m[2026-09-20T00:37:27.547] [INFO] - [Starting direct file download in chunks of 131072 at 0, stride 131072][0m
[33m[2026-09-20T00:37:27.777] [INFO] - [Starting direct file download in chunks of 131072 at 0, stride 131072][0m
[BatchRetranslate] Processed 6 messages, translated 0 for 7325442846@telegram
[33m[2026-09-20T00:37:27.965] [INFO] - [Starting direct file download in chunks of 131072 at 0, stride 131072][0m
[33m[2026-09-20T00:37:28.592] [INFO] - [Starting direct file download in chunks of 131072 at 0, stride 131072][0m
[33m[2026-09-20T00:37:28.795] [INFO] - [Starting direct file download in chunks of 131072 at 0, stride 131072][0m
[WA Send] resolve default account failed: 
Invalid `prisma.whatsAppAccount.findFirst()` invocation:

{
  where: {
    userId: 1,
    platform: "whatsapp",
    instanceName: {
      not: null
    }
  },
  orderBy: {
    updatedAt: "desc",
    ~~~~~~~~~
?   id?: SortOrder,
?   userId?: SortOrder,
?   platform?: SortOrder,
?   phone?: SortOrder | SortOrderInput,
?   name?: SortOrder | SortOrderInput,
?   pushName?: SortOrder | SortOrderInput,
?   status?: SortOrder,
?   sessionDir?: SortOrder | SortOrderInput,
?   avatarUrl?: SortOrder | SortOrderInput,
?   telegramBotToken?: SortOrder | SortOrderInput,
?   telegramBotUsername?: SortOrder | SortOrderInput,
?   telegramBotInfo?: SortOrder | SortOrderInput,
?   telegramProxyProtocol?: SortOrder | SortOrderInput,
?   telegramProxyHost?: SortOrder | SortOrderInput,
?   telegramProxyPort?: SortOrder | SortOrderInput,
?   telegramProxyUser?: SortOrder | SortOrderInput,
?   telegramProxyPass?: SortOrder | SortOrderInput,
?   createdAt?: SortOrder,
?   lastActiveAt?: SortOrder | SortOrderInput,
?   instanceName?: SortOrder | SortOrderInput,
?   contacts?: ContactOrderByRelationAggregateInput,
?   conversations?: ConversationOrderByRelationAggregateInput,
?   messages?: MessageOrderByRelationAggregateInput,
?   user?: UserOrderByWithRelationInput
  },
  select: {
    id: true,
    instanceName: true
  }
}

Unknown argument `updatedAt`. Did you mean `createdAt`? Available options are marked with ?.
[33m[2026-09-20T00:37:29.042] [INFO] - [Starting direct file download in chunks of 131072 at 0, stride 131072][0m
[33m[2026-09-20T00:37:29.292] [INFO] - [Starting direct file download in chunks of 131072 at 0, stride 131072][0m
[33m[2026-09-20T00:37:29.835] [INFO] - [Starting direct file download in chunks of 131072 at 0, stride 131072][0m
[33m[2026-09-20T00:37:30.280] [INFO] - [Starting direct file download in chunks of 131072 at 0, stride 131072][0m
[33m[2026-09-20T00:37:30.919] [INFO] - [Starting direct file download in chunks of 131072 at 0, stride 131072][0m
[33m[2026-09-20T00:37:31.320] [INFO] - [Starting direct file download in chunks of 131072 at 0, stride 131072][0m
[33m[2026-09-20T00:37:31.731] [INFO] - [Starting direct file download in chunks of 131072 at 0, stride 131072][0m
[33m[2026-09-20T00:37:31.938] [INFO] - [Starting direct file download in chunks of 131072 at 0, stride 131072][0m
[33m[2026-09-20T00:37:32.214] [INFO] - [Starting direct file download in chunks of 131072 at 0, stride 131072][0m
[33m[2026-09-20T00:37:32.406] [INFO] - [Starting direct file download in chunks of 131072 at 0, stride 131072][0m
[33m[2026-09-20T00:37:32.583] [INFO] - [Starting direct file download in chunks of 131072 at 0, stride 131072][0m
[33m[2026-09-20T00:37:32.791] [INFO] - [Starting direct file download in chunks of 131072 at 0, stride 131072][0m
[33m[2026-09-20T00:37:33.045] [INFO] - [Starting direct file download in chunks of 131072 at 0, stride 131072][0m
[33m[2026-09-20T00:37:33.180] [INFO] - [Starting direct file download in chunks of 131072 at 0, stride 131072][0m
[33m[2026-09-20T00:37:33.615] [INFO] - [Starting direct file download in chunks of 131072 at 0, stride 131072][0m
[33m[2026-09-20T00:37:34.030] [INFO] - [Starting direct file download in chunks of 131072 at 0, stride 131072][0m
[33m[2026-09-20T00:37:36.279] [INFO] - [Starting direct file download in chunks of 131072 at 0, stride 131072][0m
[33m[2026-09-20T00:37:36.711] [INFO] - [Starting direct file download in chunks of 131072 at 0, stride 131072][0m
[33m[2026-09-20T00:37:37.154] [INFO] - [Starting direct file download in chunks of 131072 at 0, stride 131072][0m
[33m[2026-09-20T00:37:37.332] [INFO] - [Starting direct file download in chunks of 131072 at 0, stride 131072][0m
[33m[2026-09-20T00:37:37.546] [INFO] - [Starting direct file download in chunks of 131072 at 0, stride 131072][0m
[33m[2026-09-20T00:37:37.735] [INFO] - [Starting direct file download in chunks of 131072 at 0, stride 131072][0m
[33m[2026-09-20T00:37:37.941] [INFO] - [Starting direct file download in chunks of 131072 at 0, stride 131072][0m
[33m[2026-09-20T00:37:38.158] [INFO] - [Starting direct file download in chunks of 131072 at 0, stride 131072][0m
[33m[2026-09-20T00:37:38.558] [INFO] - [Starting direct file download in chunks of 131072 at 0, stride 131072][0m
[33m[2026-09-20T00:37:38.748] [INFO] - [Starting direct file download in chunks of 131072 at 0, stride 131072][0m
[33m[2026-09-20T00:37:38.959] [INFO] - [Starting direct file download in chunks of 131072 at 0, stride 131072][0m
[33m[2026-09-20T00:37:39.785] [INFO] - [Starting direct file download in chunks of 131072 at 0, stride 131072][0m
[33m[2026-09-20T00:37:47.209] [INFO] - [Starting direct file download in chunks of 131072 at 0, stride 131072][0m
[33m[2026-09-20T00:37:48.018] [INFO] - [Starting direct file download in chunks of 131072 at 0, stride 131072][0m
[33m[2026-09-20T00:37:48.240] [INFO] - [Starting direct file download in chunks of 131072 at 0, stride 131072][0m
[33m[2026-09-20T00:37:48.836] [INFO] - [Starting direct file download in chunks of 131072 at 0, stride 131072][0m
[33m[2026-09-20T00:37:49.037] [INFO] - [Starting direct file download in chunks of 131072 at 0, stride 131072][0m
[33m[2026-09-20T00:37:49.657] [INFO] - [Starting direct file download in chunks of 131072 at 0, stride 131072][0m
[33m[2026-09-20T00:37:49.856] [INFO] - [Starting direct file download in chunks of 131072 at 0, stride 131072][0m
[33m[2026-09-20T00:37:50.468] [INFO] - [Starting direct file download in chunks of 131072 at 0, stride 131072][0m
[33m[2026-09-20T00:37:50.679] [INFO] - [Starting direct file download in chunks of 131072 at 0, stride 131072][0m
[33m[2026-09-20T00:37:51.521] [INFO] - [Starting direct file download in chunks of 131072 at 0, stride 131072][0m
[33m[2026-09-20T00:37:56.476] [INFO] - [Starting direct file download in chunks of 262144 at 0, stride 262144][0m
[33m[2026-09-20T00:37:56.914] [INFO] - [File lives in another DC][0m
[Socket] User 1 disconnected (socket: C0Pd9qzacD2ritWNAADy, reason: transport close)
[Socket] User 1 disconnected (socket: iV9lwDZHyR_hRRizAAD0, reason: transport close)
[33m[2026-09-20T00:38:00.515] [INFO] - [Starting direct file download in chunks of 131072 at 0, stride 131072][0m
[33m[2026-09-20T00:38:01.663] [INFO] - [Starting direct file download in chunks of 131072 at 0, stride 131072][0m
[33m[2026-09-20T00:38:04.256] [INFO] - [Starting direct file download in chunks of 131072 at 0, stride 131072][0m
[33m[2026-09-20T00:38:04.676] [INFO] - [Starting direct file download in chunks of 131072 at 0, stride 131072][0m
[33m[2026-09-20T00:38:05.079] [INFO] - [Starting direct file download in chunks of 131072 at 0, stride 131072][0m
[33m[2026-09-20T00:38:05.279] [INFO] - [Starting direct file download in chunks of 131072 at 0, stride 131072][0m
[33m[2026-09-20T00:38:05.490] [INFO] - [Starting direct file download in chunks of 131072 at 0, stride 131072][0m
[33m[2026-09-20T00:38:05.697] [INFO] - [Starting direct file download in chunks of 131072 at 0, stride 131072][0m
[33m[2026-09-20T00:38:06.116] [INFO] - [Starting direct file download in chunks of 131072 at 0, stride 131072][0m
[33m[2026-09-20T00:38:06.282] [INFO] - [Starting direct file download in chunks of 131072 at 0, stride 131072][0m
[33m[2026-09-20T00:38:06.513] [INFO] - [Starting direct file download in chunks of 131072 at 0, stride 131072][0m
[33m[2026-09-20T00:38:07.107] [INFO] - [Starting direct file download in chunks of 131072 at 0, stride 131072][0m
[33m[2026-09-20T00:38:07.310] [INFO] - [Starting direct file download in chunks of 131072 at 0, stride 131072][0m
[33m[2026-09-20T00:38:08.147] [INFO] - [Starting direct file download in chunks of 131072 at 0, stride 131072][0m
[33m[2026-09-20T00:38:11.655] [INFO] - [Starting direct file download in chunks of 131072 at 0, stride 131072][0m
[33m[2026-09-20T00:38:12.082] [INFO] - [Starting direct file download in chunks of 131072 at 0, stride 131072][0m
[33m[2026-09-20T00:38:12.497] [INFO] - [Starting direct file download in chunks of 131072 at 0, stride 131072][0m
[33m[2026-09-20T00:38:12.684] [INFO] - [Starting direct file download in chunks of 131072 at 0, stride 131072][0m
[33m[2026-09-20T00:38:12.918] [INFO] - [Starting direct file download in chunks of 131072 at 0, stride 131072][0m
[33m[2026-09-20T00:38:13.104] [INFO] - [Starting direct file download in chunks of 131072 at 0, stride 131072][0m
[33m[2026-09-20T00:38:13.318] [INFO] - [Starting direct file download in chunks of 131072 at 0, stride 131072][0m
[33m[2026-09-20T00:38:13.516] [INFO] - [Starting direct file download in chunks of 131072 at 0, stride 131072][0m
[33m[2026-09-20T00:38:13.736] [INFO] - [Starting direct file download in chunks of 131072 at 0, stride 131072][0m
[33m[2026-09-20T00:38:13.933] [INFO] - [Starting direct file download in chunks of 131072 at 0, stride 131072][0m
[33m[2026-09-20T00:38:14.368] [INFO] - [Starting direct file download in chunks of 131072 at 0, stride 131072][0m
[33m[2026-09-20T00:38:14.768] [INFO] - [Starting direct file download in chunks of 131072 at 0, stride 131072][0m
[33m[2026-09-20T00:38:15.778] [INFO] - [Starting direct file download in chunks of 131072 at 0, stride 131072][0m
[33m[2026-09-20T00:38:16.266] [INFO] - [Starting direct file download in chunks of 131072 at 0, stride 131072][0m
[33m[2026-09-20T00:38:16.627] [INFO] - [Starting direct file download in chunks of 131072 at 0, stride 131072][0m
[33m[2026-09-20T00:38:16.834] [INFO] - [Starting direct file download in chunks of 131072 at 0, stride 131072][0m
[33m[2026-09-20T00:38:17.039] [INFO] - [Starting direct file download in chunks of 131072 at 0, stride 131072][0m
[33m[2026-09-20T00:38:17.240] [INFO] - [Starting direct file download in chunks of 131072 at 0, stride 131072][0m
[33m[2026-09-20T00:38:17.515] [INFO] - [Starting direct file download in chunks of 131072 at 0, stride 131072][0m
[33m[2026-09-20T00:38:17.684] [INFO] - [Starting direct file download in chunks of 131072 at 0, stride 131072][0m
[33m[2026-09-20T00:38:17.903] [INFO] - [Starting direct file download in chunks of 131072 at 0, stride 131072][0m
[33m[2026-09-20T00:38:18.153] [INFO] - [Starting direct file download in chunks of 131072 at 0, stride 131072][0m
[33m[2026-09-20T00:38:18.548] [INFO] - [Starting direct file download in chunks of 131072 at 0, stride 131072][0m
[Socket] User 1 connected (socket: fzn5lYSuzFOtySQSAAD2)
[33m[2026-09-20T00:38:18.941] [INFO] - [Starting direct file download in chunks of 131072 at 0, stride 131072][0m
[Socket] User 1 connected (socket: 7H13MFeogD6h_HGdAAD4)
[33m[2026-09-20T00:38:22.451] [INFO] - [Starting direct file download in chunks of 131072 at 0, stride 131072][0m
[33m[2026-09-20T00:38:22.881] [INFO] - [Starting direct file download in chunks of 131072 at 0, stride 131072][0m
[33m[2026-09-20T00:38:23.339] [INFO] - [Starting direct file download in chunks of 131072 at 0, stride 131072][0m
[33m[2026-09-20T00:38:23.540] [INFO] - [Starting direct file download in chunks of 131072 at 0, stride 131072][0m
[33m[2026-09-20T00:38:23.742] [INFO] - [Starting direct file download in chunks of 131072 at 0, stride 131072][0m
[WA Send] resolve default account failed: 
Invalid `prisma.whatsAppAccount.findFirst()` invocation:

{
  where: {
    userId: 1,
    platform: "whatsapp",
    instanceName: {
      not: null
    }
  },
  orderBy: {
    updatedAt: "desc",
    ~~~~~~~~~
?   id?: SortOrder,
?   userId?: SortOrder,
?   platform?: SortOrder,
?   phone?: SortOrder | SortOrderInput,
?   name?: SortOrder | SortOrderInput,
?   pushName?: SortOrder | SortOrderInput,
?   status?: SortOrder,
?   sessionDir?: SortOrder | SortOrderInput,
?   avatarUrl?: SortOrder | SortOrderInput,
?   telegramBotToken?: SortOrder | SortOrderInput,
?   telegramBotUsername?: SortOrder | SortOrderInput,
?   telegramBotInfo?: SortOrder | SortOrderInput,
?   telegramProxyProtocol?: SortOrder | SortOrderInput,
?   telegramProxyHost?: SortOrder | SortOrderInput,
?   telegramProxyPort?: SortOrder | SortOrderInput,
?   telegramProxyUser?: SortOrder | SortOrderInput,
?   telegramProxyPass?: SortOrder | SortOrderInput,
?   createdAt?: SortOrder,
?   lastActiveAt?: SortOrder | SortOrderInput,
?   instanceName?: SortOrder | SortOrderInput,
?   contacts?: ContactOrderByRelationAggregateInput,
?   conversations?: ConversationOrderByRelationAggregateInput,
?   messages?: MessageOrderByRelationAggregateInput,
?   user?: UserOrderByWithRelationInput
  },
  select: {
    id: true,
    instanceName: true
  }
}

Unknown argument `updatedAt`. Did you mean `createdAt`? Available options are marked with ?.
[33m[2026-09-20T00:38:23.955] [INFO] - [Starting direct file download in chunks of 131072 at 0, stride 131072][0m
[33m[2026-09-20T00:38:24.176] [INFO] - [Starting direct file download in chunks of 131072 at 0, stride 131072][0m
[33m[2026-09-20T00:38:24.374] [INFO] - [Starting direct file download in chunks of 131072 at 0, stride 131072][0m
[33m[2026-09-20T00:38:24.573] [INFO] - [Starting direct file download in chunks of 131072 at 0, stride 131072][0m
[33m[2026-09-20T00:38:24.777] [INFO] - [Starting direct file download in chunks of 131072 at 0, stride 131072][0m
[33m[2026-09-20T00:38:25.256] [INFO] - [Starting direct file download in chunks of 131072 at 0, stride 131072][0m
[33m[2026-09-20T00:38:25.489] [INFO] - [Starting direct file download in chunks of 131072 at 0, stride 131072][0m
[WA Sync] wa_whatsapp1_mtc3zz7c synced 8 contacts
[TG Backfill] media download error msgId=2813: -503: Timeout (caused by upload.GetFile)
[33m[2026-09-20T00:38:30.178] [INFO] - [Starting direct file download in chunks of 131072 at 0, stride 131072][0m
[33m[2026-09-20T00:38:30.603] [INFO] - [Starting direct file download in chunks of 131072 at 0, stride 131072][0m
[TG Backfill] media download error msgId=2813: -503: Timeout (caused by upload.GetFile)
[33m[2026-09-20T00:38:30.691] [INFO] - [Starting direct file download in chunks of 131072 at 0, stride 131072][0m
[33m[2026-09-20T00:38:30.834] [INFO] - [Starting direct file download in chunks of 131072 at 0, stride 131072][0m
[33m[2026-09-20T00:38:31.038] [INFO] - [Starting direct file download in chunks of 131072 at 0, stride 131072][0m
[33m[2026-09-20T00:38:31.242] [INFO] - [Starting direct file download in chunks of 131072 at 0, stride 131072][0m
[33m[2026-09-20T00:38:31.460] [INFO] - [Starting direct file download in chunks of 131072 at 0, stride 131072][0m
[33m[2026-09-20T00:38:31.658] [INFO] - [Starting direct file download in chunks of 131072 at 0, stride 131072][0m
[33m[2026-09-20T00:38:31.865] [INFO] - [Starting direct file download in chunks of 131072 at 0, stride 131072][0m
[33m[2026-09-20T00:38:32.284] [INFO] - [Starting direct file download in chunks of 131072 at 0, stride 131072][0m
[TG] Backfilled 0 new messages (total history: 100) for -1002964913883@telegram
[TG] Backfilled 0 new messages (total history: 100) for -1002964913883@telegram
[33m[2026-09-20T00:38:41.322] [INFO] - [Starting direct file download in chunks of 262144 at 0, stride 262144][0m
[33m[2026-09-20T00:38:41.527] [INFO] - [File lives in another DC][0m
[Auth] DB check failed: 
Invalid `prisma.user.findUnique()` invocation:


Too many database connections opened: FATAL: remaining connection slots are reserved for non-replication superuser connections
Prisma Accelerate has built-in connection pooling to prevent such errors: https://pris.ly/client/error-accelerate
[Auth] DB check failed: 
Invalid `prisma.user.findUnique()` invocation:


Too many database connections opened: FATAL: remaining connection slots are reserved for non-replication superuser connections
Prisma Accelerate has built-in connection pooling to prevent such errors: https://pris.ly/client/error-accelerate
[Socket] User 1 disconnected (socket: fzn5lYSuzFOtySQSAAD2, reason: transport close)
[Socket] User 1 disconnected (socket: 7H13MFeogD6h_HGdAAD4, reason: transport close)
[Socket] User 1 connected (socket: hJzjkX-Og9aX8DrxAAD6)
[Socket] User 1 connected (socket: FW46grRQbV9HkLpNAAD8)
[Socket] User 1 disconnected (socket: FW46grRQbV9HkLpNAAD8, reason: transport close)
[Socket] User 1 disconnected (socket: hJzjkX-Og9aX8DrxAAD6, reason: transport close)
[35m[2026-09-20T00:39:11.322] [WARN] - [Disconnecting...][0m
[33m[2026-09-20T00:39:11.322] [INFO] - [Disconnecting from 149.154.175.56:443/TCPFull...][0m
[33m[2026-09-20T00:39:11.322] [INFO] - [connection closed][0m
[Socket] User 1 connected (socket: Ki61JT4-H9EG4QCAAAD-)
[Socket] User 1 connected (socket: 2LIkrzwLvtW46jaFAAEA)
[WA Sync] wa_whatsapp1_mtc3zz7c synced 8 contacts
[TG] Backfilled 0 new messages (total history: 45) for -1003821755044@telegram
[Socket] User 1 disconnected (socket: 2LIkrzwLvtW46jaFAAEA, reason: transport close)
[Socket] User 1 disconnected (socket: Ki61JT4-H9EG4QCAAAD-, reason: transport close)
[35m[2026-09-20T00:40:00.501] [WARN] - [Disconnecting...][0m
[33m[2026-09-20T00:40:00.502] [INFO] - [Disconnecting from 91.108.56.183:443/TCPFull...][0m
[33m[2026-09-20T00:40:00.502] [INFO] - [connection closed][0m

[SIGTERM] Shutting down gracefully...
[Socket] User 1 disconnected (socket: fkc4XBZUy3R-4S72AABc, reason: server shutting down)
